station,distance,elevation
0+000,0,-4.000979424
0+000,1,-4.000979424
0+000,2,-4.000979424
0+000,3,-4.000979424
0+000,4,-4.000979424
0+000,5,-4.000979424
0+000,6,-4.000979424
0+000,7,-4.000979424
0+000,8,-4.000979424
0+000,9,-4.000979424
0+000,10,-4.000979424
0+000,11,-3.945542812
0+000,12,-3.945542812
0+000,13,-3.945542812
0+000,14,-3.945542812
0+000,15,-3.945542812
0+000,16,-3.945542812
0+000,17,-3.945542812
0+000,18,-3.945542812
0+000,19,-3.945542812
0+000,20,-3.945542812
0+000,21,-3.945542812
0+000,22,-3.945542812
0+000,23,-3.933047771
0+000,24,-3.933047771
0+000,25,-3.933047771
0+000,26,-3.933047771
0+000,27,-3.890695572
0+000,28,-3.890695572
0+000,29,-3.890695572
0+000,30,-3.890695572
0+000,31,-3.890695572
0+000,32,-3.890695572
0+000,33,-3.890695572
0+000,34,-3.890695572
0+000,35,-3.890695572
0+000,36,-3.878558874
0+000,37,-3.878558874
0+000,38,-3.878558874
0+000,39,-3.878558874
0+000,40,-3.878558874
0+000,41,-3.878558874
0+000,42,-3.878558874
0+000,43,-3.878558874
0+000,44,-3.836776733
0+000,45,-3.836776733
0+000,46,-3.836776733
0+000,47,-3.836776733
0+000,48,-3.825184584
0+000,49,-3.825184584
0+000,50,-3.825184584
0+000,51,-3.825184584
0+000,52,-3.825184584
0+000,53,-3.825184584
0+000,54,-3.825184584
0+000,55,-3.825184584
0+000,56,-3.825184584
0+000,57,-3.825184584
0+000,58,-3.825184584
0+000,59,-3.825184584
0+000,60,-3.825184584
0+000,61,-3.7730968
0+000,62,-3.7730968
0+000,63,-3.7730968
0+000,64,-3.7730968
0+000,65,-3.7730968
0+000,66,-3.7730968
0+000,67,-3.7730968
0+000,68,-3.7730968
0+000,69,-3.7730968
0+000,70,-3.7730968
0+000,71,-3.7730968
0+000,72,-3.7730968
0+000,73,-3.761180878
0+000,74,-3.761180878
0+000,75,-3.761180878
0+000,76,-3.761180878
0+000,77,-3.722098351
0+000,78,-3.722098351
0+000,79,-3.722098351
0+000,80,-3.722098351
0+000,81,-3.722098351
0+000,82,-3.722098351
0+000,83,-3.722098351
0+000,84,-3.722098351
0+000,85,-3.722098351
0+000,86,-3.709867716
0+000,87,-3.709867716
0+000,88,-3.709867716
0+000,89,-3.709867716
0+000,90,-3.709867716
0+000,91,-3.709867716
0+000,92,-3.709867716
0+000,93,-3.709867716
0+000,94,-3.672021627
0+000,95,-3.672021627
0+000,96,-3.672021627
0+000,97,-3.672021627
0+000,98,-3.659534216
0+000,99,-3.659534216
0+000,100,-3.659534216
0+000,101,-3.659534216
0+000,102,-3.659534216
0+000,103,-3.659534216
0+000,104,-3.659534216
0+000,105,-3.659534216
0+000,106,-3.659534216
0+000,107,-3.659534216
0+000,108,-3.659534216
0+000,109,-3.659534216
0+000,110,-3.659534216
0+000,111,-3.609750271
0+000,112,-3.609750271
0+000,113,-3.609750271
0+000,114,-3.609750271
0+000,115,-3.609750271
0+000,116,-3.609750271
0+000,117,-3.609750271
0+000,118,-3.609750271
0+000,119,-3.609750271
0+000,120,-3.609750271
0+000,121,-3.609750271
0+000,122,-3.609750271
0+000,123,-3.591723204
0+000,124,-3.591723204
0+000,125,-3.591723204
0+000,126,-3.591723204
0+000,127,-3.560175419
0+000,128,-3.560175419
0+000,129,-3.560175419
0+000,130,-3.560175419
0+000,131,-3.560175419
0+000,132,-3.560175419
0+000,133,-3.560175419
0+000,134,-3.560175419
0+000,135,-3.560175419
0+000,136,-3.540489197
0+000,137,-3.540489197
0+000,138,-3.540489197
0+000,139,-3.540489197
0+000,140,-3.540489197
0+000,141,-3.540489197
0+000,142,-3.540489197
0+000,143,-3.540489197
0+000,144,-3.510451317
0+000,145,-3.510451317
0+000,146,-3.510451317
0+000,147,-3.510451317
0+000,148,-3.488411903
0+000,149,-3.488411903
0+000,150,-3.488411903
0+000,151,-3.488411903
0+000,152,-3.488411903
0+000,153,-3.488411903
0+000,154,-3.488411903
0+000,155,-3.488411903
0+000,156,-3.488411903
0+000,157,-3.488411903
0+000,158,-3.488411903
0+000,159,-3.488411903
0+000,160,-3.488411903
0+000,161,-3.434126854
0+000,162,-3.434126854
0+000,163,-3.434126854
0+000,164,-3.434126854
0+000,165,-3.434126854
0+000,166,-3.434126854
0+000,167,-3.434126854
0+000,168,-3.434126854
0+000,169,-3.434126854
0+000,170,-3.434126854
0+000,171,-3.434126854
0+000,172,-3.434126854
0+000,173,-3.403413773
0+000,174,-3.403413773
0+000,175,-3.403413773
0+000,176,-3.403413773
0+000,177,-3.376689911
0+000,178,-3.376689911
0+000,179,-3.376689911
0+000,180,-3.376689911
0+000,181,-3.376689911
0+000,182,-3.376689911
0+000,183,-3.376689911
0+000,184,-3.376689911
0+000,185,-3.376689911
0+000,186,-3.344389439
0+000,187,-3.344389439
0+000,188,-3.344389439
0+000,189,-3.344389439
0+000,190,-3.344389439
0+000,191,-3.344389439
0+000,192,-3.344389439
0+000,193,-3.344389439
0+000,194,-3.317064047
0+000,195,-3.317064047
0+000,196,-3.317064047
0+000,197,-3.317064047
0+000,198,-3.285286903
0+000,199,-3.285286903
0+000,200,-3.285286903
0+000,201,-3.285286903
0+000,202,-3.285286903
0+000,203,-3.285286903
0+000,204,-3.285286903
0+000,205,-3.285286903
0+000,206,-3.285286903
0+000,207,-3.285286903
0+000,208,-3.285286903
0+000,209,-3.285286903
0+000,210,-3.257624388
0+000,211,-3.229611635
0+000,212,-3.229611635
0+000,213,-3.229611635
0+000,214,-3.229611635
0+000,215,-3.229611635
0+000,216,-3.229611635
0+000,217,-3.229611635
0+000,218,-3.229611635
0+000,219,-3.229611635
0+000,220,-3.229611635
0+000,221,-3.229611635
0+000,222,-3.229611635
0+000,223,-3.204348326
0+000,224,-3.204348326
0+000,225,-3.204348326
0+000,226,-3.204348326
0+000,227,-3.182250261
0+000,228,-3.182250261
0+000,229,-3.182250261
0+000,230,-3.182250261
0+000,231,-3.182250261
0+000,232,-3.182250261
0+000,233,-3.182250261
0+000,234,-3.182250261
0+000,235,-3.182250261
0+000,236,-3.163785458
0+000,237,-3.163785458
0+000,238,-3.163785458
0+000,239,-3.163785458
0+000,240,-3.163785458
0+000,241,-3.163785458
0+000,242,-3.163785458
0+000,243,-3.163785458
0+000,244,-3.148626804
0+000,245,-3.148626804
0+000,246,-3.148626804
0+000,247,-3.148626804
0+000,248,-3.128491402
0+000,249,-3.128491402
0+000,250,-3.128491402
0+000,251,-3.128491402
0+000,252,-3.128491402
0+000,253,-3.128491402
0+000,254,-3.128491402
0+000,255,-3.128491402
0+000,256,-3.128491402
0+000,257,-3.128491402
0+000,258,-3.128491402
0+000,259,-3.128491402
0+000,260,-3.101657629
0+000,261,-3.097352505
0+000,262,-3.097352505
0+000,263,-3.097352505
0+000,264,-3.097352505
0+000,265,-3.097352505
0+000,266,-3.097352505
0+000,267,-3.097352505
0+000,268,-3.097352505
0+000,269,-3.097352505
0+000,270,-3.097352505
0+000,271,-3.097352505
0+000,272,-3.097352505
0+000,273,-3.039562225
0+000,274,-3.039562225
0+000,275,-3.039562225
0+000,276,-3.039562225
0+000,277,-2.933407307
0+000,278,-2.933407307
0+000,279,-2.933407307
0+000,280,-2.933407307
0+000,281,-2.933407307
0+000,282,-2.933407307
0+000,283,-2.933407307
0+000,284,-2.933407307
0+000,285,-2.933407307
0+000,286,-2.912786007
0+000,287,-2.912786007
0+000,288,-2.912786007
0+000,289,-2.912786007
0+000,290,-2.912786007
0+000,291,-2.912786007
0+000,292,-2.912786007
0+000,293,-2.912786007
0+000,294,-2.798346996
0+000,295,-2.798346996
0+000,296,-2.798346996
0+000,297,-2.798346996
0+000,298,-2.755946636
0+000,299,-2.755946636
0+000,300,-2.755946636
0+000,301,-2.755946636
0+000,302,-2.755946636
0+000,303,-2.755946636
0+000,304,-2.755946636
0+000,305,-2.755946636
0+000,306,-2.755946636
0+000,307,-2.755946636
0+000,308,-2.755946636
0+000,309,-2.755946636
0+000,310,-2.727044106
0+000,311,-2.735150337
0+000,312,-2.735150337
0+000,313,-2.735150337
0+000,314,-2.735150337
0+000,315,-2.735150337
0+000,316,-2.735150337
0+000,317,-2.735150337
0+000,318,-2.735150337
0+000,319,-2.735150337
0+000,320,-2.735150337
0+000,321,-2.735150337
0+000,322,-2.735150337
0+000,323,-2.693806171
0+000,324,-2.693806171
0+000,325,-2.693806171
0+000,326,-2.693806171
0+000,327,-2.656684875
0+000,328,-2.656684875
0+000,329,-2.656684875
0+000,330,-2.656684875
0+000,331,-2.656684875
0+000,332,-2.656684875
0+000,333,-2.656684875
0+000,334,-2.656684875
0+000,335,-2.656684875
0+000,336,-2.611621618
0+000,337,-2.611621618
0+000,338,-2.611621618
0+000,339,-2.611621618
0+000,340,-2.611621618
0+000,341,-2.611621618
0+000,342,-2.611621618
0+000,343,-2.611621618
0+000,344,-2.568267822
0+000,345,-2.568267822
0+000,346,-2.568267822
0+000,347,-2.568267822
0+000,348,-2.517407656
0+000,349,-2.517407656
0+000,350,-2.517407656
0+000,351,-2.517407656
0+000,352,-2.517407656
0+000,353,-2.517407656
0+000,354,-2.517407656
0+000,355,-2.517407656
0+000,356,-2.517407656
0+000,357,-2.517407656
0+000,358,-2.517407656
0+000,359,-2.517407656
0+000,360,-2.465149403
0+000,361,-2.407687664
0+000,362,-2.407687664
0+000,363,-2.407687664
0+000,364,-2.407687664
0+000,365,-2.407687664
0+000,366,-2.407687664
0+000,367,-2.407687664
0+000,368,-2.407687664
0+000,369,-2.407687664
0+000,370,-2.407687664
0+000,371,-2.407687664
0+000,372,-2.407687664
0+000,373,-2.342267513
0+000,374,-2.342267513
0+000,375,-2.342267513
0+000,376,-2.342267513
0+000,377,-2.287575722
0+000,378,-2.287575722
0+000,379,-2.287575722
0+000,380,-2.287575722
0+000,381,-2.287575722
0+000,382,-2.287575722
0+000,383,-2.287575722
0+000,384,-2.287575722
0+000,385,-2.287575722
0+000,386,-2.209312439
0+000,387,-2.209312439
0+000,388,-2.209312439
0+000,389,-2.209312439
0+000,390,-2.209312439
0+000,391,-2.209312439
0+000,392,-2.209312439
0+000,393,-2.156630039
0+000,394,-2.156630039
0+000,395,-2.156630039
0+000,396,-2.156630039
0+000,397,-2.156630039
0+000,398,-2.055112839
0+000,399,-2.055112839
0+000,400,-2.055112839
0+000,401,-2.055112839
0+000,402,-2.055112839
0+000,403,-2.055112839
0+000,404,-2.055112839
0+000,405,-2.055112839
0+000,406,-2.055112839
0+000,407,-2.055112839
0+000,408,-2.055112839
0+000,409,-2.055112839
0+000,410,-1.994484305
0+000,411,-1.851088524
0+000,412,-1.851088524
0+000,413,-1.851088524
0+000,414,-1.851088524
0+000,415,-1.851088524
0+000,416,-1.851088524
0+000,417,-1.851088524
0+000,418,-1.851088524
0+000,419,-1.851088524
0+000,420,-1.851088524
0+000,421,-1.851088524
0+000,422,-1.851088524
0+000,423,-1.646541357
0+000,424,-1.646541357
0+000,425,-1.646541357
0+000,426,-1.646541357
0+000,427,-1.546672344
0+000,428,-1.546672344
0+000,429,-1.546672344
0+000,430,-1.546672344
0+000,431,-1.546672344
0+000,432,-1.546672344
0+000,433,-1.546672344
0+000,434,-1.546672344
0+000,435,-1.546672344
0+000,436,-1.242934227
0+000,437,-1.242934227
0+000,438,-1.242934227
0+000,439,-1.242934227
0+000,440,-1.242934227
0+000,441,-1.242934227
0+000,442,-1.242934227
0+000,443,-1.00050354
0+000,444,-1.00050354
0+000,445,-1.00050354
0+000,446,-1.00050354
0+000,447,-1.00050354
0+000,448,-0.599052489
0+000,449,-0.599052489
0+000,450,-0.599052489
0+000,451,-0.599052489
0+000,452,-0.599052489
0+000,453,-0.599052489
0+000,454,-0.599052489
0+000,455,-0.599052489
0+000,456,-0.599052489
0+000,457,-0.599052489
0+000,458,-0.599052489
0+000,459,-0.599052489
0+000,460,-0.405859202
0+000,461,-0.215245128
0+000,462,-0.215245128
0+000,463,-0.215245128
0+000,464,-0.215245128
0+000,465,-0.215245128
0+000,466,-0.215245128
0+000,467,-0.215245128
0+000,468,-0.215245128
0+000,469,-0.215245128
0+000,470,-0.215245128
0+000,471,-0.215245128
0+000,472,-0.215245128
0+000,473,-0.091398671
0+000,474,-0.091398671
0+000,475,-0.091398671
0+000,476,-0.091398671
0+000,477,0.001805899
0+000,478,0.001805899
0+000,479,0.001805899
0+000,480,0.001805899
0+000,481,0.001805899
0+000,482,0.001805899
0+000,483,0.001805899
0+000,484,0.001805899
0+000,485,0.001805899
0+000,486,0.018494939
0+000,487,0.018494939
0+000,488,0.018494939
0+000,489,0.018494939
0+000,490,0.018494939
0+000,491,0.018494939
0+000,492,0.018494939
0+000,493,0.105424553
0+000,494,0.105424553
0+000,495,0.105424553
0+000,496,0.105424553
0+000,497,0.105424553
0+000,498,0.105424553
0+000,499,0.105424553
0+000,500,0.105424553
0+100,0,-4.230599403
0+100,1,-4.169337273
0+100,2,-4.169337273
0+100,3,-4.169337273
0+100,4,-4.169337273
0+100,5,-4.169337273
0+100,6,-4.169337273
0+100,7,-4.169337273
0+100,8,-4.169337273
0+100,9,-4.169337273
0+100,10,-4.169337273
0+100,11,-4.169337273
0+100,12,-4.169337273
0+100,13,-4.146645069
0+100,14,-4.146645069
0+100,15,-4.146645069
0+100,16,-4.146645069
0+100,17,-4.146645069
0+100,18,-4.10669136
0+100,19,-4.10669136
0+100,20,-4.10669136
0+100,21,-4.10669136
0+100,22,-4.10669136
0+100,23,-4.10669136
0+100,24,-4.10669136
0+100,25,-4.10669136
0+100,26,-4.082364082
0+100,27,-4.082364082
0+100,28,-4.082364082
0+100,29,-4.082364082
0+100,30,-4.082364082
0+100,31,-4.082364082
0+100,32,-4.082364082
0+100,33,-4.082364082
0+100,34,-4.042826653
0+100,35,-4.042826653
0+100,36,-4.042826653
0+100,37,-4.042826653
0+100,38,-4.016710758
0+100,39,-4.016710758
0+100,40,-4.016710758
0+100,41,-4.016710758
0+100,42,-4.016710758
0+100,43,-4.016710758
0+100,44,-4.016710758
0+100,45,-4.016710758
0+100,46,-4.016710758
0+100,47,-4.016710758
0+100,48,-4.016710758
0+100,49,-4.016710758
0+100,50,-4.016710758
0+100,51,-3.949820518
0+100,52,-3.949820518
0+100,53,-3.949820518
0+100,54,-3.949820518
0+100,55,-3.949820518
0+100,56,-3.949820518
0+100,57,-3.949820518
0+100,58,-3.949820518
0+100,59,-3.949820518
0+100,60,-3.949820518
0+100,61,-3.949820518
0+100,62,-3.949820518
0+100,63,-3.91950655
0+100,64,-3.91950655
0+100,65,-3.91950655
0+100,66,-3.91950655
0+100,67,-3.881855488
0+100,68,-3.881855488
0+100,69,-3.881855488
0+100,70,-3.881855488
0+100,71,-3.881855488
0+100,72,-3.881855488
0+100,73,-3.881855488
0+100,74,-3.881855488
0+100,75,-3.881855488
0+100,76,-3.849545956
0+100,77,-3.849545956
0+100,78,-3.849545956
0+100,79,-3.849545956
0+100,80,-3.849545956
0+100,81,-3.849545956
0+100,82,-3.849545956
0+100,83,-3.849545956
0+100,84,-3.813035011
0+100,85,-3.813035011
0+100,86,-3.813035011
0+100,87,-3.813035011
0+100,88,-3.77879715
0+100,89,-3.77879715
0+100,90,-3.77879715
0+100,91,-3.77879715
0+100,92,-3.77879715
0+100,93,-3.77879715
0+100,94,-3.77879715
0+100,95,-3.77879715
0+100,96,-3.77879715
0+100,97,-3.77879715
0+100,98,-3.77879715
0+100,99,-3.77879715
0+100,100,-3.77879715
0+100,101,-3.707636833
0+100,102,-3.707636833
0+100,103,-3.707636833
0+100,104,-3.707636833
0+100,105,-3.707636833
0+100,106,-3.707636833
0+100,107,-3.707636833
0+100,108,-3.707636833
0+100,109,-3.707636833
0+100,110,-3.707636833
0+100,111,-3.707636833
0+100,112,-3.707636833
0+100,113,-3.669788837
0+100,114,-3.669788837
0+100,115,-3.669788837
0+100,116,-3.669788837
0+100,117,-3.636522532
0+100,118,-3.636522532
0+100,119,-3.636522532
0+100,120,-3.636522532
0+100,121,-3.636522532
0+100,122,-3.636522532
0+100,123,-3.636522532
0+100,124,-3.636522532
0+100,125,-3.636522532
0+100,126,-3.597309113
0+100,127,-3.597309113
0+100,128,-3.597309113
0+100,129,-3.597309113
0+100,130,-3.597309113
0+100,131,-3.597309113
0+100,132,-3.597309113
0+100,133,-3.597309113
0+100,134,-3.565939426
0+100,135,-3.565939426
0+100,136,-3.565939426
0+100,137,-3.565939426
0+100,138,-3.525538445
0+100,139,-3.525538445
0+100,140,-3.525538445
0+100,141,-3.525538445
0+100,142,-3.525538445
0+100,143,-3.525538445
0+100,144,-3.525538445
0+100,145,-3.525538445
0+100,146,-3.525538445
0+100,147,-3.525538445
0+100,148,-3.525538445
0+100,149,-3.525538445
0+100,150,-3.525538445
0+100,151,-3.454942703
0+100,152,-3.454942703
0+100,153,-3.454942703
0+100,154,-3.454942703
0+100,155,-3.454942703
0+100,156,-3.454942703
0+100,157,-3.454942703
0+100,158,-3.454942703
0+100,159,-3.454942703
0+100,160,-3.454942703
0+100,161,-3.454942703
0+100,162,-3.454942703
0+100,163,-3.410821915
0+100,164,-3.410821915
0+100,165,-3.410821915
0+100,166,-3.410821915
0+100,167,-3.386104107
0+100,168,-3.386104107
0+100,169,-3.386104107
0+100,170,-3.386104107
0+100,171,-3.386104107
0+100,172,-3.386104107
0+100,173,-3.386104107
0+100,174,-3.386104107
0+100,175,-3.386104107
0+100,176,-3.340613842
0+100,177,-3.340613842
0+100,178,-3.340613842
0+100,179,-3.340613842
0+100,180,-3.340613842
0+100,181,-3.340613842
0+100,182,-3.340613842
0+100,183,-3.340613842
0+100,184,-3.319897652
0+100,185,-3.319897652
0+100,186,-3.319897652
0+100,187,-3.319897652
0+100,188,-3.273339748
0+100,189,-3.273339748
0+100,190,-3.273339748
0+100,191,-3.273339748
0+100,192,-3.273339748
0+100,193,-3.273339748
0+100,194,-3.273339748
0+100,195,-3.273339748
0+100,196,-3.273339748
0+100,197,-3.273339748
0+100,198,-3.273339748
0+100,199,-3.273339748
0+100,200,-3.273339748
0+100,201,-3.210771084
0+100,202,-3.210771084
0+100,203,-3.210771084
0+100,204,-3.210771084
0+100,205,-3.210771084
0+100,206,-3.210771084
0+100,207,-3.210771084
0+100,208,-3.210771084
0+100,209,-3.210771084
0+100,210,-3.210771084
0+100,211,-3.210771084
0+100,212,-3.210771084
0+100,213,-3.159567833
0+100,214,-3.159567833
0+100,215,-3.159567833
0+100,216,-3.159567833
0+100,217,-3.155303001
0+100,218,-3.155303001
0+100,219,-3.155303001
0+100,220,-3.155303001
0+100,221,-3.155303001
0+100,222,-3.155303001
0+100,223,-3.155303001
0+100,224,-3.155303001
0+100,225,-3.155303001
0+100,226,-3.105538607
0+100,227,-3.105538607
0+100,228,-3.105538607
0+100,229,-3.105538607
0+100,230,-3.105538607
0+100,231,-3.105538607
0+100,232,-3.105538607
0+100,233,-3.105538607
0+100,234,-3.109436035
0+100,235,-3.109436035
0+100,236,-3.109436035
0+100,237,-3.109436035
0+100,238,-3.062815666
0+100,239,-3.062815666
0+100,240,-3.062815666
0+100,241,-3.062815666
0+100,242,-3.062815666
0+100,243,-3.062815666
0+100,244,-3.062815666
0+100,245,-3.062815666
0+100,246,-3.062815666
0+100,247,-3.062815666
0+100,248,-3.062815666
0+100,249,-3.062815666
0+100,250,-3.074436188
0+100,251,-3.031304598
0+100,252,-3.031304598
0+100,253,-3.031304598
0+100,254,-3.031304598
0+100,255,-3.031304598
0+100,256,-3.031304598
0+100,257,-3.031304598
0+100,258,-3.031304598
0+100,259,-3.031304598
0+100,260,-3.031304598
0+100,261,-3.031304598
0+100,262,-3.031304598
0+100,263,-2.98371315
0+100,264,-2.98371315
0+100,265,-2.98371315
0+100,266,-2.98371315
0+100,267,-3.004370928
0+100,268,-3.004370928
0+100,269,-3.004370928
0+100,270,-3.004370928
0+100,271,-3.004370928
0+100,272,-3.004370928
0+100,273,-3.004370928
0+100,274,-3.004370928
0+100,275,-3.004370928
0+100,276,-2.953100681
0+100,277,-2.953100681
0+100,278,-2.953100681
0+100,279,-2.953100681
0+100,280,-2.953100681
0+100,281,-2.953100681
0+100,282,-2.953100681
0+100,283,-2.953100681
0+100,284,-2.964069843
0+100,285,-2.964069843
0+100,286,-2.964069843
0+100,287,-2.964069843
0+100,288,-2.897227764
0+100,289,-2.897227764
0+100,290,-2.897227764
0+100,291,-2.897227764
0+100,292,-2.897227764
0+100,293,-2.897227764
0+100,294,-2.897227764
0+100,295,-2.897227764
0+100,296,-2.897227764
0+100,297,-2.897227764
0+100,298,-2.897227764
0+100,299,-2.897227764
0+100,300,-2.878756046
0+100,301,-2.778052092
0+100,302,-2.778052092
0+100,303,-2.778052092
0+100,304,-2.778052092
0+100,305,-2.778052092
0+100,306,-2.778052092
0+100,307,-2.778052092
0+100,308,-2.778052092
0+100,309,-2.778052092
0+100,310,-2.778052092
0+100,311,-2.778052092
0+100,312,-2.778052092
0+100,313,-2.623497009
0+100,314,-2.623497009
0+100,315,-2.623497009
0+100,316,-2.623497009
0+100,317,-2.529770613
0+100,318,-2.529770613
0+100,319,-2.529770613
0+100,320,-2.529770613
0+100,321,-2.529770613
0+100,322,-2.529770613
0+100,323,-2.529770613
0+100,324,-2.529770613
0+100,325,-2.529770613
0+100,326,-2.306777477
0+100,327,-2.306777477
0+100,328,-2.306777477
0+100,329,-2.306777477
0+100,330,-2.306777477
0+100,331,-2.306777477
0+100,332,-2.306777477
0+100,333,-2.306777477
0+100,334,-1.990464091
0+100,335,-1.990464091
0+100,336,-1.990464091
0+100,337,-1.990464091
0+100,338,-1.847519755
0+100,339,-1.847519755
0+100,340,-1.847519755
0+100,341,-1.847519755
0+100,342,-1.847519755
0+100,343,-1.847519755
0+100,344,-1.847519755
0+100,345,-1.847519755
0+100,346,-1.847519755
0+100,347,-1.847519755
0+100,348,-1.847519755
0+100,349,-1.847519755
0+100,350,-1.924347639
0+100,351,-1.883838892
0+100,352,-1.883838892
0+100,353,-1.883838892
0+100,354,-1.883838892
0+100,355,-1.883838892
0+100,356,-1.883838892
0+100,357,-1.883838892
0+100,358,-1.883838892
0+100,359,-1.883838892
0+100,360,-1.883838892
0+100,361,-1.883838892
0+100,362,-1.883838892
0+100,363,-1.892410517
0+100,364,-1.892410517
0+100,365,-1.892410517
0+100,366,-1.892410517
0+100,367,-2.067752361
0+100,368,-2.067752361
0+100,369,-2.067752361
0+100,370,-2.067752361
0+100,371,-2.067752361
0+100,372,-2.067752361
0+100,373,-2.067752361
0+100,374,-2.067752361
0+100,375,-2.067752361
0+100,376,-2.10487318
0+100,377,-2.10487318
0+100,378,-2.10487318
0+100,379,-2.10487318
0+100,380,-2.10487318
0+100,381,-2.10487318
0+100,382,-2.10487318
0+100,383,-2.10487318
0+100,384,-2.248347282
0+100,385,-2.248347282
0+100,386,-2.248347282
0+100,387,-2.248347282
0+100,388,-2.217662334
0+100,389,-2.217662334
0+100,390,-2.217662334
0+100,391,-2.217662334
0+100,392,-2.217662334
0+100,393,-2.217662334
0+100,394,-2.217662334
0+100,395,-2.217662334
0+100,396,-2.217662334
0+100,397,-2.217662334
0+100,398,-2.217662334
0+100,399,-2.217662334
0+100,400,-2.196702957
0+100,401,-2.118205547
0+100,402,-2.118205547
0+100,403,-2.118205547
0+100,404,-2.118205547
0+100,405,-2.118205547
0+100,406,-2.118205547
0+100,407,-2.118205547
0+100,408,-2.118205547
0+100,409,-2.118205547
0+100,410,-2.118205547
0+100,411,-2.118205547
0+100,412,-2.118205547
0+100,413,-1.986488342
0+100,414,-1.986488342
0+100,415,-1.986488342
0+100,416,-1.986488342
0+100,417,-1.789439201
0+100,418,-1.789439201
0+100,419,-1.789439201
0+100,420,-1.789439201
0+100,421,-1.789439201
0+100,422,-1.789439201
0+100,423,-1.789439201
0+100,424,-1.789439201
0+100,425,-1.789439201
0+100,426,-1.492084265
0+100,427,-1.492084265
0+100,428,-1.492084265
0+100,429,-1.492084265
0+100,430,-1.492084265
0+100,431,-1.492084265
0+100,432,-1.492084265
0+100,433,-1.127586842
0+100,434,-1.127586842
0+100,435,-1.127586842
0+100,436,-1.127586842
0+100,437,-1.127586842
0+100,438,-0.576031804
0+100,439,-0.576031804
0+100,440,-0.576031804
0+100,441,-0.576031804
0+100,442,-0.576031804
0+100,443,-0.576031804
0+100,444,-0.576031804
0+100,445,-0.576031804
0+100,446,-0.576031804
0+100,447,-0.576031804
0+100,448,-0.576031804
0+100,449,-0.576031804
0+100,450,-0.128687829
0+100,451,0.563957572
0+100,452,0.563957572
0+100,453,0.563957572
0+100,454,0.563957572
0+100,455,0.563957572
0+100,456,0.563957572
0+100,457,0.563957572
0+100,458,0.563957572
0+100,459,0.563957572
0+100,460,0.563957572
0+100,461,0.563957572
0+100,462,0.563957572
0+100,463,1.304696798
0+100,464,1.304696798
0+100,465,1.304696798
0+100,466,1.304696798
0+100,467,1.330551744
0+100,468,1.330551744
0+100,469,1.330551744
0+100,470,1.330551744
0+100,471,1.330551744
0+100,472,1.330551744
0+100,473,1.330551744
0+100,474,1.330551744
0+100,475,1.330551744
0+100,476,1.714529991
0+100,477,1.714529991
0+100,478,1.714529991
0+100,479,1.714529991
0+100,480,1.714529991
0+100,481,1.714529991
0+100,482,1.714529991
0+100,483,1.519791365
0+100,484,1.519791365
0+100,485,1.519791365
0+100,486,1.519791365
0+100,487,1.519791365
0+100,488,1.698049784
0+100,489,1.698049784
0+100,490,1.698049784
0+100,491,1.698049784
0+100,492,1.698049784
0+100,493,1.698049784
0+100,494,1.698049784
0+100,495,1.698049784
0+100,496,1.698049784
0+100,497,1.698049784
0+100,498,1.698049784
0+100,499,1.698049784
0+100,500,1.391036749
0+200,0,-4.334472656
0+200,1,-4.334472656
0+200,2,-4.334472656
0+200,3,-4.303159714
0+200,4,-4.303159714
0+200,5,-4.303159714
0+200,6,-4.303159714
0+200,7,-4.303159714
0+200,8,-4.265496254
0+200,9,-4.265496254
0+200,10,-4.265496254
0+200,11,-4.265496254
0+200,12,-4.265496254
0+200,13,-4.265496254
0+200,14,-4.265496254
0+200,15,-4.231631756
0+200,16,-4.231631756
0+200,17,-4.231631756
0+200,18,-4.231631756
0+200,19,-4.231631756
0+200,20,-4.231631756
0+200,21,-4.231631756
0+200,22,-4.231631756
0+200,23,-4.231631756
0+200,24,-4.19333744
0+200,25,-4.19333744
0+200,26,-4.19333744
0+200,27,-4.19333744
0+200,28,-4.156740189
0+200,29,-4.156740189
0+200,30,-4.156740189
0+200,31,-4.156740189
0+200,32,-4.156740189
0+200,33,-4.156740189
0+200,34,-4.156740189
0+200,35,-4.156740189
0+200,36,-4.156740189
0+200,37,-4.156740189
0+200,38,-4.156740189
0+200,39,-4.156740189
0+200,40,-4.117623329
0+200,41,-4.078546047
0+200,42,-4.078546047
0+200,43,-4.078546047
0+200,44,-4.078546047
0+200,45,-4.078546047
0+200,46,-4.078546047
0+200,47,-4.078546047
0+200,48,-4.078546047
0+200,49,-4.078546047
0+200,50,-4.078546047
0+200,51,-4.078546047
0+200,52,-4.078546047
0+200,53,-4.036329746
0+200,54,-4.036329746
0+200,55,-4.036329746
0+200,56,-4.036329746
0+200,57,-4.036329746
0+200,58,-3.997191906
0+200,59,-3.997191906
0+200,60,-3.997191906
0+200,61,-3.997191906
0+200,62,-3.997191906
0+200,63,-3.997191906
0+200,64,-3.997191906
0+200,65,-3.951732397
0+200,66,-3.951732397
0+200,67,-3.951732397
0+200,68,-3.951732397
0+200,69,-3.951732397
0+200,70,-3.951732397
0+200,71,-3.951732397
0+200,72,-3.951732397
0+200,73,-3.951732397
0+200,74,-3.912901163
0+200,75,-3.912901163
0+200,76,-3.912901163
0+200,77,-3.912901163
0+200,78,-3.864089012
0+200,79,-3.864089012
0+200,80,-3.864089012
0+200,81,-3.864089012
0+200,82,-3.864089012
0+200,83,-3.864089012
0+200,84,-3.864089012
0+200,85,-3.864089012
0+200,86,-3.864089012
0+200,87,-3.864089012
0+200,88,-3.864089012
0+200,89,-3.864089012
0+200,90,-3.812239408
0+200,91,-3.773755312
0+200,92,-3.773755312
0+200,93,-3.773755312
0+200,94,-3.773755312
0+200,95,-3.773755312
0+200,96,-3.773755312
0+200,97,-3.773755312
0+200,98,-3.773755312
0+200,99,-3.773755312
0+200,100,-3.773755312
0+200,101,-3.773755312
0+200,102,-3.773755312
0+200,103,-3.718416691
0+200,104,-3.718416691
0+200,105,-3.718416691
0+200,106,-3.718416691
0+200,107,-3.681159496
0+200,108,-3.681159496
0+200,109,-3.681159496
0+200,110,-3.681159496
0+200,111,-3.681159496
0+200,112,-3.681159496
0+200,113,-3.681159496
0+200,114,-3.681159496
0+200,115,-3.622370481
0+200,116,-3.622370481
0+200,117,-3.622370481
0+200,118,-3.622370481
0+200,119,-3.622370481
0+200,120,-3.622370481
0+200,121,-3.622370481
0+200,122,-3.622370481
0+200,123,-3.622370481
0+200,124,-3.586764336
0+200,125,-3.586764336
0+200,126,-3.586764336
0+200,127,-3.586764336
0+200,128,-3.524608374
0+200,129,-3.524608374
0+200,130,-3.524608374
0+200,131,-3.524608374
0+200,132,-3.524608374
0+200,133,-3.524608374
0+200,134,-3.524608374
0+200,135,-3.524608374
0+200,136,-3.524608374
0+200,137,-3.524608374
0+200,138,-3.524608374
0+200,139,-3.524608374
0+200,140,-3.459488392
0+200,141,-3.425593615
0+200,142,-3.425593615
0+200,143,-3.425593615
0+200,144,-3.425593615
0+200,145,-3.425593615
0+200,146,-3.425593615
0+200,147,-3.425593615
0+200,148,-3.425593615
0+200,149,-3.425593615
0+200,150,-3.425593615
0+200,151,-3.425593615
0+200,152,-3.425593615
0+200,153,-3.35717535
0+200,154,-3.35717535
0+200,155,-3.35717535
0+200,156,-3.35717535
0+200,157,-3.325680733
0+200,158,-3.325680733
0+200,159,-3.325680733
0+200,160,-3.325680733
0+200,161,-3.325680733
0+200,162,-3.325680733
0+200,163,-3.325680733
0+200,164,-3.325680733
0+200,165,-3.253952265
0+200,166,-3.253952265
0+200,167,-3.253952265
0+200,168,-3.253952265
0+200,169,-3.253952265
0+200,170,-3.253952265
0+200,171,-3.253952265
0+200,172,-3.253952265
0+200,173,-3.253952265
0+200,174,-3.225096703
0+200,175,-3.225096703
0+200,176,-3.225096703
0+200,177,-3.225096703
0+200,178,-3.149971724
0+200,179,-3.149971724
0+200,180,-3.149971724
0+200,181,-3.149971724
0+200,182,-3.149971724
0+200,183,-3.149971724
0+200,184,-3.149971724
0+200,185,-3.149971724
0+200,186,-3.149971724
0+200,187,-3.149971724
0+200,188,-3.149971724
0+200,189,-3.149971724
0+200,190,-3.071327686
0+200,191,-3.04541254
0+200,192,-3.04541254
0+200,193,-3.04541254
0+200,194,-3.04541254
0+200,195,-3.04541254
0+200,196,-3.04541254
0+200,197,-3.04541254
0+200,198,-3.04541254
0+200,199,-3.04541254
0+200,200,-3.04541254
0+200,201,-3.04541254
0+200,202,-3.04541254
0+200,203,-2.962922573
0+200,204,-2.962922573
0+200,205,-2.962922573
0+200,206,-2.962922573
0+200,207,-2.940804005
0+200,208,-2.940804005
0+200,209,-2.940804005
0+200,210,-2.940804005
0+200,211,-2.940804005
0+200,212,-2.940804005
0+200,213,-2.940804005
0+200,214,-2.940804005
0+200,215,-2.854438543
0+200,216,-2.854438543
0+200,217,-2.854438543
0+200,218,-2.854438543
0+200,219,-2.854438543
0+200,220,-2.854438543
0+200,221,-2.854438543
0+200,222,-2.854438543
0+200,223,-2.854438543
0+200,224,-2.837420464
0+200,225,-2.837420464
0+200,226,-2.837420464
0+200,227,-2.837420464
0+200,228,-2.747362852
0+200,229,-2.747362852
0+200,230,-2.747362852
0+200,231,-2.747362852
0+200,232,-2.747362852
0+200,233,-2.747362852
0+200,234,-2.747362852
0+200,235,-2.747362852
0+200,236,-2.747362852
0+200,237,-2.747362852
0+200,238,-2.747362852
0+200,239,-2.747362852
0+200,240,-2.652935743
0+200,241,-2.644172668
0+200,242,-2.644172668
0+200,243,-2.644172668
0+200,244,-2.644172668
0+200,245,-2.644172668
0+200,246,-2.644172668
0+200,247,-2.644172668
0+200,248,-2.644172668
0+200,249,-2.644172668
0+200,250,-2.644172668
0+200,251,-2.644172668
0+200,252,-2.644172668
0+200,253,-2.546002865
0+200,254,-2.546002865
0+200,255,-2.546002865
0+200,256,-2.546002865
0+200,257,-2.547956467
0+200,258,-2.547956467
0+200,259,-2.547956467
0+200,260,-2.547956467
0+200,261,-2.547956467
0+200,262,-2.547956467
0+200,263,-2.547956467
0+200,264,-2.547956467
0+200,265,-2.445940733
0+200,266,-2.445940733
0+200,267,-2.445940733
0+200,268,-2.445940733
0+200,269,-2.445940733
0+200,270,-2.445940733
0+200,271,-2.445940733
0+200,272,-2.445940733
0+200,273,-2.445940733
0+200,274,-2.461214066
0+200,275,-2.461214066
0+200,276,-2.461214066
0+200,277,-2.461214066
0+200,278,-2.354496479
0+200,279,-2.354496479
0+200,280,-2.354496479
0+200,281,-2.354496479
0+200,282,-2.354496479
0+200,283,-2.354496479
0+200,284,-2.354496479
0+200,285,-2.354496479
0+200,286,-2.354496479
0+200,287,-2.354496479
0+200,288,-2.354496479
0+200,289,-2.354496479
0+200,290,-2.270432711
0+200,291,-2.270432711
0+200,292,-2.270432711
0+200,293,-2.270432711
0+200,294,-2.270432711
0+200,295,-2.270432711
0+200,296,-2.270432711
0+200,297,-2.270432711
0+200,298,-2.270432711
0+200,299,-2.270432711
0+200,300,-2.270432711
0+200,301,-2.270432711
0+200,302,-2.270432711
0+200,303,-2.146179199
0+200,304,-2.146179199
0+200,305,-2.146179199
0+200,306,-2.146179199
0+200,307,-2.187491417
0+200,308,-2.187491417
0+200,309,-2.187491417
0+200,310,-2.187491417
0+200,311,-2.187491417
0+200,312,-2.187491417
0+200,313,-2.187491417
0+200,314,-2.187491417
0+200,315,-2.051410675
0+200,316,-2.051410675
0+200,317,-2.051410675
0+200,318,-2.051410675
0+200,319,-2.051410675
0+200,320,-2.051410675
0+200,321,-2.051410675
0+200,322,-2.051410675
0+200,323,-2.051410675
0+200,324,-2.092298985
0+200,325,-2.092298985
0+200,326,-2.092298985
0+200,327,-2.092298985
0+200,328,-1.940843344
0+200,329,-1.940843344
0+200,330,-1.940843344
0+200,331,-1.940843344
0+200,332,-1.940843344
0+200,333,-1.940843344
0+200,334,-1.940843344
0+200,335,-1.940843344
0+200,336,-1.940843344
0+200,337,-1.940843344
0+200,338,-1.940843344
0+200,339,-1.940843344
0+200,340,-1.728301048
0+200,341,-1.728301048
0+200,342,-1.728301048
0+200,343,-1.728301048
0+200,344,-1.728301048
0+200,345,-1.728301048
0+200,346,-1.728301048
0+200,347,-1.728301048
0+200,348,-1.728301048
0+200,349,-1.728301048
0+200,350,-1.728301048
0+200,351,-1.728301048
0+200,352,-1.728301048
0+200,353,-1.445172906
0+200,354,-1.445172906
0+200,355,-1.445172906
0+200,356,-1.445172906
0+200,357,-1.367351413
0+200,358,-1.367351413
0+200,359,-1.367351413
0+200,360,-1.367351413
0+200,361,-1.367351413
0+200,362,-1.367351413
0+200,363,-1.367351413
0+200,364,-1.367351413
0+200,365,-1.415044785
0+200,366,-1.415044785
0+200,367,-1.415044785
0+200,368,-1.415044785
0+200,369,-1.415044785
0+200,370,-1.415044785
0+200,371,-1.415044785
0+200,372,-1.415044785
0+200,373,-1.415044785
0+200,374,-1.509583235
0+200,375,-1.509583235
0+200,376,-1.509583235
0+200,377,-1.509583235
0+200,378,-1.685562134
0+200,379,-1.685562134
0+200,380,-1.685562134
0+200,381,-1.685562134
0+200,382,-1.685562134
0+200,383,-1.685562134
0+200,384,-1.685562134
0+200,385,-1.685562134
0+200,386,-1.685562134
0+200,387,-1.685562134
0+200,388,-1.685562134
0+200,389,-1.685562134
0+200,390,-1.969182014
0+200,391,-1.969182014
0+200,392,-1.969182014
0+200,393,-1.969182014
0+200,394,-1.969182014
0+200,395,-1.969182014
0+200,396,-1.969182014
0+200,397,-1.969182014
0+200,398,-1.969182014
0+200,399,-1.969182014
0+200,400,-1.969182014
0+200,401,-1.969182014
0+200,402,-1.969182014
0+200,403,-1.932838321
0+200,404,-1.932838321
0+200,405,-1.932838321
0+200,406,-1.932838321
0+200,407,-1.860315919
0+200,408,-1.860315919
0+200,409,-1.860315919
0+200,410,-1.860315919
0+200,411,-1.860315919
0+200,412,-1.860315919
0+200,413,-1.860315919
0+200,414,-1.860315919
0+200,415,-1.592629671
0+200,416,-1.592629671
0+200,417,-1.592629671
0+200,418,-1.592629671
0+200,419,-1.592629671
0+200,420,-1.592629671
0+200,421,-1.592629671
0+200,422,-1.592629671
0+200,423,-1.592629671
0+200,424,-1.354019642
0+200,425,-1.354019642
0+200,426,-1.354019642
0+200,427,-1.354019642
0+200,428,-0.79615587
0+200,429,-0.79615587
0+200,430,-0.79615587
0+200,431,-0.79615587
0+200,432,-0.79615587
0+200,433,-0.79615587
0+200,434,-0.79615587
0+200,435,-0.79615587
0+200,436,-0.79615587
0+200,437,-0.79615587
0+200,438,-0.79615587
0+200,439,-0.79615587
0+200,440,0.410431951
0+200,441,0.410431951
0+200,442,0.410431951
0+200,443,0.410431951
0+200,444,0.410431951
0+200,445,0.410431951
0+200,446,0.410431951
0+200,447,0.410431951
0+200,448,0.410431951
0+200,449,0.410431951
0+200,450,0.410431951
0+200,451,0.410431951
0+200,452,0.410431951
0+200,453,1.088134646
0+200,454,1.088134646
0+200,455,1.088134646
0+200,456,1.088134646
0+200,457,1.618122101
0+200,458,1.618122101
0+200,459,1.618122101
0+200,460,1.618122101
0+200,461,1.618122101
0+200,462,1.618122101
0+200,463,1.618122101
0+200,464,1.618122101
0+200,465,2.039856434
0+200,466,2.039856434
0+200,467,2.039856434
0+200,468,2.039856434
0+200,469,2.039856434
0+200,470,2.039856434
0+200,471,2.039856434
0+200,472,2.039856434
0+200,473,2.039856434
0+200,474,2.371088505
0+200,475,2.371088505
0+200,476,2.371088505
0+200,477,2.371088505
0+200,478,2.527970791
0+200,479,2.527970791
0+200,480,2.527970791
0+200,481,2.527970791
0+200,482,2.527970791
0+200,483,2.527970791
0+200,484,2.527970791
0+200,485,2.527970791
0+200,486,2.527970791
0+200,487,2.527970791
0+200,488,2.527970791
0+200,489,2.527970791
0+200,490,2.672369957
0+200,491,2.672369957
0+200,492,2.672369957
0+200,493,2.672369957
0+200,494,2.672369957
0+200,495,2.672369957
0+200,496,2.672369957
0+200,497,2.672369957
0+200,498,2.672369957
0+200,499,2.672369957
0+200,500,2.672369957
0+300,0,-4.384407997
0+300,1,-4.384407997
0+300,2,-4.384407997
0+300,3,-4.384407997
0+300,4,-4.384407997
0+300,5,-4.384407997
0+300,6,-4.310966969
0+300,7,-4.310966969
0+300,8,-4.310966969
0+300,9,-4.310966969
0+300,10,-4.310966969
0+300,11,-4.310966969
0+300,12,-4.310966969
0+300,13,-4.310966969
0+300,14,-4.310966969
0+300,15,-4.310966969
0+300,16,-4.310966969
0+300,17,-4.310966969
0+300,18,-4.271438599
0+300,19,-4.271438599
0+300,20,-4.271438599
0+300,21,-4.271438599
0+300,22,-4.271438599
0+300,23,-4.271438599
0+300,24,-4.232778549
0+300,25,-4.232778549
0+300,26,-4.232778549
0+300,27,-4.232778549
0+300,28,-4.232778549
0+300,29,-4.232778549
0+300,30,-4.190102577
0+300,31,-4.190102577
0+300,32,-4.190102577
0+300,33,-4.190102577
0+300,34,-4.190102577
0+300,35,-4.190102577
0+300,36,-4.190102577
0+300,37,-4.190102577
0+300,38,-4.190102577
0+300,39,-4.190102577
0+300,40,-4.190102577
0+300,41,-4.149726868
0+300,42,-4.103722572
0+300,43,-4.103722572
0+300,44,-4.103722572
0+300,45,-4.103722572
0+300,46,-4.103722572
0+300,47,-4.103722572
0+300,48,-4.103722572
0+300,49,-4.103722572
0+300,50,-4.103722572
0+300,51,-4.103722572
0+300,52,-4.103722572
0+300,53,-4.103722572
0+300,54,-4.055299759
0+300,55,-4.055299759
0+300,56,-4.055299759
0+300,57,-4.055299759
0+300,58,-4.055299759
0+300,59,-4.012285233
0+300,60,-4.012285233
0+300,61,-4.012285233
0+300,62,-4.012285233
0+300,63,-4.012285233
0+300,64,-4.012285233
0+300,65,-4.012285233
0+300,66,-4.012285233
0+300,67,-3.960321426
0+300,68,-3.960321426
0+300,69,-3.960321426
0+300,70,-3.960321426
0+300,71,-3.960321426
0+300,72,-3.960321426
0+300,73,-3.960321426
0+300,74,-3.960321426
0+300,75,-3.960321426
0+300,76,-3.915882349
0+300,77,-3.915882349
0+300,78,-3.915882349
0+300,79,-3.860294819
0+300,80,-3.860294819
0+300,81,-3.860294819
0+300,82,-3.860294819
0+300,83,-3.860294819
0+300,84,-3.860294819
0+300,85,-3.860294819
0+300,86,-3.860294819
0+300,87,-3.860294819
0+300,88,-3.860294819
0+300,89,-3.860294819
0+300,90,-3.860294819
0+300,91,-3.802262068
0+300,92,-3.802262068
0+300,93,-3.802262068
0+300,94,-3.755449772
0+300,95,-3.755449772
0+300,96,-3.755449772
0+300,97,-3.755449772
0+300,98,-3.755449772
0+300,99,-3.755449772
0+300,100,-3.755449772
0+300,101,-3.755449772
0+300,102,-3.755449772
0+300,103,-3.693764687
0+300,104,-3.693764687
0+300,105,-3.693764687
0+300,106,-3.693764687
0+300,107,-3.693764687
0+300,108,-3.693764687
0+300,109,-3.693764687
0+300,110,-3.693764687
0+300,111,-3.646133661
0+300,112,-3.646133661
0+300,113,-3.646133661
0+300,114,-3.646133661
0+300,115,-3.580827236
0+300,116,-3.580827236
0+300,117,-3.580827236
0+300,118,-3.580827236
0+300,119,-3.580827236
0+300,120,-3.580827236
0+300,121,-3.580827236
0+300,122,-3.580827236
0+300,123,-3.580827236
0+300,124,-3.580827236
0+300,125,-3.580827236
0+300,126,-3.580827236
0+300,127,-3.513385057
0+300,128,-3.513385057
0+300,129,-3.463945866
0+300,130,-3.463945866
0+300,131,-3.463945866
0+300,132,-3.463945866
0+300,133,-3.463945866
0+300,134,-3.463945866
0+300,135,-3.463945866
0+300,136,-3.463945866
0+300,137,-3.463945866
0+300,138,-3.463945866
0+300,139,-3.463945866
0+300,140,-3.393128872
0+300,141,-3.393128872
0+300,142,-3.393128872
0+300,143,-3.393128872
0+300,144,-3.393128872
0+300,145,-3.393128872
0+300,146,-3.343689442
0+300,147,-3.343689442
0+300,148,-3.343689442
0+300,149,-3.343689442
0+300,150,-3.343689442
0+300,151,-3.343689442
0+300,152,-3.269661665
0+300,153,-3.269661665
0+300,154,-3.269661665
0+300,155,-3.269661665
0+300,156,-3.269661665
0+300,157,-3.269661665
0+300,158,-3.269661665
0+300,159,-3.269661665
0+300,160,-3.269661665
0+300,161,-3.269661665
0+300,162,-3.269661665
0+300,163,-3.269661665
0+300,164,-3.14357996
0+300,165,-3.14357996
0+300,166,-3.14357996
0+300,167,-3.14357996
0+300,168,-3.14357996
0+300,169,-3.14357996
0+300,170,-3.14357996
0+300,171,-3.14357996
0+300,172,-3.14357996
0+300,173,-3.14357996
0+300,174,-3.14357996
0+300,175,-3.14357996
0+300,176,-3.065458298
0+300,177,-3.065458298
0+300,178,-3.065458298
0+300,179,-3.065458298
0+300,180,-3.065458298
0+300,181,-3.015393496
0+300,182,-3.015393496
0+300,183,-3.015393496
0+300,184,-3.015393496
0+300,185,-3.015393496
0+300,186,-3.015393496
0+300,187,-3.015393496
0+300,188,-2.934726238
0+300,189,-2.934726238
0+300,190,-2.934726238
0+300,191,-2.934726238
0+300,192,-2.934726238
0+300,193,-2.934726238
0+300,194,-2.934726238
0+300,195,-2.934726238
0+300,196,-2.934726238
0+300,197,-2.934726238
0+300,198,-2.934726238
0+300,199,-2.885442019
0+300,200,-2.802406311
0+300,201,-2.802406311
0+300,202,-2.802406311
0+300,203,-2.802406311
0+300,204,-2.802406311
0+300,205,-2.802406311
0+300,206,-2.802406311
0+300,207,-2.802406311
0+300,208,-2.802406311
0+300,209,-2.802406311
0+300,210,-2.802406311
0+300,211,-2.802406311
0+300,212,-2.802406311
0+300,213,-2.719610691
0+300,214,-2.719610691
0+300,215,-2.719610691
0+300,216,-2.668646336
0+300,217,-2.668646336
0+300,218,-2.668646336
0+300,219,-2.668646336
0+300,220,-2.668646336
0+300,221,-2.668646336
0+300,222,-2.668646336
0+300,223,-2.668646336
0+300,224,-2.668646336
0+300,225,-2.584342957
0+300,226,-2.584342957
0+300,227,-2.584342957
0+300,228,-2.584342957
0+300,229,-2.584342957
0+300,230,-2.584342957
0+300,231,-2.584342957
0+300,232,-2.584342957
0+300,233,-2.584342957
0+300,234,-2.533428192
0+300,235,-2.533428192
0+300,236,-2.533428192
0+300,237,-2.448079586
0+300,238,-2.448079586
0+300,239,-2.448079586
0+300,240,-2.448079586
0+300,241,-2.448079586
0+300,242,-2.448079586
0+300,243,-2.448079586
0+300,244,-2.448079586
0+300,245,-2.448079586
0+300,246,-2.448079586
0+300,247,-2.448079586
0+300,248,-2.448079586
0+300,249,-2.365905762
0+300,250,-2.365905762
0+300,251,-2.310768604
0+300,252,-2.310768604
0+300,253,-2.310768604
0+300,254,-2.310768604
0+300,255,-2.310768604
0+300,256,-2.310768604
0+300,257,-2.310768604
0+300,258,-2.310768604
0+300,259,-2.310768604
0+300,260,-2.310768604
0+300,261,-2.229769468
0+300,262,-2.229769468
0+300,263,-2.229769468
0+300,264,-2.229769468
0+300,265,-2.229769468
0+300,266,-2.229769468
0+300,267,-2.229769468
0+300,268,-2.229769468
0+300,269,-2.172117233
0+300,270,-2.172117233
0+300,271,-2.172117233
0+300,272,-2.172117233
0+300,273,-2.093340397
0+300,274,-2.093340397
0+300,275,-2.093340397
0+300,276,-2.093340397
0+300,277,-2.093340397
0+300,278,-2.093340397
0+300,279,-2.093340397
0+300,280,-2.093340397
0+300,281,-2.093340397
0+300,282,-2.093340397
0+300,283,-2.093340397
0+300,284,-2.093340397
0+300,285,-2.093340397
0+300,286,-1.955970764
0+300,287,-1.955970764
0+300,288,-1.955970764
0+300,289,-1.955970764
0+300,290,-1.955970764
0+300,291,-1.955970764
0+300,292,-1.955970764
0+300,293,-1.955970764
0+300,294,-1.955970764
0+300,295,-1.955970764
0+300,296,-1.955970764
0+300,297,-1.955970764
0+300,298,-1.892999172
0+300,299,-1.892999172
0+300,300,-1.892999172
0+300,301,-1.892999172
0+300,302,-1.892999172
0+300,303,-1.892999172
0+300,304,-1.816804171
0+300,305,-1.816804171
0+300,306,-1.816804171
0+300,307,-1.816804171
0+300,308,-1.816804171
0+300,309,-1.816804171
0+300,310,-1.76163435
0+300,311,-1.76163435
0+300,312,-1.76163435
0+300,313,-1.76163435
0+300,314,-1.76163435
0+300,315,-1.76163435
0+300,316,-1.76163435
0+300,317,-1.76163435
0+300,318,-1.76163435
0+300,319,-1.76163435
0+300,320,-1.76163435
0+300,321,-1.676219463
0+300,322,-1.629744768
0+300,323,-1.629744768
0+300,324,-1.629744768
0+300,325,-1.629744768
0+300,326,-1.629744768
0+300,327,-1.629744768
0+300,328,-1.629744768
0+300,329,-1.629744768
0+300,330,-1.629744768
0+300,331,-1.629744768
0+300,332,-1.629744768
0+300,333,-1.629744768
0+300,334,-1.598692417
0+300,335,-1.598692417
0+300,336,-1.598692417
0+300,337,-1.598692417
0+300,338,-1.598692417
0+300,339,-1.502218843
0+300,340,-1.502218843
0+300,341,-1.502218843
0+300,342,-1.502218843
0+300,343,-1.502218843
0+300,344,-1.502218843
0+300,345,-1.502218843
0+300,346,-1.475518584
0+300,347,-1.475518584
0+300,348,-1.475518584
0+300,349,-1.475518584
0+300,350,-1.475518584
0+300,351,-1.475518584
0+300,352,-1.475518584
0+300,353,-1.475518584
0+300,354,-1.475518584
0+300,355,-1.475518584
0+300,356,-1.379764199
0+300,357,-1.379764199
0+300,358,-1.379764199
0+300,359,-1.351933122
0+300,360,-1.351933122
0+300,361,-1.351933122
0+300,362,-1.351933122
0+300,363,-1.351933122
0+300,364,-1.351933122
0+300,365,-1.351933122
0+300,366,-1.351933122
0+300,367,-1.351933122
0+300,368,-1.351933122
0+300,369,-1.351933122
0+300,370,-1.351933122
0+300,371,-1.332861423
0+300,372,-1.332861423
0+300,373,-1.332861423
0+300,374,-1.434481859
0+300,375,-1.434481859
0+300,376,-1.434481859
0+300,377,-1.434481859
0+300,378,-1.434481859
0+300,379,-1.434481859
0+300,380,-1.434481859
0+300,381,-1.434481859
0+300,382,-1.434481859
0+300,383,-1.519671202
0+300,384,-1.519671202
0+300,385,-1.519671202
0+300,386,-1.519671202
0+300,387,-1.519671202
0+300,388,-1.519671202
0+300,389,-1.519671202
0+300,390,-1.519671202
0+300,391,-1.519671202
0+300,392,-1.667224646
0+300,393,-1.667224646
0+300,394,-1.667224646
0+300,395,-1.743939161
0+300,396,-1.743939161
0+300,397,-1.743939161
0+300,398,-1.743939161
0+300,399,-1.743939161
0+300,400,-1.743939161
0+300,401,-1.743939161
0+300,402,-1.743939161
0+300,403,-1.743939161
0+300,404,-1.743939161
0+300,405,-1.743939161
0+300,406,-1.743939161
0+300,407,-1.762698531
0+300,408,-1.762698531
0+300,409,-1.778735399
0+300,410,-1.778735399
0+300,411,-1.778735399
0+300,412,-1.778735399
0+300,413,-1.778735399
0+300,414,-1.778735399
0+300,415,-1.778735399
0+300,416,-1.778735399
0+300,417,-1.778735399
0+300,418,-1.778735399
0+300,419,-1.600275874
0+300,420,-1.600275874
0+300,421,-1.600275874
0+300,422,-1.600275874
0+300,423,-1.600275874
0+300,424,-1.600275874
0+300,425,-1.600275874
0+300,426,-1.600275874
0+300,427,-1.361102462
0+300,428,-1.361102462
0+300,429,-1.361102462
0+300,430,-1.361102462
0+300,431,-1.361102462
0+300,432,-0.843873203
0+300,433,-0.843873203
0+300,434,-0.843873203
0+300,435,-0.843873203
0+300,436,-0.843873203
0+300,437,-0.843873203
0+300,438,-0.843873203
0+300,439,-0.843873203
0+300,440,-0.843873203
0+300,441,-0.843873203
0+300,442,-0.843873203
0+300,443,-0.843873203
0+300,444,0.665263414
0+300,445,0.665263414
0+300,446,0.665263414
0+300,447,0.665263414
0+300,448,0.665263414
0+300,449,0.665263414
0+300,450,0.665263414
0+300,451,0.665263414
0+300,452,0.665263414
0+300,453,0.665263414
0+300,454,0.665263414
0+300,455,0.665263414
0+300,456,1.486163259
0+300,457,1.486163259
0+300,458,1.486163259
0+300,459,1.486163259
0+300,460,1.486163259
0+300,461,1.486163259
0+300,462,1.820851088
0+300,463,1.820851088
0+300,464,1.820851088
0+300,465,1.820851088
0+300,466,1.820851088
0+300,467,1.820851088
0+300,468,2.349665165
0+300,469,2.349665165
0+300,470,2.349665165
0+300,471,2.349665165
0+300,472,2.349665165
0+300,473,2.349665165
0+300,474,2.349665165
0+300,475,2.349665165
0+300,476,2.349665165
0+300,477,2.349665165
0+300,478,2.349665165
0+300,479,2.525920391
0+300,480,2.837763071
0+300,481,2.837763071
0+300,482,2.837763071
0+300,483,2.837763071
0+300,484,2.837763071
0+300,485,2.837763071
0+300,486,2.837763071
0+300,487,2.837763071
0+300,488,2.837763071
0+300,489,2.837763071
0+300,490,2.837763071
0+300,491,2.837763071
0+300,492,3.046521187
0+300,493,3.046521187
0+300,494,3.046521187
0+300,495,3.046521187
0+300,496,3.046521187
0+300,497,3.046521187
0+300,498,3.046521187
0+300,499,3.046521187
0+300,500,3.046521187
0+400,0,-4.433736801
0+400,1,-4.433736801
0+400,2,-4.433736801
0+400,3,-4.393972397
0+400,4,-4.393972397
0+400,5,-4.393972397
0+400,6,-4.393972397
0+400,7,-4.393972397
0+400,8,-4.393972397
0+400,9,-4.393972397
0+400,10,-4.393972397
0+400,11,-4.393972397
0+400,12,-4.393972397
0+400,13,-4.393972397
0+400,14,-4.393972397
0+400,15,-4.352321625
0+400,16,-4.352321625
0+400,17,-4.352321625
0+400,18,-4.320065975
0+400,19,-4.320065975
0+400,20,-4.320065975
0+400,21,-4.320065975
0+400,22,-4.320065975
0+400,23,-4.320065975
0+400,24,-4.320065975
0+400,25,-4.320065975
0+400,26,-4.320065975
0+400,27,-4.275691986
0+400,28,-4.275691986
0+400,29,-4.275691986
0+400,30,-4.275691986
0+400,31,-4.275691986
0+400,32,-4.275691986
0+400,33,-4.275691986
0+400,34,-4.275691986
0+400,35,-4.275691986
0+400,36,-4.275691986
0+400,37,-4.240702152
0+400,38,-4.240702152
0+400,39,-4.193480492
0+400,40,-4.193480492
0+400,41,-4.193480492
0+400,42,-4.193480492
0+400,43,-4.193480492
0+400,44,-4.193480492
0+400,45,-4.193480492
0+400,46,-4.193480492
0+400,47,-4.193480492
0+400,48,-4.193480492
0+400,49,-4.193480492
0+400,50,-4.144338608
0+400,51,-4.144338608
0+400,52,-4.144338608
0+400,53,-4.144338608
0+400,54,-4.144338608
0+400,55,-4.105480194
0+400,56,-4.105480194
0+400,57,-4.105480194
0+400,58,-4.105480194
0+400,59,-4.105480194
0+400,60,-4.105480194
0+400,61,-4.105480194
0+400,62,-4.053427219
0+400,63,-4.053427219
0+400,64,-4.053427219
0+400,65,-4.053427219
0+400,66,-4.053427219
0+400,67,-4.053427219
0+400,68,-4.053427219
0+400,69,-4.053427219
0+400,70,-4.053427219
0+400,71,-4.053427219
0+400,72,-4.053427219
0+400,73,-4.053427219
0+400,74,-3.956575871
0+400,75,-3.956575871
0+400,76,-3.956575871
0+400,77,-3.956575871
0+400,78,-3.956575871
0+400,79,-3.956575871
0+400,80,-3.956575871
0+400,81,-3.956575871
0+400,82,-3.956575871
0+400,83,-3.956575871
0+400,84,-3.956575871
0+400,85,-3.956575871
0+400,86,-3.89989233
0+400,87,-3.89989233
0+400,88,-3.89989233
0+400,89,-3.89989233
0+400,90,-3.89989233
0+400,91,-3.89989233
0+400,92,-3.853800774
0+400,93,-3.853800774
0+400,94,-3.853800774
0+400,95,-3.853800774
0+400,96,-3.853800774
0+400,97,-3.853800774
0+400,98,-3.794362545
0+400,99,-3.794362545
0+400,100,-3.794362545
0+400,101,-3.794362545
0+400,102,-3.794362545
0+400,103,-3.794362545
0+400,104,-3.794362545
0+400,105,-3.794362545
0+400,106,-3.794362545
0+400,107,-3.794362545
0+400,108,-3.794362545
0+400,109,-3.794362545
0+400,110,-3.733555794
0+400,111,-3.683197498
0+400,112,-3.683197498
0+400,113,-3.683197498
0+400,114,-3.683197498
0+400,115,-3.683197498
0+400,116,-3.683197498
0+400,117,-3.683197498
0+400,118,-3.683197498
0+400,119,-3.683197498
0+400,120,-3.683197498
0+400,121,-3.683197498
0+400,122,-3.62002039
0+400,123,-3.62002039
0+400,124,-3.62002039
0+400,125,-3.62002039
0+400,126,-3.62002039
0+400,127,-3.62002039
0+400,128,-3.62002039
0+400,129,-3.566742182
0+400,130,-3.566742182
0+400,131,-3.566742182
0+400,132,-3.566742182
0+400,133,-3.501474619
0+400,134,-3.501474619
0+400,135,-3.501474619
0+400,136,-3.501474619
0+400,137,-3.501474619
0+400,138,-3.501474619
0+400,139,-3.501474619
0+400,140,-3.501474619
0+400,141,-3.501474619
0+400,142,-3.501474619
0+400,143,-3.501474619
0+400,144,-3.501474619
0+400,145,-3.435637474
0+400,146,-3.435637474
0+400,147,-3.435637474
0+400,148,-3.378469467
0+400,149,-3.378469467
0+400,150,-3.378469467
0+400,151,-3.378469467
0+400,152,-3.378469467
0+400,153,-3.378469467
0+400,154,-3.378469467
0+400,155,-3.378469467
0+400,156,-3.378469467
0+400,157,-3.311276436
0+400,158,-3.311276436
0+400,159,-3.311276436
0+400,160,-3.311276436
0+400,161,-3.311276436
0+400,162,-3.311276436
0+400,163,-3.311276436
0+400,164,-3.311276436
0+400,165,-3.311276436
0+400,166,-3.251686335
0+400,167,-3.251686335
0+400,168,-3.251686335
0+400,169,-3.183608055
0+400,170,-3.183608055
0+400,171,-3.183608055
0+400,172,-3.183608055
0+400,173,-3.183608055
0+400,174,-3.183608055
0+400,175,-3.183608055
0+400,176,-3.183608055
0+400,177,-3.183608055
0+400,178,-3.183608055
0+400,179,-3.183608055
0+400,180,-3.183608055
0+400,181,-3.11605978
0+400,182,-3.11605978
0+400,183,-3.11605978
0+400,184,-3.11605978
0+400,185,-3.053453207
0+400,186,-3.053453207
0+400,187,-3.053453207
0+400,188,-3.053453207
0+400,189,-3.053453207
0+400,190,-3.053453207
0+400,191,-3.053453207
0+400,192,-3.053453207
0+400,193,-2.986015797
0+400,194,-2.986015797
0+400,195,-2.986015797
0+400,196,-2.986015797
0+400,197,-2.986015797
0+400,198,-2.986015797
0+400,199,-2.986015797
0+400,200,-2.986015797
0+400,201,-2.986015797
0+400,202,-2.986015797
0+400,203,-2.921741247
0+400,204,-2.921741247
0+400,205,-2.855035305
0+400,206,-2.855035305
0+400,207,-2.855035305
0+400,208,-2.855035305
0+400,209,-2.855035305
0+400,210,-2.855035305
0+400,211,-2.855035305
0+400,212,-2.855035305
0+400,213,-2.855035305
0+400,214,-2.855035305
0+400,215,-2.855035305
0+400,216,-2.855035305
0+400,217,-2.790138721
0+400,218,-2.790138721
0+400,219,-2.790138721
0+400,220,-2.790138721
0+400,221,-2.790138721
0+400,222,-2.724271536
0+400,223,-2.724271536
0+400,224,-2.724271536
0+400,225,-2.724271536
0+400,226,-2.724271536
0+400,227,-2.724271536
0+400,228,-2.661358833
0+400,229,-2.661358833
0+400,230,-2.661358833
0+400,231,-2.661358833
0+400,232,-2.661358833
0+400,233,-2.661358833
0+400,234,-2.661358833
0+400,235,-2.661358833
0+400,236,-2.661358833
0+400,237,-2.661358833
0+400,238,-2.661358833
0+400,239,-2.661358833
0+400,240,-2.601000786
0+400,241,-2.53508091
0+400,242,-2.53508091
0+400,243,-2.53508091
0+400,244,-2.53508091
0+400,245,-2.53508091
0+400,246,-2.53508091
0+400,247,-2.53508091
0+400,248,-2.53508091
0+400,249,-2.53508091
0+400,250,-2.53508091
0+400,251,-2.53508091
0+400,252,-2.477992296
0+400,253,-2.477992296
0+400,254,-2.477992296
0+400,255,-2.477992296
0+400,256,-2.477992296
0+400,257,-2.477992296
0+400,258,-2.477992296
0+400,259,-2.413285732
0+400,260,-2.413285732
0+400,261,-2.413285732
0+400,262,-2.413285732
0+400,263,-2.413285732
0+400,264,-2.360255718
0+400,265,-2.360255718
0+400,266,-2.360255718
0+400,267,-2.360255718
0+400,268,-2.360255718
0+400,269,-2.360255718
0+400,270,-2.360255718
0+400,271,-2.360255718
0+400,272,-2.360255718
0+400,273,-2.360255718
0+400,274,-2.360255718
0+400,275,-2.360255718
0+400,276,-2.310084343
0+400,277,-2.310084343
0+400,278,-2.250001431
0+400,279,-2.250001431
0+400,280,-2.250001431
0+400,281,-2.250001431
0+400,282,-2.250001431
0+400,283,-2.250001431
0+400,284,-2.250001431
0+400,285,-2.250001431
0+400,286,-2.250001431
0+400,287,-2.250001431
0+400,288,-2.203907967
0+400,289,-2.203907967
0+400,290,-2.203907967
0+400,291,-2.203907967
0+400,292,-2.203907967
0+400,293,-2.203907967
0+400,294,-2.203907967
0+400,295,-2.203907967
0+400,296,-2.149113655
0+400,297,-2.149113655
0+400,298,-2.149113655
0+400,299,-2.149113655
0+400,300,-2.106318951
0+400,301,-2.106318951
0+400,302,-2.106318951
0+400,303,-2.106318951
0+400,304,-2.106318951
0+400,305,-2.106318951
0+400,306,-2.106318951
0+400,307,-2.106318951
0+400,308,-2.106318951
0+400,309,-2.106318951
0+400,310,-2.106318951
0+400,311,-2.062296867
0+400,312,-2.062296867
0+400,313,-2.062296867
0+400,314,-2.062296867
0+400,315,-2.016146183
0+400,316,-2.016146183
0+400,317,-2.016146183
0+400,318,-2.016146183
0+400,319,-2.016146183
0+400,320,-2.016146183
0+400,321,-2.016146183
0+400,322,-2.016146183
0+400,323,-1.970779896
0+400,324,-1.970779896
0+400,325,-1.970779896
0+400,326,-1.970779896
0+400,327,-1.970779896
0+400,328,-1.970779896
0+400,329,-1.970779896
0+400,330,-1.970779896
0+400,331,-1.970779896
0+400,332,-1.970779896
0+400,333,-1.928011894
0+400,334,-1.928011894
0+400,335,-1.876998663
0+400,336,-1.876998663
0+400,337,-1.876998663
0+400,338,-1.876998663
0+400,339,-1.876998663
0+400,340,-1.876998663
0+400,341,-1.876998663
0+400,342,-1.876998663
0+400,343,-1.876998663
0+400,344,-1.876998663
0+400,345,-1.876998663
0+400,346,-1.876998663
0+400,347,-1.827488422
0+400,348,-1.827488422
0+400,349,-1.827488422
0+400,350,-1.827488422
0+400,351,-1.827488422
0+400,352,-1.773762584
0+400,353,-1.773762584
0+400,354,-1.773762584
0+400,355,-1.773762584
0+400,356,-1.773762584
0+400,357,-1.773762584
0+400,358,-1.773762584
0+400,359,-1.703777075
0+400,360,-1.703777075
0+400,361,-1.703777075
0+400,362,-1.703777075
0+400,363,-1.703777075
0+400,364,-1.703777075
0+400,365,-1.703777075
0+400,366,-1.703777075
0+400,367,-1.703777075
0+400,368,-1.703777075
0+400,369,-1.703777075
0+400,370,-1.659915328
0+400,371,-1.527786732
0+400,372,-1.527786732
0+400,373,-1.527786732
0+400,374,-1.527786732
0+400,375,-1.527786732
0+400,376,-1.527786732
0+400,377,-1.527786732
0+400,378,-1.527786732
0+400,379,-1.527786732
0+400,380,-1.527786732
0+400,381,-1.527786732
0+400,382,-1.527786732
0+400,383,-1.44981122
0+400,384,-1.44981122
0+400,385,-1.44981122
0+400,386,-1.44981122
0+400,387,-1.44981122
0+400,388,-1.44981122
0+400,389,-1.572242498
0+400,390,-1.572242498
0+400,391,-1.572242498
0+400,392,-1.572242498
0+400,393,-1.572242498
0+400,394,-1.512791157
0+400,395,-1.512791157
0+400,396,-1.512791157
0+400,397,-1.512791157
0+400,398,-1.512791157
0+400,399,-1.512791157
0+400,400,-1.512791157
0+400,401,-1.512791157
0+400,402,-1.512791157
0+400,403,-1.512791157
0+400,404,-1.512791157
0+400,405,-1.512791157
0+400,406,-1.480512619
0+400,407,-1.49123764
0+400,408,-1.49123764
0+400,409,-1.49123764
0+400,410,-1.49123764
0+400,411,-1.49123764
0+400,412,-1.49123764
0+400,413,-1.49123764
0+400,414,-1.49123764
0+400,415,-1.49123764
0+400,416,-1.49123764
0+400,417,-1.49123764
0+400,418,-1.367089033
0+400,419,-1.367089033
0+400,420,-1.367089033
0+400,421,-1.367089033
0+400,422,-1.367089033
0+400,423,-1.367089033
0+400,424,-1.367089033
0+400,425,-1.367089033
0+400,426,-1.279163599
0+400,427,-1.279163599
0+400,428,-1.279163599
0+400,429,-1.279163599
0+400,430,-0.904556155
0+400,431,-0.904556155
0+400,432,-0.904556155
0+400,433,-0.904556155
0+400,434,-0.904556155
0+400,435,-0.904556155
0+400,436,-0.904556155
0+400,437,-0.904556155
0+400,438,-0.904556155
0+400,439,-0.904556155
0+400,440,-0.904556155
0+400,441,-0.904556155
0+400,442,-0.142951414
0+400,443,-0.142951414
0+400,444,0.372903258
0+400,445,0.372903258
0+400,446,0.372903258
0+400,447,0.372903258
0+400,448,0.372903258
0+400,449,0.372903258
0+400,450,0.372903258
0+400,451,0.372903258
0+400,452,0.372903258
0+400,453,0.372903258
0+400,454,1.415197492
0+400,455,1.415197492
0+400,456,1.415197492
0+400,457,1.415197492
0+400,458,1.415197492
0+400,459,1.415197492
0+400,460,1.415197492
0+400,461,1.415197492
0+400,462,1.415197492
0+400,463,1.695491314
0+400,464,1.695491314
0+400,465,1.695491314
0+400,466,2.32651782
0+400,467,2.32651782
0+400,468,2.32651782
0+400,469,2.32651782
0+400,470,2.32651782
0+400,471,2.32651782
0+400,472,2.32651782
0+400,473,2.32651782
0+400,474,2.32651782
0+400,475,2.32651782
0+400,476,2.32651782
0+400,477,2.32651782
0+400,478,2.512605906
0+400,479,2.512605906
0+400,480,2.512605906
0+400,481,2.512605906
0+400,482,2.658403873
0+400,483,2.658403873
0+400,484,2.658403873
0+400,485,2.658403873
0+400,486,2.658403873
0+400,487,2.658403873
0+400,488,2.658403873
0+400,489,2.859272957
0+400,490,2.859272957
0+400,491,2.859272957
0+400,492,2.859272957
0+400,493,2.859272957
0+400,494,2.859272957
0+400,495,2.859272957
0+400,496,2.859272957
0+400,497,2.859272957
0+400,498,2.859272957
0+400,499,2.859272957
0+400,500,2.968752384
0+500,0,-4.407556057
0+500,1,-4.407556057
0+500,2,-4.407556057
0+500,3,-4.386175156
0+500,4,-4.386175156
0+500,5,-4.386175156
0+500,6,-4.386175156
0+500,7,-4.386175156
0+500,8,-4.386175156
0+500,9,-4.386175156
0+500,10,-4.386175156
0+500,11,-4.386175156
0+500,12,-4.343169689
0+500,13,-4.343169689
0+500,14,-4.343169689
0+500,15,-4.343169689
0+500,16,-4.343169689
0+500,17,-4.343169689
0+500,18,-4.343169689
0+500,19,-4.343169689
0+500,20,-4.343169689
0+500,21,-4.343169689
0+500,22,-4.319799423
0+500,23,-4.319799423
0+500,24,-4.274793625
0+500,25,-4.274793625
0+500,26,-4.274793625
0+500,27,-4.274793625
0+500,28,-4.274793625
0+500,29,-4.274793625
0+500,30,-4.274793625
0+500,31,-4.274793625
0+500,32,-4.274793625
0+500,33,-4.274793625
0+500,34,-4.274793625
0+500,35,-4.229182243
0+500,36,-4.229182243
0+500,37,-4.229182243
0+500,38,-4.229182243
0+500,39,-4.229182243
0+500,40,-4.202187538
0+500,41,-4.202187538
0+500,42,-4.202187538
0+500,43,-4.202187538
0+500,44,-4.202187538
0+500,45,-4.202187538
0+500,46,-4.202187538
0+500,47,-4.154607296
0+500,48,-4.154607296
0+500,49,-4.154607296
0+500,50,-4.154607296
0+500,51,-4.154607296
0+500,52,-4.154607296
0+500,53,-4.154607296
0+500,54,-4.154607296
0+500,55,-4.154607296
0+500,56,-4.154607296
0+500,57,-4.154607296
0+500,58,-4.154607296
0+500,59,-4.075552464
0+500,60,-4.075552464
0+500,61,-4.075552464
0+500,62,-4.075552464
0+500,63,-4.075552464
0+500,64,-4.075552464
0+500,65,-4.075552464
0+500,66,-4.075552464
0+500,67,-4.075552464
0+500,68,-4.075552464
0+500,69,-4.075552464
0+500,70,-4.075552464
0+500,71,-4.025718689
0+500,72,-4.025718689
0+500,73,-4.025718689
0+500,74,-4.025718689
0+500,75,-4.025718689
0+500,76,-4.025718689
0+500,77,-3.991800785
0+500,78,-3.991800785
0+500,79,-3.991800785
0+500,80,-3.991800785
0+500,81,-3.991800785
0+500,82,-3.991800785
0+500,83,-3.940031767
0+500,84,-3.940031767
0+500,85,-3.940031767
0+500,86,-3.940031767
0+500,87,-3.940031767
0+500,88,-3.940031767
0+500,89,-3.940031767
0+500,90,-3.940031767
0+500,91,-3.940031767
0+500,92,-3.940031767
0+500,93,-3.940031767
0+500,94,-3.940031767
0+500,95,-3.888195992
0+500,96,-3.849478245
0+500,97,-3.849478245
0+500,98,-3.849478245
0+500,99,-3.849478245
0+500,100,-3.849478245
0+500,101,-3.849478245
0+500,102,-3.849478245
0+500,103,-3.849478245
0+500,104,-3.849478245
0+500,105,-3.849478245
0+500,106,-3.849478245
0+500,107,-3.795722723
0+500,108,-3.795722723
0+500,109,-3.795722723
0+500,110,-3.795722723
0+500,111,-3.795722723
0+500,112,-3.795722723
0+500,113,-3.795722723
0+500,114,-3.753968716
0+500,115,-3.753968716
0+500,116,-3.753968716
0+500,117,-3.753968716
0+500,118,-3.698318243
0+500,119,-3.698318243
0+500,120,-3.698318243
0+500,121,-3.698318243
0+500,122,-3.698318243
0+500,123,-3.698318243
0+500,124,-3.698318243
0+500,125,-3.698318243
0+500,126,-3.698318243
0+500,127,-3.698318243
0+500,128,-3.698318243
0+500,129,-3.698318243
0+500,130,-3.642639637
0+500,131,-3.642639637
0+500,132,-3.642639637
0+500,133,-3.596043825
0+500,134,-3.596043825
0+500,135,-3.596043825
0+500,136,-3.596043825
0+500,137,-3.596043825
0+500,138,-3.596043825
0+500,139,-3.596043825
0+500,140,-3.596043825
0+500,141,-3.596043825
0+500,142,-3.538492203
0+500,143,-3.538492203
0+500,144,-3.538492203
0+500,145,-3.538492203
0+500,146,-3.538492203
0+500,147,-3.538492203
0+500,148,-3.538492203
0+500,149,-3.538492203
0+500,150,-3.538492203
0+500,151,-3.538492203
0+500,152,-3.489146233
0+500,153,-3.489146233
0+500,154,-3.429858923
0+500,155,-3.429858923
0+500,156,-3.429858923
0+500,157,-3.429858923
0+500,158,-3.429858923
0+500,159,-3.429858923
0+500,160,-3.429858923
0+500,161,-3.429858923
0+500,162,-3.429858923
0+500,163,-3.429858923
0+500,164,-3.429858923
0+500,165,-3.429858923
0+500,166,-3.370351791
0+500,167,-3.370351791
0+500,168,-3.370351791
0+500,169,-3.370351791
0+500,170,-3.317292213
0+500,171,-3.317292213
0+500,172,-3.317292213
0+500,173,-3.317292213
0+500,174,-3.317292213
0+500,175,-3.317292213
0+500,176,-3.317292213
0+500,177,-3.317292213
0+500,178,-3.256201982
0+500,179,-3.256201982
0+500,180,-3.256201982
0+500,181,-3.256201982
0+500,182,-3.256201982
0+500,183,-3.256201982
0+500,184,-3.256201982
0+500,185,-3.256201982
0+500,186,-3.256201982
0+500,187,-3.256201982
0+500,188,-3.256201982
0+500,189,-3.201595783
0+500,190,-3.139260769
0+500,191,-3.139260769
0+500,192,-3.139260769
0+500,193,-3.139260769
0+500,194,-3.139260769
0+500,195,-3.139260769
0+500,196,-3.139260769
0+500,197,-3.139260769
0+500,198,-3.139260769
0+500,199,-3.139260769
0+500,200,-3.139260769
0+500,201,-3.076292992
0+500,202,-3.076292992
0+500,203,-3.076292992
0+500,204,-3.076292992
0+500,205,-3.076292992
0+500,206,-3.076292992
0+500,207,-3.020659447
0+500,208,-3.020659447
0+500,209,-3.020659447
0+500,210,-3.020659447
0+500,211,-3.020659447
0+500,212,-3.020659447
0+500,213,-2.956738472
0+500,214,-2.956738472
0+500,215,-2.956738472
0+500,216,-2.956738472
0+500,217,-2.956738472
0+500,218,-2.956738472
0+500,219,-2.956738472
0+500,220,-2.956738472
0+500,221,-2.956738472
0+500,222,-2.956738472
0+500,223,-2.956738472
0+500,224,-2.956738472
0+500,225,-2.891628742
0+500,226,-2.837328911
0+500,227,-2.837328911
0+500,228,-2.837328911
0+500,229,-2.837328911
0+500,230,-2.837328911
0+500,231,-2.837328911
0+500,232,-2.837328911
0+500,233,-2.837328911
0+500,234,-2.837328911
0+500,235,-2.837328911
0+500,236,-2.837328911
0+500,237,-2.771517277
0+500,238,-2.771517277
0+500,239,-2.771517277
0+500,240,-2.771517277
0+500,241,-2.771517277
0+500,242,-2.771517277
0+500,243,-2.771517277
0+500,244,-2.719563007
0+500,245,-2.719563007
0+500,246,-2.719563007
0+500,247,-2.719563007
0+500,248,-2.719563007
0+500,249,-2.653636932
0+500,250,-2.653636932
0+500,251,-2.653636932
0+500,252,-2.653636932
0+500,253,-2.653636932
0+500,254,-2.653636932
0+500,255,-2.653636932
0+500,256,-2.653636932
0+500,257,-2.653636932
0+500,258,-2.653636932
0+500,259,-2.653636932
0+500,260,-2.653636932
0+500,261,-2.585058928
0+500,262,-2.585058928
0+500,263,-2.539704323
0+500,264,-2.539704323
0+500,265,-2.539704323
0+500,266,-2.539704323
0+500,267,-2.539704323
0+500,268,-2.539704323
0+500,269,-2.539704323
0+500,270,-2.539704323
0+500,271,-2.539704323
0+500,272,-2.539704323
0+500,273,-2.47123909
0+500,274,-2.47123909
0+500,275,-2.47123909
0+500,276,-2.47123909
0+500,277,-2.47123909
0+500,278,-2.47123909
0+500,279,-2.47123909
0+500,280,-2.47123909
0+500,281,-2.431442738
0+500,282,-2.431442738
0+500,283,-2.431442738
0+500,284,-2.431442738
0+500,285,-2.364118576
0+500,286,-2.364118576
0+500,287,-2.364118576
0+500,288,-2.364118576
0+500,289,-2.364118576
0+500,290,-2.364118576
0+500,291,-2.364118576
0+500,292,-2.364118576
0+500,293,-2.364118576
0+500,294,-2.364118576
0+500,295,-2.364118576
0+500,296,-2.288841724
0+500,297,-2.288841724
0+500,298,-2.288841724
0+500,299,-2.288841724
0+500,300,-2.265572786
0+500,301,-2.265572786
0+500,302,-2.265572786
0+500,303,-2.265572786
0+500,304,-2.265572786
0+500,305,-2.265572786
0+500,306,-2.265572786
0+500,307,-2.265572786
0+500,308,-2.18979311
0+500,309,-2.18979311
0+500,310,-2.18979311
0+500,311,-2.18979311
0+500,312,-2.18979311
0+500,313,-2.18979311
0+500,314,-2.18979311
0+500,315,-2.18979311
0+500,316,-2.18979311
0+500,317,-2.18979311
0+500,318,-2.176481724
0+500,319,-2.176481724
0+500,320,-2.100705147
0+500,321,-2.100705147
0+500,322,-2.100705147
0+500,323,-2.100705147
0+500,324,-2.100705147
0+500,325,-2.100705147
0+500,326,-2.100705147
0+500,327,-2.100705147
0+500,328,-2.100705147
0+500,329,-2.100705147
0+500,330,-2.100705147
0+500,331,-2.100705147
0+500,332,-2.008585691
0+500,333,-2.008585691
0+500,334,-2.008585691
0+500,335,-2.008585691
0+500,336,-2.008585691
0+500,337,-2.022279739
0+500,338,-2.022279739
0+500,339,-2.022279739
0+500,340,-2.022279739
0+500,341,-2.022279739
0+500,342,-2.022279739
0+500,343,-2.022279739
0+500,344,-1.926274776
0+500,345,-1.926274776
0+500,346,-1.926274776
0+500,347,-1.926274776
0+500,348,-1.926274776
0+500,349,-1.926274776
0+500,350,-1.926274776
0+500,351,-1.926274776
0+500,352,-1.926274776
0+500,353,-1.926274776
0+500,354,-1.926274776
0+500,355,-1.954430342
0+500,356,-1.851269603
0+500,357,-1.851269603
0+500,358,-1.851269603
0+500,359,-1.851269603
0+500,360,-1.851269603
0+500,361,-1.851269603
0+500,362,-1.851269603
0+500,363,-1.851269603
0+500,364,-1.851269603
0+500,365,-1.851269603
0+500,366,-1.851269603
0+500,367,-1.851269603
0+500,368,-1.717567921
0+500,369,-1.717567921
0+500,370,-1.717567921
0+500,371,-1.717567921
0+500,372,-1.717567921
0+500,373,-1.717567921
0+500,374,-1.768863916
0+500,375,-1.768863916
0+500,376,-1.768863916
0+500,377,-1.768863916
0+500,378,-1.768863916
0+500,379,-1.644762516
0+500,380,-1.644762516
0+500,381,-1.644762516
0+500,382,-1.644762516
0+500,383,-1.644762516
0+500,384,-1.644762516
0+500,385,-1.644762516
0+500,386,-1.644762516
0+500,387,-1.644762516
0+500,388,-1.644762516
0+500,389,-1.644762516
0+500,390,-1.644762516
0+500,391,-1.553859472
0+500,392,-1.553859472
0+500,393,-1.617248416
0+500,394,-1.617248416
0+500,395,-1.617248416
0+500,396,-1.617248416
0+500,397,-1.617248416
0+500,398,-1.617248416
0+500,399,-1.617248416
0+500,400,-1.617248416
0+500,401,-1.617248416
0+500,402,-1.617248416
0+500,403,-1.565798759
0+500,404,-1.565798759
0+500,405,-1.565798759
0+500,406,-1.565798759
0+500,407,-1.565798759
0+500,408,-1.565798759
0+500,409,-1.565798759
0+500,410,-1.565798759
0+500,411,-1.549273133
0+500,412,-1.549273133
0+500,413,-1.549273133
0+500,414,-1.549273133
0+500,415,-1.4162817
0+500,416,-1.4162817
0+500,417,-1.4162817
0+500,418,-1.4162817
0+500,419,-1.4162817
0+500,420,-1.4162817
0+500,421,-1.4162817
0+500,422,-1.4162817
0+500,423,-1.4162817
0+500,424,-1.4162817
0+500,425,-1.4162817
0+500,426,-1.4162817
0+500,427,-1.169292569
0+500,428,-1.169292569
0+500,429,-1.169292569
0+500,430,-1.141236663
0+500,431,-1.141236663
0+500,432,-1.141236663
0+500,433,-1.141236663
0+500,434,-1.141236663
0+500,435,-1.141236663
0+500,436,-1.141236663
0+500,437,-1.141236663
0+500,438,-1.141236663
0+500,439,-0.94487232
0+500,440,-0.94487232
0+500,441,-0.94487232
0+500,442,-0.94487232
0+500,443,-0.94487232
0+500,444,-0.94487232
0+500,445,-0.94487232
0+500,446,-0.94487232
0+500,447,-0.94487232
0+500,448,-1.190487623
0+500,449,-1.190487623
0+500,450,-1.190487623
0+500,451,-1.134490252
0+500,452,-1.134490252
0+500,453,-1.134490252
0+500,454,-1.134490252
0+500,455,-1.134490252
0+500,456,-1.134490252
0+500,457,-1.134490252
0+500,458,-1.134490252
0+500,459,-1.134490252
0+500,460,-1.134490252
0+500,461,-1.134490252
0+500,462,-0.056609154
0+500,463,-0.056609154
0+500,464,-0.056609154
0+500,465,-0.056609154
0+500,466,-0.056609154
0+500,467,0.132829666
0+500,468,0.132829666
0+500,469,0.132829666
0+500,470,0.132829666
0+500,471,0.132829666
0+500,472,0.132829666
0+500,473,0.132829666
0+500,474,0.871254444
0+500,475,0.871254444
0+500,476,0.871254444
0+500,477,0.871254444
0+500,478,0.871254444
0+500,479,0.871254444
0+500,480,0.871254444
0+500,481,0.871254444
0+500,482,0.871254444
0+500,483,0.871254444
0+500,484,0.871254444
0+500,485,1.119570255
0+500,486,1.582540751
0+500,487,1.582540751
0+500,488,1.582540751
0+500,489,1.582540751
0+500,490,1.582540751
0+500,491,1.582540751
0+500,492,1.582540751
0+500,493,1.582540751
0+500,494,1.582540751
0+500,495,1.582540751
0+500,496,1.582540751
0+500,497,1.582540751
0+500,498,1.582540751
0+500,499,1.582540751
0+500,500,1.582540751
0+600,0,-4.430719852
0+600,1,-4.430719852
0+600,2,-4.430719852
0+600,3,-4.430719852
0+600,4,-4.430719852
0+600,5,-4.430719852
0+600,6,-4.430719852
0+600,7,-4.402656555
0+600,8,-4.374354839
0+600,9,-4.374354839
0+600,10,-4.374354839
0+600,11,-4.374354839
0+600,12,-4.374354839
0+600,13,-4.374354839
0+600,14,-4.374354839
0+600,15,-4.374354839
0+600,16,-4.374354839
0+600,17,-4.374354839
0+600,18,-4.374354839
0+600,19,-4.374354839
0+600,20,-4.345977783
0+600,21,-4.345977783
0+600,22,-4.345977783
0+600,23,-4.345977783
0+600,24,-4.345977783
0+600,25,-4.314645767
0+600,26,-4.314645767
0+600,27,-4.314645767
0+600,28,-4.314645767
0+600,29,-4.314645767
0+600,30,-4.314645767
0+600,31,-4.314645767
0+600,32,-4.284996986
0+600,33,-4.284996986
0+600,34,-4.284996986
0+600,35,-4.284996986
0+600,36,-4.284996986
0+600,37,-4.284996986
0+600,38,-4.284996986
0+600,39,-4.284996986
0+600,40,-4.284996986
0+600,41,-4.284996986
0+600,42,-4.284996986
0+600,43,-4.284996986
0+600,44,-4.22028923
0+600,45,-4.22028923
0+600,46,-4.22028923
0+600,47,-4.22028923
0+600,48,-4.22028923
0+600,49,-4.22028923
0+600,50,-4.22028923
0+600,51,-4.22028923
0+600,52,-4.22028923
0+600,53,-4.22028923
0+600,54,-4.22028923
0+600,55,-4.22028923
0+600,56,-4.188593864
0+600,57,-4.188593864
0+600,58,-4.188593864
0+600,59,-4.188593864
0+600,60,-4.188593864
0+600,61,-4.188593864
0+600,62,-4.151571751
0+600,63,-4.151571751
0+600,64,-4.151571751
0+600,65,-4.151571751
0+600,66,-4.151571751
0+600,67,-4.151571751
0+600,68,-4.118083
0+600,69,-4.118083
0+600,70,-4.118083
0+600,71,-4.118083
0+600,72,-4.118083
0+600,73,-4.118083
0+600,74,-4.118083
0+600,75,-4.118083
0+600,76,-4.118083
0+600,77,-4.118083
0+600,78,-4.118083
0+600,79,-4.118083
0+600,80,-4.083459854
0+600,81,-4.043017387
0+600,82,-4.043017387
0+600,83,-4.043017387
0+600,84,-4.043017387
0+600,85,-4.043017387
0+600,86,-4.043017387
0+600,87,-4.043017387
0+600,88,-4.043017387
0+600,89,-4.043017387
0+600,90,-4.043017387
0+600,91,-4.006199837
0+600,92,-4.006199837
0+600,93,-4.006199837
0+600,94,-4.006199837
0+600,95,-4.006199837
0+600,96,-4.006199837
0+600,97,-4.006199837
0+600,98,-4.006199837
0+600,99,-4.006199837
0+600,100,-3.963058949
0+600,101,-3.963058949
0+600,102,-3.963058949
0+600,103,-3.923799038
0+600,104,-3.923799038
0+600,105,-3.923799038
0+600,106,-3.923799038
0+600,107,-3.923799038
0+600,108,-3.923799038
0+600,109,-3.923799038
0+600,110,-3.923799038
0+600,111,-3.923799038
0+600,112,-3.923799038
0+600,113,-3.923799038
0+600,114,-3.923799038
0+600,115,-3.88279438
0+600,116,-3.88279438
0+600,117,-3.88279438
0+600,118,-3.835933924
0+600,119,-3.835933924
0+600,120,-3.835933924
0+600,121,-3.835933924
0+600,122,-3.835933924
0+600,123,-3.835933924
0+600,124,-3.835933924
0+600,125,-3.835933924
0+600,126,-3.835933924
0+600,127,-3.792142868
0+600,128,-3.792142868
0+600,129,-3.792142868
0+600,130,-3.792142868
0+600,131,-3.792142868
0+600,132,-3.792142868
0+600,133,-3.792142868
0+600,134,-3.792142868
0+600,135,-3.792142868
0+600,136,-3.792142868
0+600,137,-3.742290974
0+600,138,-3.742290974
0+600,139,-3.695505381
0+600,140,-3.695505381
0+600,141,-3.695505381
0+600,142,-3.695505381
0+600,143,-3.695505381
0+600,144,-3.695505381
0+600,145,-3.695505381
0+600,146,-3.695505381
0+600,147,-3.695505381
0+600,148,-3.695505381
0+600,149,-3.695505381
0+600,150,-3.695505381
0+600,151,-3.646718979
0+600,152,-3.646718979
0+600,153,-3.646718979
0+600,154,-3.646718979
0+600,155,-3.592671871
0+600,156,-3.592671871
0+600,157,-3.592671871
0+600,158,-3.592671871
0+600,159,-3.592671871
0+600,160,-3.592671871
0+600,161,-3.592671871
0+600,162,-3.592671871
0+600,163,-3.540788174
0+600,164,-3.540788174
0+600,165,-3.540788174
0+600,166,-3.540788174
0+600,167,-3.540788174
0+600,168,-3.540788174
0+600,169,-3.540788174
0+600,170,-3.540788174
0+600,171,-3.540788174
0+600,172,-3.540788174
0+600,173,-3.540788174
0+600,174,-3.483515501
0+600,175,-3.428483963
0+600,176,-3.428483963
0+600,177,-3.428483963
0+600,178,-3.428483963
0+600,179,-3.428483963
0+600,180,-3.428483963
0+600,181,-3.428483963
0+600,182,-3.428483963
0+600,183,-3.428483963
0+600,184,-3.428483963
0+600,185,-3.428483963
0+600,186,-3.3718431
0+600,187,-3.3718431
0+600,188,-3.3718431
0+600,189,-3.3718431
0+600,190,-3.3718431
0+600,191,-3.3718431
0+600,192,-3.309839249
0+600,193,-3.309839249
0+600,194,-3.309839249
0+600,195,-3.309839249
0+600,196,-3.309839249
0+600,197,-3.309839249
0+600,198,-3.250310659
0+600,199,-3.250310659
0+600,200,-3.250310659
0+600,201,-3.250310659
0+600,202,-3.250310659
0+600,203,-3.250310659
0+600,204,-3.250310659
0+600,205,-3.250310659
0+600,206,-3.250310659
0+600,207,-3.250310659
0+600,208,-3.250310659
0+600,209,-3.250310659
0+600,210,-3.189854622
0+600,211,-3.122606754
0+600,212,-3.122606754
0+600,213,-3.122606754
0+600,214,-3.122606754
0+600,215,-3.122606754
0+600,216,-3.122606754
0+600,217,-3.122606754
0+600,218,-3.122606754
0+600,219,-3.122606754
0+600,220,-3.122606754
0+600,221,-3.122606754
0+600,222,-3.059723377
0+600,223,-3.059723377
0+600,224,-3.059723377
0+600,225,-3.059723377
0+600,226,-3.059723377
0+600,227,-3.059723377
0+600,228,-3.059723377
0+600,229,-2.988847733
0+600,230,-2.988847733
0+600,231,-2.988847733
0+600,232,-2.988847733
0+600,233,-2.988847733
0+600,234,-2.9235847
0+600,235,-2.9235847
0+600,236,-2.9235847
0+600,237,-2.9235847
0+600,238,-2.9235847
0+600,239,-2.9235847
0+600,240,-2.9235847
0+600,241,-2.9235847
0+600,242,-2.9235847
0+600,243,-2.9235847
0+600,244,-2.9235847
0+600,245,-2.9235847
0+600,246,-2.85890913
0+600,247,-2.85890913
0+600,248,-2.781395912
0+600,249,-2.781395912
0+600,250,-2.781395912
0+600,251,-2.781395912
0+600,252,-2.781395912
0+600,253,-2.781395912
0+600,254,-2.781395912
0+600,255,-2.781395912
0+600,256,-2.781395912
0+600,257,-2.781395912
0+600,258,-2.714866638
0+600,259,-2.714866638
0+600,260,-2.714866638
0+600,261,-2.714866638
0+600,262,-2.714866638
0+600,263,-2.714866638
0+600,264,-2.714866638
0+600,265,-2.714866638
0+600,266,-2.633014679
0+600,267,-2.633014679
0+600,268,-2.633014679
0+600,269,-2.564601421
0+600,270,-2.564601421
0+600,271,-2.564601421
0+600,272,-2.564601421
0+600,273,-2.564601421
0+600,274,-2.564601421
0+600,275,-2.564601421
0+600,276,-2.564601421
0+600,277,-2.564601421
0+600,278,-2.564601421
0+600,279,-2.564601421
0+600,280,-2.564601421
0+600,281,-2.498978615
0+600,282,-2.498978615
0+600,283,-2.498978615
0+600,284,-2.498978615
0+600,285,-2.408069134
0+600,286,-2.408069134
0+600,287,-2.408069134
0+600,288,-2.408069134
0+600,289,-2.408069134
0+600,290,-2.408069134
0+600,291,-2.408069134
0+600,292,-2.408069134
0+600,293,-2.3417449
0+600,294,-2.3417449
0+600,295,-2.3417449
0+600,296,-2.3417449
0+600,297,-2.3417449
0+600,298,-2.3417449
0+600,299,-2.3417449
0+600,300,-2.3417449
0+600,301,-2.3417449
0+600,302,-2.3417449
0+600,303,-2.245720387
0+600,304,-2.245720387
0+600,305,-2.179785252
0+600,306,-2.179785252
0+600,307,-2.179785252
0+600,308,-2.179785252
0+600,309,-2.179785252
0+600,310,-2.179785252
0+600,311,-2.179785252
0+600,312,-2.179785252
0+600,313,-2.179785252
0+600,314,-2.179785252
0+600,315,-2.179785252
0+600,316,-2.179785252
0+600,317,-2.120881319
0+600,318,-2.120881319
0+600,319,-2.120881319
0+600,320,-2.120881319
0+600,321,-2.120881319
0+600,322,-2.015846968
0+600,323,-2.015846968
0+600,324,-2.015846968
0+600,325,-2.015846968
0+600,326,-2.015846968
0+600,327,-2.015846968
0+600,328,-2.015846968
0+600,329,-1.963197231
0+600,330,-1.963197231
0+600,331,-1.963197231
0+600,332,-1.963197231
0+600,333,-1.963197231
0+600,334,-1.963197231
0+600,335,-1.963197231
0+600,336,-1.963197231
0+600,337,-1.963197231
0+600,338,-1.963197231
0+600,339,-1.963197231
0+600,340,-1.963197231
0+600,341,-1.814818621
0+600,342,-1.814818621
0+600,343,-1.814818621
0+600,344,-1.814818621
0+600,345,-1.814818621
0+600,346,-1.814818621
0+600,347,-1.814818621
0+600,348,-1.814818621
0+600,349,-1.814818621
0+600,350,-1.814818621
0+600,351,-1.814818621
0+600,352,-1.792818189
0+600,353,-1.792818189
0+600,354,-1.792818189
0+600,355,-1.792818189
0+600,356,-1.792818189
0+600,357,-1.792818189
0+600,358,-1.792818189
0+600,359,-1.68418467
0+600,360,-1.68418467
0+600,361,-1.68418467
0+600,362,-1.68418467
0+600,363,-1.68418467
0+600,364,-1.692592144
0+600,365,-1.692592144
0+600,366,-1.692592144
0+600,367,-1.692592144
0+600,368,-1.692592144
0+600,369,-1.692592144
0+600,370,-1.692592144
0+600,371,-1.692592144
0+600,372,-1.692592144
0+600,373,-1.692592144
0+600,374,-1.692592144
0+600,375,-1.692592144
0+600,376,-1.730569005
0+600,377,-1.730569005
0+600,378,-1.605598688
0+600,379,-1.605598688
0+600,380,-1.605598688
0+600,381,-1.605598688
0+600,382,-1.605598688
0+600,383,-1.605598688
0+600,384,-1.605598688
0+600,385,-1.605598688
0+600,386,-1.605598688
0+600,387,-1.605598688
0+600,388,-1.679645658
0+600,389,-1.679645658
0+600,390,-1.679645658
0+600,391,-1.679645658
0+600,392,-1.679645658
0+600,393,-1.679645658
0+600,394,-1.679645658
0+600,395,-1.679645658
0+600,396,-1.507926226
0+600,397,-1.507926226
0+600,398,-1.507926226
0+600,399,-1.507926226
0+600,400,-1.618648291
0+600,401,-1.618648291
0+600,402,-1.618648291
0+600,403,-1.618648291
0+600,404,-1.618648291
0+600,405,-1.618648291
0+600,406,-1.618648291
0+600,407,-1.618648291
0+600,408,-1.618648291
0+600,409,-1.618648291
0+600,410,-1.618648291
0+600,411,-1.618648291
0+600,412,-1.673608184
0+600,413,-1.673608184
0+600,414,-1.673608184
0+600,415,-1.462489367
0+600,416,-1.462489367
0+600,417,-1.462489367
0+600,418,-1.462489367
0+600,419,-1.462489367
0+600,420,-1.462489367
0+600,421,-1.462489367
0+600,422,-1.462489367
0+600,423,-1.462489367
0+600,424,-1.409778237
0+600,425,-1.409778237
0+600,426,-1.409778237
0+600,427,-1.409778237
0+600,428,-1.409778237
0+600,429,-1.409778237
0+600,430,-1.409778237
0+600,431,-1.409778237
0+600,432,-1.409778237
0+600,433,-1.208346844
0+600,434,-1.208346844
0+600,435,-1.208346844
0+600,436,-1.068740368
0+600,437,-1.068740368
0+600,438,-1.068740368
0+600,439,-1.068740368
0+600,440,-1.068740368
0+600,441,-1.068740368
0+600,442,-1.068740368
0+600,443,-1.068740368
0+600,444,-1.068740368
0+600,445,-1.068740368
0+600,446,-1.068740368
0+600,447,-0.620860994
0+600,448,-0.620860994
0+600,449,-0.620860994
0+600,450,-0.620860994
0+600,451,-0.620860994
0+600,452,-0.134098411
0+600,453,-0.134098411
0+600,454,-0.134098411
0+600,455,-0.134098411
0+600,456,-0.134098411
0+600,457,-0.134098411
0+600,458,-0.134098411
0+600,459,0.652023911
0+600,460,0.652023911
0+600,461,0.652023911
0+600,462,0.652023911
0+600,463,0.652023911
0+600,464,0.652023911
0+600,465,0.652023911
0+600,466,0.652023911
0+600,467,0.652023911
0+600,468,0.652023911
0+600,469,0.652023911
0+600,470,1.047198772
0+600,471,1.605652809
0+600,472,1.605652809
0+600,473,1.605652809
0+600,474,1.605652809
0+600,475,1.605652809
0+600,476,1.605652809
0+600,477,1.605652809
0+600,478,1.605652809
0+600,479,1.605652809
0+600,480,1.605652809
0+600,481,1.605652809
0+600,482,1.605652809
0+600,483,2.079318762
0+600,484,2.079318762
0+600,485,2.079318762
0+600,486,2.079318762
0+600,487,2.079318762
0+600,488,2.079318762
0+600,489,2.256013393
0+600,490,2.256013393
0+600,491,2.256013393
0+600,492,2.256013393
0+600,493,2.256013393
0+600,494,2.256013393
0+600,495,2.554270744
0+600,496,2.554270744
0+600,497,2.554270744
0+600,498,2.554270744
0+600,499,2.554270744
0+600,500,2.554270744
0+700,0,-4.46066761
0+700,1,-4.46066761
0+700,2,-4.46066761
0+700,3,-4.46066761
0+700,4,-4.46066761
0+700,5,-4.427926064
0+700,6,-4.427926064
0+700,7,-4.427926064
0+700,8,-4.427926064
0+700,9,-4.427926064
0+700,10,-4.412266731
0+700,11,-4.412266731
0+700,12,-4.412266731
0+700,13,-4.412266731
0+700,14,-4.412266731
0+700,15,-4.412266731
0+700,16,-4.412266731
0+700,17,-4.377943993
0+700,18,-4.377943993
0+700,19,-4.377943993
0+700,20,-4.377943993
0+700,21,-4.377943993
0+700,22,-4.377943993
0+700,23,-4.377943993
0+700,24,-4.377943993
0+700,25,-4.377943993
0+700,26,-4.377943993
0+700,27,-4.377943993
0+700,28,-4.377943993
0+700,29,-4.325050354
0+700,30,-4.325050354
0+700,31,-4.325050354
0+700,32,-4.325050354
0+700,33,-4.325050354
0+700,34,-4.325050354
0+700,35,-4.325050354
0+700,36,-4.325050354
0+700,37,-4.325050354
0+700,38,-4.325050354
0+700,39,-4.325050354
0+700,40,-4.325050354
0+700,41,-4.28769207
0+700,42,-4.28769207
0+700,43,-4.28769207
0+700,44,-4.28769207
0+700,45,-4.28769207
0+700,46,-4.28769207
0+700,47,-4.28769207
0+700,48,-4.269031525
0+700,49,-4.269031525
0+700,50,-4.269031525
0+700,51,-4.269031525
0+700,52,-4.269031525
0+700,53,-4.229978561
0+700,54,-4.229978561
0+700,55,-4.229978561
0+700,56,-4.229978561
0+700,57,-4.229978561
0+700,58,-4.229978561
0+700,59,-4.229978561
0+700,60,-4.229978561
0+700,61,-4.229978561
0+700,62,-4.229978561
0+700,63,-4.229978561
0+700,64,-4.229978561
0+700,65,-4.189675331
0+700,66,-4.168893337
0+700,67,-4.168893337
0+700,68,-4.168893337
0+700,69,-4.168893337
0+700,70,-4.168893337
0+700,71,-4.168893337
0+700,72,-4.168893337
0+700,73,-4.168893337
0+700,74,-4.168893337
0+700,75,-4.168893337
0+700,76,-4.126895905
0+700,77,-4.126895905
0+700,78,-4.126895905
0+700,79,-4.126895905
0+700,80,-4.126895905
0+700,81,-4.126895905
0+700,82,-4.126895905
0+700,83,-4.126895905
0+700,84,-4.126895905
0+700,85,-4.104204178
0+700,86,-4.104204178
0+700,87,-4.104204178
0+700,88,-4.060513496
0+700,89,-4.060513496
0+700,90,-4.060513496
0+700,91,-4.060513496
0+700,92,-4.060513496
0+700,93,-4.060513496
0+700,94,-4.060513496
0+700,95,-4.060513496
0+700,96,-4.060513496
0+700,97,-4.060513496
0+700,98,-4.060513496
0+700,99,-4.060513496
0+700,100,-4.015780926
0+700,101,-4.015780926
0+700,102,-4.015780926
0+700,103,-3.990277767
0+700,104,-3.990277767
0+700,105,-3.990277767
0+700,106,-3.990277767
0+700,107,-3.990277767
0+700,108,-3.990277767
0+700,109,-3.990277767
0+700,110,-3.990277767
0+700,111,-3.990277767
0+700,112,-3.94388938
0+700,113,-3.94388938
0+700,114,-3.94388938
0+700,115,-3.94388938
0+700,116,-3.94388938
0+700,117,-3.94388938
0+700,118,-3.94388938
0+700,119,-3.94388938
0+700,120,-3.94388938
0+700,121,-3.94388938
0+700,122,-3.915932178
0+700,123,-3.915932178
0+700,124,-3.867915392
0+700,125,-3.867915392
0+700,126,-3.867915392
0+700,127,-3.867915392
0+700,128,-3.867915392
0+700,129,-3.867915392
0+700,130,-3.867915392
0+700,131,-3.867915392
0+700,132,-3.867915392
0+700,133,-3.867915392
0+700,134,-3.867915392
0+700,135,-3.867915392
0+700,136,-3.819054604
0+700,137,-3.819054604
0+700,138,-3.819054604
0+700,139,-3.819054604
0+700,140,-3.78763175
0+700,141,-3.78763175
0+700,142,-3.78763175
0+700,143,-3.78763175
0+700,144,-3.78763175
0+700,145,-3.78763175
0+700,146,-3.78763175
0+700,147,-3.78763175
0+700,148,-3.737238884
0+700,149,-3.737238884
0+700,150,-3.737238884
0+700,151,-3.737238884
0+700,152,-3.737238884
0+700,153,-3.737238884
0+700,154,-3.737238884
0+700,155,-3.737238884
0+700,156,-3.737238884
0+700,157,-3.737238884
0+700,158,-3.737238884
0+700,159,-3.651034355
0+700,160,-3.651034355
0+700,161,-3.651034355
0+700,162,-3.651034355
0+700,163,-3.651034355
0+700,164,-3.651034355
0+700,165,-3.651034355
0+700,166,-3.651034355
0+700,167,-3.651034355
0+700,168,-3.651034355
0+700,169,-3.651034355
0+700,170,-3.651034355
0+700,171,-3.598518133
0+700,172,-3.598518133
0+700,173,-3.598518133
0+700,174,-3.598518133
0+700,175,-3.598518133
0+700,176,-3.598518133
0+700,177,-3.560407162
0+700,178,-3.560407162
0+700,179,-3.560407162
0+700,180,-3.560407162
0+700,181,-3.560407162
0+700,182,-3.560407162
0+700,183,-3.506737709
0+700,184,-3.506737709
0+700,185,-3.506737709
0+700,186,-3.506737709
0+700,187,-3.506737709
0+700,188,-3.506737709
0+700,189,-3.506737709
0+700,190,-3.506737709
0+700,191,-3.506737709
0+700,192,-3.506737709
0+700,193,-3.506737709
0+700,194,-3.506737709
0+700,195,-3.452437639
0+700,196,-3.410986423
0+700,197,-3.410986423
0+700,198,-3.410986423
0+700,199,-3.410986423
0+700,200,-3.410986423
0+700,201,-3.410986423
0+700,202,-3.410986423
0+700,203,-3.410986423
0+700,204,-3.410986423
0+700,205,-3.410986423
0+700,206,-3.410986423
0+700,207,-3.356001854
0+700,208,-3.356001854
0+700,209,-3.356001854
0+700,210,-3.356001854
0+700,211,-3.356001854
0+700,212,-3.356001854
0+700,213,-3.356001854
0+700,214,-3.311714172
0+700,215,-3.311714172
0+700,216,-3.311714172
0+700,217,-3.311714172
0+700,218,-3.311714172
0+700,219,-3.256567717
0+700,220,-3.256567717
0+700,221,-3.256567717
0+700,222,-3.256567717
0+700,223,-3.256567717
0+700,224,-3.256567717
0+700,225,-3.256567717
0+700,226,-3.256567717
0+700,227,-3.256567717
0+700,228,-3.256567717
0+700,229,-3.256567717
0+700,230,-3.256567717
0+700,231,-3.201025486
0+700,232,-3.201025486
0+700,233,-3.154940605
0+700,234,-3.154940605
0+700,235,-3.154940605
0+700,236,-3.154940605
0+700,237,-3.154940605
0+700,238,-3.154940605
0+700,239,-3.154940605
0+700,240,-3.154940605
0+700,241,-3.154940605
0+700,242,-3.154940605
0+700,243,-3.100133896
0+700,244,-3.100133896
0+700,245,-3.100133896
0+700,246,-3.100133896
0+700,247,-3.100133896
0+700,248,-3.100133896
0+700,249,-3.100133896
0+700,250,-3.100133896
0+700,251,-3.0520401
0+700,252,-3.0520401
0+700,253,-3.0520401
0+700,254,-2.998800993
0+700,255,-2.998800993
0+700,256,-2.998800993
0+700,257,-2.998800993
0+700,258,-2.998800993
0+700,259,-2.998800993
0+700,260,-2.998800993
0+700,261,-2.998800993
0+700,262,-2.998800993
0+700,263,-2.998800993
0+700,264,-2.998800993
0+700,265,-2.998800993
0+700,266,-2.945240498
0+700,267,-2.945240498
0+700,268,-2.945240498
0+700,269,-2.945240498
0+700,270,-2.897981167
0+700,271,-2.897981167
0+700,272,-2.897981167
0+700,273,-2.897981167
0+700,274,-2.897981167
0+700,275,-2.897981167
0+700,276,-2.897981167
0+700,277,-2.897981167
0+700,278,-2.847136021
0+700,279,-2.847136021
0+700,280,-2.847136021
0+700,281,-2.847136021
0+700,282,-2.847136021
0+700,283,-2.847136021
0+700,284,-2.847136021
0+700,285,-2.847136021
0+700,286,-2.847136021
0+700,287,-2.847136021
0+700,288,-2.847136021
0+700,289,-2.798326254
0+700,290,-2.751264095
0+700,291,-2.751264095
0+700,292,-2.751264095
0+700,293,-2.751264095
0+700,294,-2.751264095
0+700,295,-2.751264095
0+700,296,-2.751264095
0+700,297,-2.751264095
0+700,298,-2.751264095
0+700,299,-2.751264095
0+700,300,-2.751264095
0+700,301,-2.751264095
0+700,302,-2.70225668
0+700,303,-2.70225668
0+700,304,-2.70225668
0+700,305,-2.70225668
0+700,306,-2.70225668
0+700,307,-2.657847404
0+700,308,-2.657847404
0+700,309,-2.657847404
0+700,310,-2.657847404
0+700,311,-2.657847404
0+700,312,-2.657847404
0+700,313,-2.657847404
0+700,314,-2.613958836
0+700,315,-2.613958836
0+700,316,-2.613958836
0+700,317,-2.613958836
0+700,318,-2.613958836
0+700,319,-2.613958836
0+700,320,-2.613958836
0+700,321,-2.613958836
0+700,322,-2.613958836
0+700,323,-2.613958836
0+700,324,-2.613958836
0+700,325,-2.613958836
0+700,326,-2.529087543
0+700,327,-2.529087543
0+700,328,-2.529087543
0+700,329,-2.529087543
0+700,330,-2.529087543
0+700,331,-2.529087543
0+700,332,-2.529087543
0+700,333,-2.529087543
0+700,334,-2.529087543
0+700,335,-2.529087543
0+700,336,-2.529087543
0+700,337,-2.49159956
0+700,338,-2.49159956
0+700,339,-2.49159956
0+700,340,-2.49159956
0+700,341,-2.49159956
0+700,342,-2.49159956
0+700,343,-2.49159956
0+700,344,-2.446371555
0+700,345,-2.446371555
0+700,346,-2.446371555
0+700,347,-2.446371555
0+700,348,-2.446371555
0+700,349,-2.413588762
0+700,350,-2.413588762
0+700,351,-2.413588762
0+700,352,-2.413588762
0+700,353,-2.413588762
0+700,354,-2.413588762
0+700,355,-2.413588762
0+700,356,-2.413588762
0+700,357,-2.413588762
0+700,358,-2.413588762
0+700,359,-2.413588762
0+700,360,-2.413588762
0+700,361,-2.37242198
0+700,362,-2.37242198
0+700,363,-2.321044445
0+700,364,-2.321044445
0+700,365,-2.321044445
0+700,366,-2.321044445
0+700,367,-2.321044445
0+700,368,-2.321044445
0+700,369,-2.321044445
0+700,370,-2.321044445
0+700,371,-2.321044445
0+700,372,-2.321044445
0+700,373,-2.252723694
0+700,374,-2.252723694
0+700,375,-2.252723694
0+700,376,-2.252723694
0+700,377,-2.252723694
0+700,378,-2.252723694
0+700,379,-2.252723694
0+700,380,-2.252723694
0+700,381,-2.185928822
0+700,382,-2.185928822
0+700,383,-2.185928822
0+700,384,-2.185928822
0+700,385,-2.066653252
0+700,386,-2.066653252
0+700,387,-2.066653252
0+700,388,-2.066653252
0+700,389,-2.066653252
0+700,390,-2.066653252
0+700,391,-2.066653252
0+700,392,-2.066653252
0+700,393,-2.066653252
0+700,394,-2.066653252
0+700,395,-2.066653252
0+700,396,-2.066653252
0+700,397,-2.01204133
0+700,398,-2.01204133
0+700,399,-2.01204133
0+700,400,-1.994788408
0+700,401,-1.994788408
0+700,402,-1.994788408
0+700,403,-1.994788408
0+700,404,-1.994788408
0+700,405,-1.994788408
0+700,406,-1.994788408
0+700,407,-1.994788408
0+700,408,-1.994788408
0+700,409,-1.95047164
0+700,410,-1.95047164
0+700,411,-1.95047164
0+700,412,-1.95047164
0+700,413,-1.95047164
0+700,414,-1.95047164
0+700,415,-1.95047164
0+700,416,-1.95047164
0+700,417,-1.95047164
0+700,418,-1.75553453
0+700,419,-1.75553453
0+700,420,-1.553171515
0+700,421,-1.553171515
0+700,422,-1.553171515
0+700,423,-1.553171515
0+700,424,-1.553171515
0+700,425,-1.553171515
0+700,426,-1.553171515
0+700,427,-1.553171515
0+700,428,-1.553171515
0+700,429,-1.553171515
0+700,430,-1.553171515
0+700,431,-1.553171515
0+700,432,-1.252743721
0+700,433,-1.252743721
0+700,434,-1.252743721
0+700,435,-1.252743721
0+700,436,-1.252743721
0+700,437,-1.106441975
0+700,438,-1.106441975
0+700,439,-1.106441975
0+700,440,-1.106441975
0+700,441,-1.106441975
0+700,442,-1.106441975
0+700,443,-1.106441975
0+700,444,-0.61892271
0+700,445,-0.61892271
0+700,446,-0.61892271
0+700,447,-0.61892271
0+700,448,-0.61892271
0+700,449,-0.61892271
0+700,450,-0.61892271
0+700,451,-0.61892271
0+700,452,-0.61892271
0+700,453,-0.61892271
0+700,454,-0.61892271
0+700,455,-0.333304673
0+700,456,0.335673273
0+700,457,0.335673273
0+700,458,0.335673273
0+700,459,0.335673273
0+700,460,0.335673273
0+700,461,0.335673273
0+700,462,0.335673273
0+700,463,0.335673273
0+700,464,0.335673273
0+700,465,0.335673273
0+700,466,0.335673273
0+700,467,0.335673273
0+700,468,1.018187761
0+700,469,1.018187761
0+700,470,1.018187761
0+700,471,1.018187761
0+700,472,1.018187761
0+700,473,1.018187761
0+700,474,1.360797644
0+700,475,1.360797644
0+700,476,1.360797644
0+700,477,1.360797644
0+700,478,1.360797644
0+700,479,1.360797644
0+700,480,1.939633608
0+700,481,1.939633608
0+700,482,1.939633608
0+700,483,1.939633608
0+700,484,1.939633608
0+700,485,1.939633608
0+700,486,1.939633608
0+700,487,1.939633608
0+700,488,1.939633608
0+700,489,1.939633608
0+700,490,1.939633608
0+700,491,1.939633608
0+700,492,2.583276033
0+700,493,2.583276033
0+700,494,2.583276033
0+700,495,2.583276033
0+700,496,2.583276033
0+700,497,2.583276033
0+700,498,2.583276033
0+700,499,2.583276033
0+700,500,2.583276033
0+800,0,-4.414120197
0+800,1,-4.414120197
0+800,2,-4.381746292
0+800,3,-4.381746292
0+800,4,-4.381746292
0+800,5,-4.381746292
0+800,6,-4.381746292
0+800,7,-4.381746292
0+800,8,-4.381746292
0+800,9,-4.381746292
0+800,10,-4.381746292
0+800,11,-4.381746292
0+800,12,-4.381746292
0+800,13,-4.381746292
0+800,14,-4.331628799
0+800,15,-4.331628799
0+800,16,-4.331628799
0+800,17,-4.331628799
0+800,18,-4.331628799
0+800,19,-4.331628799
0+800,20,-4.331628799
0+800,21,-4.331628799
0+800,22,-4.331628799
0+800,23,-4.331628799
0+800,24,-4.331628799
0+800,25,-4.331628799
0+800,26,-4.297095299
0+800,27,-4.297095299
0+800,28,-4.297095299
0+800,29,-4.297095299
0+800,30,-4.297095299
0+800,31,-4.297095299
0+800,32,-4.297095299
0+800,33,-4.279335976
0+800,34,-4.279335976
0+800,35,-4.279335976
0+800,36,-4.279335976
0+800,37,-4.279335976
0+800,38,-4.243311405
0+800,39,-4.243311405
0+800,40,-4.243311405
0+800,41,-4.243311405
0+800,42,-4.243311405
0+800,43,-4.243311405
0+800,44,-4.243311405
0+800,45,-4.243311405
0+800,46,-4.243311405
0+800,47,-4.243311405
0+800,48,-4.243311405
0+800,49,-4.206271172
0+800,50,-4.206271172
0+800,51,-4.187090874
0+800,52,-4.187090874
0+800,53,-4.187090874
0+800,54,-4.187090874
0+800,55,-4.187090874
0+800,56,-4.187090874
0+800,57,-4.187090874
0+800,58,-4.187090874
0+800,59,-4.187090874
0+800,60,-4.187090874
0+800,61,-4.148374557
0+800,62,-4.148374557
0+800,63,-4.148374557
0+800,64,-4.148374557
0+800,65,-4.148374557
0+800,66,-4.148374557
0+800,67,-4.148374557
0+800,68,-4.148374557
0+800,69,-4.148374557
0+800,70,-4.128250599
0+800,71,-4.128250599
0+800,72,-4.128250599
0+800,73,-4.087744713
0+800,74,-4.087744713
0+800,75,-4.087744713
0+800,76,-4.087744713
0+800,77,-4.087744713
0+800,78,-4.087744713
0+800,79,-4.087744713
0+800,80,-4.087744713
0+800,81,-4.087744713
0+800,82,-4.087744713
0+800,83,-4.087744713
0+800,84,-4.087744713
0+800,85,-4.04585886
0+800,86,-4.04585886
0+800,87,-4.04585886
0+800,88,-4.024200916
0+800,89,-4.024200916
0+800,90,-4.024200916
0+800,91,-4.024200916
0+800,92,-4.024200916
0+800,93,-4.024200916
0+800,94,-4.024200916
0+800,95,-4.024200916
0+800,96,-4.024200916
0+800,97,-3.980288267
0+800,98,-3.980288267
0+800,99,-3.980288267
0+800,100,-3.980288267
0+800,101,-3.980288267
0+800,102,-3.980288267
0+800,103,-3.980288267
0+800,104,-3.980288267
0+800,105,-3.980288267
0+800,106,-3.980288267
0+800,107,-3.957576275
0+800,108,-3.957576275
0+800,109,-3.911510468
0+800,110,-3.911510468
0+800,111,-3.911510468
0+800,112,-3.911510468
0+800,113,-3.911510468
0+800,114,-3.911510468
0+800,115,-3.911510468
0+800,116,-3.911510468
0+800,117,-3.911510468
0+800,118,-3.911510468
0+800,119,-3.911510468
0+800,120,-3.911510468
0+800,121,-3.863660574
0+800,122,-3.863660574
0+800,123,-3.863660574
0+800,124,-3.863660574
0+800,125,-3.839389801
0+800,126,-3.839389801
0+800,127,-3.839389801
0+800,128,-3.839389801
0+800,129,-3.839389801
0+800,130,-3.839389801
0+800,131,-3.839389801
0+800,132,-3.839389801
0+800,133,-3.789164066
0+800,134,-3.789164066
0+800,135,-3.789164066
0+800,136,-3.789164066
0+800,137,-3.789164066
0+800,138,-3.789164066
0+800,139,-3.789164066
0+800,140,-3.789164066
0+800,141,-3.789164066
0+800,142,-3.789164066
0+800,143,-3.789164066
0+800,144,-3.711133957
0+800,145,-3.711133957
0+800,146,-3.711133957
0+800,147,-3.711133957
0+800,148,-3.711133957
0+800,149,-3.711133957
0+800,150,-3.711133957
0+800,151,-3.711133957
0+800,152,-3.711133957
0+800,153,-3.711133957
0+800,154,-3.711133957
0+800,155,-3.711133957
0+800,156,-3.656380653
0+800,157,-3.656380653
0+800,158,-3.656380653
0+800,159,-3.656380653
0+800,160,-3.656380653
0+800,161,-3.656380653
0+800,162,-3.629535198
0+800,163,-3.629535198
0+800,164,-3.629535198
0+800,165,-3.629535198
0+800,166,-3.629535198
0+800,167,-3.629535198
0+800,168,-3.572208405
0+800,169,-3.572208405
0+800,170,-3.572208405
0+800,171,-3.572208405
0+800,172,-3.572208405
0+800,173,-3.572208405
0+800,174,-3.572208405
0+800,175,-3.572208405
0+800,176,-3.572208405
0+800,177,-3.572208405
0+800,178,-3.572208405
0+800,179,-3.572208405
0+800,180,-3.512172222
0+800,181,-3.484504461
0+800,182,-3.484504461
0+800,183,-3.484504461
0+800,184,-3.484504461
0+800,185,-3.484504461
0+800,186,-3.484504461
0+800,187,-3.484504461
0+800,188,-3.484504461
0+800,189,-3.484504461
0+800,190,-3.484504461
0+800,191,-3.484504461
0+800,192,-3.421858788
0+800,193,-3.421858788
0+800,194,-3.421858788
0+800,195,-3.421858788
0+800,196,-3.421858788
0+800,197,-3.421858788
0+800,198,-3.421858788
0+800,199,-3.421858788
0+800,200,-3.393394232
0+800,201,-3.393394232
0+800,202,-3.393394232
0+800,203,-3.393394232
0+800,204,-3.328246355
0+800,205,-3.328246355
0+800,206,-3.328246355
0+800,207,-3.328246355
0+800,208,-3.328246355
0+800,209,-3.328246355
0+800,210,-3.328246355
0+800,211,-3.328246355
0+800,212,-3.328246355
0+800,213,-3.328246355
0+800,214,-3.328246355
0+800,215,-3.328246355
0+800,216,-3.260873795
0+800,217,-3.260873795
0+800,218,-3.231594324
0+800,219,-3.231594324
0+800,220,-3.231594324
0+800,221,-3.231594324
0+800,222,-3.231594324
0+800,223,-3.231594324
0+800,224,-3.231594324
0+800,225,-3.231594324
0+800,226,-3.231594324
0+800,227,-3.161963701
0+800,228,-3.161963701
0+800,229,-3.161963701
0+800,230,-3.161963701
0+800,231,-3.161963701
0+800,232,-3.161963701
0+800,233,-3.161963701
0+800,234,-3.161963701
0+800,235,-3.161963701
0+800,236,-3.161963701
0+800,237,-3.13224411
0+800,238,-3.13224411
0+800,239,-3.060674667
0+800,240,-3.060674667
0+800,241,-3.060674667
0+800,242,-3.060674667
0+800,243,-3.060674667
0+800,244,-3.060674667
0+800,245,-3.060674667
0+800,246,-3.060674667
0+800,247,-3.060674667
0+800,248,-3.060674667
0+800,249,-3.060674667
0+800,250,-3.060674667
0+800,251,-2.987237692
0+800,252,-2.987237692
0+800,253,-2.987237692
0+800,254,-2.987237692
0+800,255,-2.957561731
0+800,256,-2.957561731
0+800,257,-2.957561731
0+800,258,-2.957561731
0+800,259,-2.957561731
0+800,260,-2.957561731
0+800,261,-2.957561731
0+800,262,-2.957561731
0+800,263,-2.882954359
0+800,264,-2.882954359
0+800,265,-2.882954359
0+800,266,-2.882954359
0+800,267,-2.882954359
0+800,268,-2.882954359
0+800,269,-2.882954359
0+800,270,-2.882954359
0+800,271,-2.882954359
0+800,272,-2.882954359
0+800,273,-2.882954359
0+800,274,-2.853284836
0+800,275,-2.778226852
0+800,276,-2.778226852
0+800,277,-2.778226852
0+800,278,-2.778226852
0+800,279,-2.778226852
0+800,280,-2.778226852
0+800,281,-2.778226852
0+800,282,-2.778226852
0+800,283,-2.778226852
0+800,284,-2.778226852
0+800,285,-2.778226852
0+800,286,-2.778226852
0+800,287,-2.702572346
0+800,288,-2.702572346
0+800,289,-2.702572346
0+800,290,-2.702572346
0+800,291,-2.702572346
0+800,292,-2.673933983
0+800,293,-2.673933983
0+800,294,-2.673933983
0+800,295,-2.673933983
0+800,296,-2.673933983
0+800,297,-2.673933983
0+800,298,-2.673933983
0+800,299,-2.599672794
0+800,300,-2.599672794
0+800,301,-2.599672794
0+800,302,-2.599672794
0+800,303,-2.599672794
0+800,304,-2.599672794
0+800,305,-2.599672794
0+800,306,-2.599672794
0+800,307,-2.599672794
0+800,308,-2.599672794
0+800,309,-2.599672794
0+800,310,-2.526319981
0+800,311,-2.498884916
0+800,312,-2.498884916
0+800,313,-2.498884916
0+800,314,-2.498884916
0+800,315,-2.498884916
0+800,316,-2.498884916
0+800,317,-2.498884916
0+800,318,-2.498884916
0+800,319,-2.498884916
0+800,320,-2.498884916
0+800,321,-2.498884916
0+800,322,-2.429494143
0+800,323,-2.429494143
0+800,324,-2.429494143
0+800,325,-2.429494143
0+800,326,-2.429494143
0+800,327,-2.429494143
0+800,328,-2.429494143
0+800,329,-2.395031929
0+800,330,-2.395031929
0+800,331,-2.395031929
0+800,332,-2.395031929
0+800,333,-2.395031929
0+800,334,-2.328510761
0+800,335,-2.328510761
0+800,336,-2.328510761
0+800,337,-2.328510761
0+800,338,-2.328510761
0+800,339,-2.328510761
0+800,340,-2.328510761
0+800,341,-2.328510761
0+800,342,-2.328510761
0+800,343,-2.328510761
0+800,344,-2.328510761
0+800,345,-2.328510761
0+800,346,-2.267887354
0+800,347,-2.267887354
0+800,348,-2.222167015
0+800,349,-2.222167015
0+800,350,-2.222167015
0+800,351,-2.222167015
0+800,352,-2.222167015
0+800,353,-2.222167015
0+800,354,-2.222167015
0+800,355,-2.222167015
0+800,356,-2.222167015
0+800,357,-2.222167015
0+800,358,-2.165974617
0+800,359,-2.165974617
0+800,360,-2.165974617
0+800,361,-2.165974617
0+800,362,-2.165974617
0+800,363,-2.165974617
0+800,364,-2.165974617
0+800,365,-2.165974617
0+800,366,-2.101885557
0+800,367,-2.101885557
0+800,368,-2.101885557
0+800,369,-2.101885557
0+800,370,-2.046971321
0+800,371,-2.046971321
0+800,372,-2.046971321
0+800,373,-2.046971321
0+800,374,-2.046971321
0+800,375,-2.046971321
0+800,376,-2.046971321
0+800,377,-2.046971321
0+800,378,-2.046971321
0+800,379,-2.046971321
0+800,380,-2.046971321
0+800,381,-2.046971321
0+800,382,-2.006807327
0+800,383,-2.006807327
0+800,384,-2.006807327
0+800,385,-1.906565428
0+800,386,-1.906565428
0+800,387,-1.906565428
0+800,388,-1.906565428
0+800,389,-1.906565428
0+800,390,-1.906565428
0+800,391,-1.906565428
0+800,392,-1.906565428
0+800,393,-1.906565428
0+800,394,-1.873411655
0+800,395,-1.873411655
0+800,396,-1.873411655
0+800,397,-1.873411655
0+800,398,-1.873411655
0+800,399,-1.873411655
0+800,400,-1.873411655
0+800,401,-1.873411655
0+800,402,-1.873411655
0+800,403,-1.759911895
0+800,404,-1.759911895
0+800,405,-1.741098046
0+800,406,-1.741098046
0+800,407,-1.741098046
0+800,408,-1.741098046
0+800,409,-1.741098046
0+800,410,-1.741098046
0+800,411,-1.741098046
0+800,412,-1.741098046
0+800,413,-1.741098046
0+800,414,-1.741098046
0+800,415,-1.741098046
0+800,416,-1.741098046
0+800,417,-1.893288255
0+800,418,-1.893288255
0+800,419,-1.893288255
0+800,420,-1.893288255
0+800,421,-1.893288255
0+800,422,-1.767769575
0+800,423,-1.767769575
0+800,424,-1.767769575
0+800,425,-1.767769575
0+800,426,-1.767769575
0+800,427,-1.767769575
0+800,428,-1.767769575
0+800,429,-1.697638988
0+800,430,-1.697638988
0+800,431,-1.697638988
0+800,432,-1.697638988
0+800,433,-1.697638988
0+800,434,-1.697638988
0+800,435,-1.697638988
0+800,436,-1.697638988
0+800,437,-1.697638988
0+800,438,-1.697638988
0+800,439,-1.697638988
0+800,440,-1.697638988
0+800,441,-1.290241957
0+800,442,-1.290241957
0+800,443,-1.290241957
0+800,444,-1.290241957
0+800,445,-1.290241957
0+800,446,-1.290241957
0+800,447,-1.290241957
0+800,448,-1.290241957
0+800,449,-1.290241957
0+800,450,-1.290241957
0+800,451,-1.290241957
0+800,452,-1.290241957
0+800,453,-0.678319335
0+800,454,-0.678319335
0+800,455,-0.678319335
0+800,456,-0.678319335
0+800,457,-0.678319335
0+800,458,-0.678319335
0+800,459,-0.254816383
0+800,460,-0.254816383
0+800,461,-0.254816383
0+800,462,-0.254816383
0+800,463,-0.254816383
0+800,464,-0.254816383
0+800,465,0.398449838
0+800,466,0.398449838
0+800,467,0.398449838
0+800,468,0.398449838
0+800,469,0.398449838
0+800,470,0.398449838
0+800,471,0.398449838
0+800,472,0.398449838
0+800,473,0.398449838
0+800,474,0.398449838
0+800,475,0.398449838
0+800,476,0.398449838
0+800,477,0.900874734
0+800,478,1.263908386
0+800,479,1.263908386
0+800,480,1.263908386
0+800,481,1.263908386
0+800,482,1.263908386
0+800,483,1.263908386
0+800,484,1.263908386
0+800,485,1.263908386
0+800,486,1.263908386
0+800,487,1.263908386
0+800,488,1.574980974
0+800,489,1.574980974
0+800,490,1.574980974
0+800,491,1.574980974
0+800,492,1.574980974
0+800,493,1.574980974
0+800,494,1.574980974
0+800,495,1.574980974
0+800,496,1.805144906
0+800,497,1.805144906
0+800,498,1.805144906
0+800,499,1.805144906
0+800,500,1.805144906
0+900,0,-4.354226589
0+900,1,-4.354226589
0+900,2,-4.354226589
0+900,3,-4.354226589
0+900,4,-4.354226589
0+900,5,-4.354226589
0+900,6,-4.354226589
0+900,7,-4.354226589
0+900,8,-4.354226589
0+900,9,-4.354226589
0+900,10,-4.354226589
0+900,11,-4.319140911
0+900,12,-4.319140911
0+900,13,-4.319140911
0+900,14,-4.319140911
0+900,15,-4.319140911
0+900,16,-4.319140911
0+900,17,-4.319140911
0+900,18,-4.29961586
0+900,19,-4.29961586
0+900,20,-4.29961586
0+900,21,-4.29961586
0+900,22,-4.29961586
0+900,23,-4.262886047
0+900,24,-4.262886047
0+900,25,-4.262886047
0+900,26,-4.262886047
0+900,27,-4.262886047
0+900,28,-4.262886047
0+900,29,-4.262886047
0+900,30,-4.262886047
0+900,31,-4.262886047
0+900,32,-4.262886047
0+900,33,-4.262886047
0+900,34,-4.224983692
0+900,35,-4.224983692
0+900,36,-4.20468235
0+900,37,-4.20468235
0+900,38,-4.20468235
0+900,39,-4.20468235
0+900,40,-4.20468235
0+900,41,-4.20468235
0+900,42,-4.20468235
0+900,43,-4.20468235
0+900,44,-4.20468235
0+900,45,-4.20468235
0+900,46,-4.164980888
0+900,47,-4.164980888
0+900,48,-4.164980888
0+900,49,-4.164980888
0+900,50,-4.164980888
0+900,51,-4.164980888
0+900,52,-4.164980888
0+900,53,-4.164980888
0+900,54,-4.164980888
0+900,55,-4.144316196
0+900,56,-4.144316196
0+900,57,-4.144316196
0+900,58,-4.10270977
0+900,59,-4.10270977
0+900,60,-4.10270977
0+900,61,-4.10270977
0+900,62,-4.10270977
0+900,63,-4.10270977
0+900,64,-4.10270977
0+900,65,-4.10270977
0+900,66,-4.10270977
0+900,67,-4.10270977
0+900,68,-4.10270977
0+900,69,-4.10270977
0+900,70,-4.059836864
0+900,71,-4.059836864
0+900,72,-4.059836864
0+900,73,-4.037939072
0+900,74,-4.037939072
0+900,75,-4.037939072
0+900,76,-4.037939072
0+900,77,-4.037939072
0+900,78,-4.037939072
0+900,79,-4.037939072
0+900,80,-4.037939072
0+900,81,-4.037939072
0+900,82,-3.99301362
0+900,83,-3.99301362
0+900,84,-3.99301362
0+900,85,-3.99301362
0+900,86,-3.99301362
0+900,87,-3.99301362
0+900,88,-3.99301362
0+900,89,-3.99301362
0+900,90,-3.99301362
0+900,91,-3.99301362
0+900,92,-3.970427513
0+900,93,-3.970427513
0+900,94,-3.923337936
0+900,95,-3.923337936
0+900,96,-3.923337936
0+900,97,-3.923337936
0+900,98,-3.923337936
0+900,99,-3.923337936
0+900,100,-3.923337936
0+900,101,-3.923337936
0+900,102,-3.923337936
0+900,103,-3.923337936
0+900,104,-3.923337936
0+900,105,-3.923337936
0+900,106,-3.87494421
0+900,107,-3.87494421
0+900,108,-3.87494421
0+900,109,-3.87494421
0+900,110,-3.850554466
0+900,111,-3.850554466
0+900,112,-3.850554466
0+900,113,-3.850554466
0+900,114,-3.850554466
0+900,115,-3.850554466
0+900,116,-3.850554466
0+900,117,-3.799864292
0+900,118,-3.799864292
0+900,119,-3.799864292
0+900,120,-3.799864292
0+900,121,-3.799864292
0+900,122,-3.799864292
0+900,123,-3.799864292
0+900,124,-3.799864292
0+900,125,-3.799864292
0+900,126,-3.799864292
0+900,127,-3.799864292
0+900,128,-3.799864292
0+900,129,-3.72130537
0+900,130,-3.72130537
0+900,131,-3.72130537
0+900,132,-3.72130537
0+900,133,-3.72130537
0+900,134,-3.72130537
0+900,135,-3.72130537
0+900,136,-3.72130537
0+900,137,-3.72130537
0+900,138,-3.72130537
0+900,139,-3.72130537
0+900,140,-3.72130537
0+900,141,-3.666918278
0+900,142,-3.666918278
0+900,143,-3.666918278
0+900,144,-3.666918278
0+900,145,-3.666918278
0+900,146,-3.666918278
0+900,147,-3.666918278
0+900,148,-3.639006615
0+900,149,-3.639006615
0+900,150,-3.639006615
0+900,151,-3.639006615
0+900,152,-3.639006615
0+900,153,-3.582069397
0+900,154,-3.582069397
0+900,155,-3.582069397
0+900,156,-3.582069397
0+900,157,-3.582069397
0+900,158,-3.582069397
0+900,159,-3.582069397
0+900,160,-3.582069397
0+900,161,-3.582069397
0+900,162,-3.582069397
0+900,163,-3.582069397
0+900,164,-3.582069397
0+900,165,-3.523918152
0+900,166,-3.493108749
0+900,167,-3.493108749
0+900,168,-3.493108749
0+900,169,-3.493108749
0+900,170,-3.493108749
0+900,171,-3.493108749
0+900,172,-3.493108749
0+900,173,-3.493108749
0+900,174,-3.493108749
0+900,175,-3.493108749
0+900,176,-3.493108749
0+900,177,-3.432273388
0+900,178,-3.432273388
0+900,179,-3.432273388
0+900,180,-3.432273388
0+900,181,-3.432273388
0+900,182,-3.432273388
0+900,183,-3.432273388
0+900,184,-3.432273388
0+900,185,-3.399808884
0+900,186,-3.399808884
0+900,187,-3.399808884
0+900,188,-3.399808884
0+900,189,-3.336145401
0+900,190,-3.336145401
0+900,191,-3.336145401
0+900,192,-3.336145401
0+900,193,-3.336145401
0+900,194,-3.336145401
0+900,195,-3.336145401
0+900,196,-3.336145401
0+900,197,-3.336145401
0+900,198,-3.336145401
0+900,199,-3.336145401
0+900,200,-3.336145401
0+900,201,-3.271341562
0+900,202,-3.271341562
0+900,203,-3.235338449
0+900,204,-3.235338449
0+900,205,-3.235338449
0+900,206,-3.235338449
0+900,207,-3.235338449
0+900,208,-3.235338449
0+900,209,-3.235338449
0+900,210,-3.235338449
0+900,211,-3.235338449
0+900,212,-3.167521
0+900,213,-3.167521
0+900,214,-3.167521
0+900,215,-3.167521
0+900,216,-3.167521
0+900,217,-3.167521
0+900,218,-3.167521
0+900,219,-3.167521
0+900,220,-3.167521
0+900,221,-3.167521
0+900,222,-3.129728556
0+900,223,-3.129728556
0+900,224,-3.058716536
0+900,225,-3.058716536
0+900,226,-3.058716536
0+900,227,-3.058716536
0+900,228,-3.058716536
0+900,229,-3.058716536
0+900,230,-3.058716536
0+900,231,-3.058716536
0+900,232,-3.058716536
0+900,233,-3.058716536
0+900,234,-3.058716536
0+900,235,-3.058716536
0+900,236,-2.986627817
0+900,237,-2.986627817
0+900,238,-2.986627817
0+900,239,-2.986627817
0+900,240,-2.944925547
0+900,241,-2.944925547
0+900,242,-2.944925547
0+900,243,-2.944925547
0+900,244,-2.944925547
0+900,245,-2.944925547
0+900,246,-2.944925547
0+900,247,-2.944925547
0+900,248,-2.869413853
0+900,249,-2.869413853
0+900,250,-2.869413853
0+900,251,-2.869413853
0+900,252,-2.869413853
0+900,253,-2.869413853
0+900,254,-2.869413853
0+900,255,-2.869413853
0+900,256,-2.869413853
0+900,257,-2.869413853
0+900,258,-2.869413853
0+900,259,-2.826376438
0+900,260,-2.74729538
0+900,261,-2.74729538
0+900,262,-2.74729538
0+900,263,-2.74729538
0+900,264,-2.74729538
0+900,265,-2.74729538
0+900,266,-2.74729538
0+900,267,-2.74729538
0+900,268,-2.74729538
0+900,269,-2.74729538
0+900,270,-2.74729538
0+900,271,-2.74729538
0+900,272,-2.667339802
0+900,273,-2.667339802
0+900,274,-2.667339802
0+900,275,-2.667339802
0+900,276,-2.667339802
0+900,277,-2.620938301
0+900,278,-2.620938301
0+900,279,-2.620938301
0+900,280,-2.620938301
0+900,281,-2.620938301
0+900,282,-2.620938301
0+900,283,-2.620938301
0+900,284,-2.537439585
0+900,285,-2.537439585
0+900,286,-2.537439585
0+900,287,-2.537439585
0+900,288,-2.537439585
0+900,289,-2.537439585
0+900,290,-2.537439585
0+900,291,-2.537439585
0+900,292,-2.537439585
0+900,293,-2.537439585
0+900,294,-2.537439585
0+900,295,-2.453668356
0+900,296,-2.40474081
0+900,297,-2.40474081
0+900,298,-2.40474081
0+900,299,-2.40474081
0+900,300,-2.40474081
0+900,301,-2.40474081
0+900,302,-2.40474081
0+900,303,-2.40474081
0+900,304,-2.40474081
0+900,305,-2.40474081
0+900,306,-2.40474081
0+900,307,-2.318029881
0+900,308,-2.318029881
0+900,309,-2.318029881
0+900,310,-2.318029881
0+900,311,-2.318029881
0+900,312,-2.318029881
0+900,313,-2.318029881
0+900,314,-2.271368265
0+900,315,-2.271368265
0+900,316,-2.271368265
0+900,317,-2.271368265
0+900,318,-2.271368265
0+900,319,-2.182648659
0+900,320,-2.182648659
0+900,321,-2.182648659
0+900,322,-2.182648659
0+900,323,-2.182648659
0+900,324,-2.182648659
0+900,325,-2.182648659
0+900,326,-2.182648659
0+900,327,-2.182648659
0+900,328,-2.182648659
0+900,329,-2.182648659
0+900,330,-2.182648659
0+900,331,-2.095899105
0+900,332,-2.095899105
0+900,333,-2.051098347
0+900,334,-2.051098347
0+900,335,-2.051098347
0+900,336,-2.051098347
0+900,337,-2.051098347
0+900,338,-2.051098347
0+900,339,-2.051098347
0+900,340,-2.051098347
0+900,341,-2.051098347
0+900,342,-2.051098347
0+900,343,-1.966205001
0+900,344,-1.966205001
0+900,345,-1.966205001
0+900,346,-1.966205001
0+900,347,-1.966205001
0+900,348,-1.966205001
0+900,349,-1.966205001
0+900,350,-1.966205001
0+900,351,-1.927554369
0+900,352,-1.927554369
0+900,353,-1.927554369
0+900,354,-1.927554369
0+900,355,-1.850243211
0+900,356,-1.850243211
0+900,357,-1.850243211
0+900,358,-1.850243211
0+900,359,-1.850243211
0+900,360,-1.850243211
0+900,361,-1.850243211
0+900,362,-1.850243211
0+900,363,-1.850243211
0+900,364,-1.850243211
0+900,365,-1.850243211
0+900,366,-1.850243211
0+900,367,-1.782982588
0+900,368,-1.782982588
0+900,369,-1.782982588
0+900,370,-1.75607574
0+900,371,-1.75607574
0+900,372,-1.75607574
0+900,373,-1.75607574
0+900,374,-1.75607574
0+900,375,-1.75607574
0+900,376,-1.75607574
0+900,377,-1.75607574
0+900,378,-1.717769146
0+900,379,-1.717769146
0+900,380,-1.717769146
0+900,381,-1.717769146
0+900,382,-1.717769146
0+900,383,-1.717769146
0+900,384,-1.717769146
0+900,385,-1.717769146
0+900,386,-1.717769146
0+900,387,-1.717769146
0+900,388,-1.717769146
0+900,389,-1.6850667
0+900,390,-1.69864285
0+900,391,-1.69864285
0+900,392,-1.69864285
0+900,393,-1.69864285
0+900,394,-1.69864285
0+900,395,-1.69864285
0+900,396,-1.69864285
0+900,397,-1.69864285
0+900,398,-1.69864285
0+900,399,-1.69864285
0+900,400,-1.69864285
0+900,401,-1.69864285
0+900,402,-1.686494231
0+900,403,-1.686494231
0+900,404,-1.686494231
0+900,405,-1.686494231
0+900,406,-1.686494231
0+900,407,-1.639843941
0+900,408,-1.639843941
0+900,409,-1.639843941
0+900,410,-1.639843941
0+900,411,-1.639843941
0+900,412,-1.639843941
0+900,413,-1.639843941
0+900,414,-1.540945053
0+900,415,-1.540945053
0+900,416,-1.540945053
0+900,417,-1.540945053
0+900,418,-1.540945053
0+900,419,-1.540945053
0+900,420,-1.540945053
0+900,421,-1.540945053
0+900,422,-1.540945053
0+900,423,-1.540945053
0+900,424,-1.540945053
0+900,425,-1.540945053
0+900,426,-1.217515588
0+900,427,-1.217515588
0+900,428,-1.217515588
0+900,429,-1.217515588
0+900,430,-1.217515588
0+900,431,-1.217515588
0+900,432,-1.217515588
0+900,433,-1.217515588
0+900,434,-1.217515588
0+900,435,-1.217515588
0+900,436,-1.217515588
0+900,437,-1.217515588
0+900,438,-1.06428957
0+900,439,-1.06428957
0+900,440,-1.06428957
0+900,441,-1.06428957
0+900,442,-1.06428957
0+900,443,-1.06428957
0+900,444,-0.940042973
0+900,445,-0.940042973
0+900,446,-0.940042973
0+900,447,-0.940042973
0+900,448,-0.940042973
0+900,449,-0.940042973
0+900,450,-0.485641956
0+900,451,-0.485641956
0+900,452,-0.485641956
0+900,453,-0.485641956
0+900,454,-0.485641956
0+900,455,-0.485641956
0+900,456,-0.485641956
0+900,457,-0.485641956
0+900,458,-0.485641956
0+900,459,-0.485641956
0+900,460,-0.485641956
0+900,461,-0.485641956
0+900,462,0.143011183
0+900,463,0.529067576
0+900,464,0.529067576
0+900,465,0.529067576
0+900,466,0.529067576
0+900,467,0.529067576
0+900,468,0.529067576
0+900,469,0.529067576
0+900,470,0.529067576
0+900,471,0.529067576
0+900,472,0.529067576
0+900,473,1.144187331
0+900,474,1.144187331
0+900,475,1.144187331
0+900,476,1.144187331
0+900,477,1.144187331
0+900,478,1.144187331
0+900,479,1.144187331
0+900,480,1.144187331
0+900,481,1.416350484
0+900,482,1.416350484
0+900,483,1.416350484
0+900,484,1.416350484
0+900,485,1.951098204
0+900,486,1.951098204
0+900,487,1.951098204
0+900,488,1.951098204
0+900,489,1.951098204
0+900,490,1.951098204
0+900,491,1.951098204
0+900,492,1.951098204
0+900,493,1.951098204
0+900,494,1.951098204
0+900,495,1.951098204
0+900,496,1.951098204
0+900,497,2.445623398
0+900,498,2.445623398
0+900,499,2.445623398
0+900,500,2.445623398
1+000,0,-4.390849113
1+000,1,-4.390849113
1+000,2,-4.390849113
1+000,3,-4.363342285
1+000,4,-4.363342285
1+000,5,-4.363342285
1+000,6,-4.363342285
1+000,7,-4.328883171
1+000,8,-4.328883171
1+000,9,-4.328883171
1+000,10,-4.328883171
1+000,11,-4.328883171
1+000,12,-4.328883171
1+000,13,-4.328883171
1+000,14,-4.328883171
1+000,15,-4.328883171
1+000,16,-4.328883171
1+000,17,-4.328883171
1+000,18,-4.328883171
1+000,19,-4.29377079
1+000,20,-4.29377079
1+000,21,-4.26536274
1+000,22,-4.26536274
1+000,23,-4.26536274
1+000,24,-4.26536274
1+000,25,-4.26536274
1+000,26,-4.26536274
1+000,27,-4.26536274
1+000,28,-4.26536274
1+000,29,-4.26536274
1+000,30,-4.26536274
1+000,31,-4.228760719
1+000,32,-4.228760719
1+000,33,-4.228760719
1+000,34,-4.228760719
1+000,35,-4.228760719
1+000,36,-4.228760719
1+000,37,-4.228760719
1+000,38,-4.228760719
1+000,39,-4.228760719
1+000,40,-4.200208187
1+000,41,-4.200208187
1+000,42,-4.200208187
1+000,43,-4.162081718
1+000,44,-4.162081718
1+000,45,-4.162081718
1+000,46,-4.162081718
1+000,47,-4.162081718
1+000,48,-4.162081718
1+000,49,-4.162081718
1+000,50,-4.162081718
1+000,51,-4.162081718
1+000,52,-4.162081718
1+000,53,-4.162081718
1+000,54,-4.162081718
1+000,55,-4.123375893
1+000,56,-4.123375893
1+000,57,-4.123375893
1+000,58,-4.093649864
1+000,59,-4.093649864
1+000,60,-4.093649864
1+000,61,-4.093649864
1+000,62,-4.093649864
1+000,63,-4.093649864
1+000,64,-4.093649864
1+000,65,-4.093649864
1+000,66,-4.093649864
1+000,67,-4.053409576
1+000,68,-4.053409576
1+000,69,-4.053409576
1+000,70,-4.053409576
1+000,71,-4.053409576
1+000,72,-4.053409576
1+000,73,-4.053409576
1+000,74,-4.053409576
1+000,75,-4.053409576
1+000,76,-4.053409576
1+000,77,-4.023360252
1+000,78,-4.023360252
1+000,79,-3.981568813
1+000,80,-3.981568813
1+000,81,-3.981568813
1+000,82,-3.981568813
1+000,83,-3.981568813
1+000,84,-3.981568813
1+000,85,-3.981568813
1+000,86,-3.981568813
1+000,87,-3.981568813
1+000,88,-3.981568813
1+000,89,-3.981568813
1+000,90,-3.981568813
1+000,91,-3.939349174
1+000,92,-3.939349174
1+000,93,-3.939349174
1+000,94,-3.939349174
1+000,95,-3.939349174
1+000,96,-3.907743454
1+000,97,-3.907743454
1+000,98,-3.907743454
1+000,99,-3.907743454
1+000,100,-3.907743454
1+000,101,-3.907743454
1+000,102,-3.864008904
1+000,103,-3.864008904
1+000,104,-3.864008904
1+000,105,-3.864008904
1+000,106,-3.864008904
1+000,107,-3.864008904
1+000,108,-3.864008904
1+000,109,-3.864008904
1+000,110,-3.864008904
1+000,111,-3.864008904
1+000,112,-3.864008904
1+000,113,-3.864008904
1+000,114,-3.78653121
1+000,115,-3.78653121
1+000,116,-3.78653121
1+000,117,-3.78653121
1+000,118,-3.78653121
1+000,119,-3.78653121
1+000,120,-3.78653121
1+000,121,-3.78653121
1+000,122,-3.78653121
1+000,123,-3.78653121
1+000,124,-3.78653121
1+000,125,-3.78653121
1+000,126,-3.741089344
1+000,127,-3.741089344
1+000,128,-3.741089344
1+000,129,-3.741089344
1+000,130,-3.741089344
1+000,131,-3.741089344
1+000,132,-3.741089344
1+000,133,-3.706759453
1+000,134,-3.706759453
1+000,135,-3.706759453
1+000,136,-3.706759453
1+000,137,-3.706759453
1+000,138,-3.659869671
1+000,139,-3.659869671
1+000,140,-3.659869671
1+000,141,-3.659869671
1+000,142,-3.659869671
1+000,143,-3.659869671
1+000,144,-3.659869671
1+000,145,-3.659869671
1+000,146,-3.659869671
1+000,147,-3.659869671
1+000,148,-3.659869671
1+000,149,-3.659869671
1+000,150,-3.61303854
1+000,151,-3.576153278
1+000,152,-3.576153278
1+000,153,-3.576153278
1+000,154,-3.576153278
1+000,155,-3.576153278
1+000,156,-3.576153278
1+000,157,-3.576153278
1+000,158,-3.576153278
1+000,159,-3.576153278
1+000,160,-3.576153278
1+000,161,-3.576153278
1+000,162,-3.527965069
1+000,163,-3.527965069
1+000,164,-3.527965069
1+000,165,-3.527965069
1+000,166,-3.527965069
1+000,167,-3.527965069
1+000,168,-3.527965069
1+000,169,-3.527965069
1+000,170,-3.489714384
1+000,171,-3.489714384
1+000,172,-3.489714384
1+000,173,-3.489714384
1+000,174,-3.440173149
1+000,175,-3.440173149
1+000,176,-3.440173149
1+000,177,-3.440173149
1+000,178,-3.440173149
1+000,179,-3.440173149
1+000,180,-3.440173149
1+000,181,-3.440173149
1+000,182,-3.440173149
1+000,183,-3.440173149
1+000,184,-3.440173149
1+000,185,-3.391088486
1+000,186,-3.391088486
1+000,187,-3.391088486
1+000,188,-3.34940815
1+000,189,-3.34940815
1+000,190,-3.34940815
1+000,191,-3.34940815
1+000,192,-3.34940815
1+000,193,-3.34940815
1+000,194,-3.34940815
1+000,195,-3.34940815
1+000,196,-3.34940815
1+000,197,-3.299096584
1+000,198,-3.299096584
1+000,199,-3.299096584
1+000,200,-3.299096584
1+000,201,-3.299096584
1+000,202,-3.299096584
1+000,203,-3.299096584
1+000,204,-3.299096584
1+000,205,-3.299096584
1+000,206,-3.299096584
1+000,207,-3.255412579
1+000,208,-3.255412579
1+000,209,-3.203903675
1+000,210,-3.203903675
1+000,211,-3.203903675
1+000,212,-3.203903675
1+000,213,-3.203903675
1+000,214,-3.203903675
1+000,215,-3.203903675
1+000,216,-3.203903675
1+000,217,-3.203903675
1+000,218,-3.203903675
1+000,219,-3.203903675
1+000,220,-3.203903675
1+000,221,-3.15332365
1+000,222,-3.15332365
1+000,223,-3.15332365
1+000,224,-3.15332365
1+000,225,-3.105286837
1+000,226,-3.105286837
1+000,227,-3.105286837
1+000,228,-3.105286837
1+000,229,-3.105286837
1+000,230,-3.105286837
1+000,231,-3.105286837
1+000,232,-3.105286837
1+000,233,-3.053749084
1+000,234,-3.053749084
1+000,235,-3.053749084
1+000,236,-3.053749084
1+000,237,-3.053749084
1+000,238,-3.053749084
1+000,239,-3.053749084
1+000,240,-3.053749084
1+000,241,-3.053749084
1+000,242,-3.053749084
1+000,243,-3.053749084
1+000,244,-3.003064632
1+000,245,-2.950746298
1+000,246,-2.950746298
1+000,247,-2.950746298
1+000,248,-2.950746298
1+000,249,-2.950746298
1+000,250,-2.950746298
1+000,251,-2.950746298
1+000,252,-2.950746298
1+000,253,-2.950746298
1+000,254,-2.950746298
1+000,255,-2.950746298
1+000,256,-2.950746298
1+000,257,-2.899988651
1+000,258,-2.899988651
1+000,259,-2.899988651
1+000,260,-2.899988651
1+000,261,-2.899988651
1+000,262,-2.844311714
1+000,263,-2.844311714
1+000,264,-2.844311714
1+000,265,-2.844311714
1+000,266,-2.844311714
1+000,267,-2.844311714
1+000,268,-2.793404818
1+000,269,-2.793404818
1+000,270,-2.793404818
1+000,271,-2.793404818
1+000,272,-2.793404818
1+000,273,-2.793404818
1+000,274,-2.793404818
1+000,275,-2.793404818
1+000,276,-2.793404818
1+000,277,-2.793404818
1+000,278,-2.793404818
1+000,279,-2.793404818
1+000,280,-2.744605303
1+000,281,-2.684087038
1+000,282,-2.684087038
1+000,283,-2.684087038
1+000,284,-2.684087038
1+000,285,-2.684087038
1+000,286,-2.684087038
1+000,287,-2.684087038
1+000,288,-2.684087038
1+000,289,-2.684087038
1+000,290,-2.684087038
1+000,291,-2.684087038
1+000,292,-2.63621068
1+000,293,-2.63621068
1+000,294,-2.63621068
1+000,295,-2.63621068
1+000,296,-2.63621068
1+000,297,-2.63621068
1+000,298,-2.63621068
1+000,299,-2.572512388
1+000,300,-2.572512388
1+000,301,-2.572512388
1+000,302,-2.572512388
1+000,303,-2.572512388
1+000,304,-2.526564598
1+000,305,-2.526564598
1+000,306,-2.526564598
1+000,307,-2.526564598
1+000,308,-2.526564598
1+000,309,-2.526564598
1+000,310,-2.526564598
1+000,311,-2.526564598
1+000,312,-2.526564598
1+000,313,-2.526564598
1+000,314,-2.526564598
1+000,315,-2.526564598
1+000,316,-2.483949423
1+000,317,-2.483949423
1+000,318,-2.416595936
1+000,319,-2.416595936
1+000,320,-2.416595936
1+000,321,-2.416595936
1+000,322,-2.416595936
1+000,323,-2.416595936
1+000,324,-2.416595936
1+000,325,-2.416595936
1+000,326,-2.416595936
1+000,327,-2.416595936
1+000,328,-2.378010273
1+000,329,-2.378010273
1+000,330,-2.378010273
1+000,331,-2.378010273
1+000,332,-2.378010273
1+000,333,-2.378010273
1+000,334,-2.378010273
1+000,335,-2.378010273
1+000,336,-2.378010273
1+000,337,-2.307367325
1+000,338,-2.307367325
1+000,339,-2.307367325
1+000,340,-2.274679184
1+000,341,-2.274679184
1+000,342,-2.274679184
1+000,343,-2.274679184
1+000,344,-2.274679184
1+000,345,-2.274679184
1+000,346,-2.274679184
1+000,347,-2.274679184
1+000,348,-2.274679184
1+000,349,-2.274679184
1+000,350,-2.274679184
1+000,351,-2.274679184
1+000,352,-2.245911121
1+000,353,-2.245911121
1+000,354,-2.245911121
1+000,355,-2.175552368
1+000,356,-2.175552368
1+000,357,-2.175552368
1+000,358,-2.175552368
1+000,359,-2.175552368
1+000,360,-2.175552368
1+000,361,-2.175552368
1+000,362,-2.175552368
1+000,363,-2.154710054
1+000,364,-2.154710054
1+000,365,-2.154710054
1+000,366,-2.154710054
1+000,367,-2.154710054
1+000,368,-2.154710054
1+000,369,-2.154710054
1+000,370,-2.154710054
1+000,371,-2.154710054
1+000,372,-2.154710054
1+000,373,-2.154710054
1+000,374,-2.082240105
1+000,375,-2.069885731
1+000,376,-2.069885731
1+000,377,-2.069885731
1+000,378,-2.069885731
1+000,379,-2.069885731
1+000,380,-2.069885731
1+000,381,-2.069885731
1+000,382,-2.069885731
1+000,383,-2.069885731
1+000,384,-2.069885731
1+000,385,-2.069885731
1+000,386,-2.069885731
1+000,387,-2.04991293
1+000,388,-2.04991293
1+000,389,-2.04991293
1+000,390,-2.04991293
1+000,391,-2.04991293
1+000,392,-1.986917973
1+000,393,-1.986917973
1+000,394,-1.986917973
1+000,395,-1.986917973
1+000,396,-1.986917973
1+000,397,-1.986917973
1+000,398,-1.986917973
1+000,399,-1.95431304
1+000,400,-1.95431304
1+000,401,-1.95431304
1+000,402,-1.95431304
1+000,403,-1.95431304
1+000,404,-1.95431304
1+000,405,-1.95431304
1+000,406,-1.95431304
1+000,407,-1.95431304
1+000,408,-1.95431304
1+000,409,-1.95431304
1+000,410,-1.95431304
1+000,411,-1.805262446
1+000,412,-1.805262446
1+000,413,-1.805262446
1+000,414,-1.805262446
1+000,415,-1.805262446
1+000,416,-1.805262446
1+000,417,-1.805262446
1+000,418,-1.805262446
1+000,419,-1.805262446
1+000,420,-1.805262446
1+000,421,-1.805262446
1+000,422,-1.805262446
1+000,423,-1.670539856
1+000,424,-1.670539856
1+000,425,-1.670539856
1+000,426,-1.670539856
1+000,427,-1.670539856
1+000,428,-1.670539856
1+000,429,-1.58260107
1+000,430,-1.58260107
1+000,431,-1.58260107
1+000,432,-1.58260107
1+000,433,-1.58260107
1+000,434,-1.58260107
1+000,435,-1.245106339
1+000,436,-1.245106339
1+000,437,-1.245106339
1+000,438,-1.245106339
1+000,439,-1.245106339
1+000,440,-1.245106339
1+000,441,-1.245106339
1+000,442,-1.245106339
1+000,443,-1.245106339
1+000,444,-1.245106339
1+000,445,-1.245106339
1+000,446,-0.872277558
1+000,447,-0.872277558
1+000,448,-0.275708646
1+000,449,-0.275708646
1+000,450,-0.275708646
1+000,451,-0.275708646
1+000,452,-0.275708646
1+000,453,-0.275708646
1+000,454,-0.275708646
1+000,455,-0.275708646
1+000,456,-0.275708646
1+000,457,-0.275708646
1+000,458,0.296650261
1+000,459,0.296650261
1+000,460,0.296650261
1+000,461,0.296650261
1+000,462,0.296650261
1+000,463,0.296650261
1+000,464,0.296650261
1+000,465,0.296650261
1+000,466,1.055016756
1+000,467,1.055016756
1+000,468,1.055016756
1+000,469,1.055016756
1+000,470,1.34188199
1+000,471,1.34188199
1+000,472,1.34188199
1+000,473,1.34188199
1+000,474,1.34188199
1+000,475,1.34188199
1+000,476,1.34188199
1+000,477,1.34188199
1+000,478,1.34188199
1+000,479,1.34188199
1+000,480,1.34188199
1+000,481,1.34188199
1+000,482,1.319611549
1+000,483,1.319611549
1+000,484,1.319611549
1+000,485,2.021965504
1+000,486,2.021965504
1+000,487,2.021965504
1+000,488,2.021965504
1+000,489,2.021965504
1+000,490,2.021965504
1+000,491,2.021965504
1+000,492,2.021965504
1+000,493,2.021965504
1+000,494,1.769246817
1+000,495,1.769246817
1+000,496,1.769246817
1+000,497,1.769246817
1+000,498,1.769246817
1+000,499,1.769246817
1+000,500,1.769246817
1+100,0,-4.497671604
1+100,1,-4.497671604
1+100,2,-4.497671604
1+100,3,-4.460571289
1+100,4,-4.460571289
1+100,5,-4.460571289
1+100,6,-4.432103157
1+100,7,-4.432103157
1+100,8,-4.432103157
1+100,9,-4.432103157
1+100,10,-4.432103157
1+100,11,-4.432103157
1+100,12,-4.432103157
1+100,13,-4.432103157
1+100,14,-4.432103157
1+100,15,-4.432103157
1+100,16,-4.432103157
1+100,17,-4.432103157
1+100,18,-4.403819084
1+100,19,-4.403819084
1+100,20,-4.403819084
1+100,21,-4.403819084
1+100,22,-4.364933968
1+100,23,-4.364933968
1+100,24,-4.364933968
1+100,25,-4.364933968
1+100,26,-4.364933968
1+100,27,-4.364933968
1+100,28,-4.364933968
1+100,29,-4.335751057
1+100,30,-4.335751057
1+100,31,-4.335751057
1+100,32,-4.335751057
1+100,33,-4.335751057
1+100,34,-4.335751057
1+100,35,-4.335751057
1+100,36,-4.335751057
1+100,37,-4.335751057
1+100,38,-4.335751057
1+100,39,-4.335751057
1+100,40,-4.296161652
1+100,41,-4.266088009
1+100,42,-4.266088009
1+100,43,-4.266088009
1+100,44,-4.266088009
1+100,45,-4.266088009
1+100,46,-4.266088009
1+100,47,-4.266088009
1+100,48,-4.266088009
1+100,49,-4.266088009
1+100,50,-4.266088009
1+100,51,-4.266088009
1+100,52,-4.266088009
1+100,53,-4.236484051
1+100,54,-4.236484051
1+100,55,-4.236484051
1+100,56,-4.236484051
1+100,57,-4.236484051
1+100,58,-4.236484051
1+100,59,-4.194858074
1+100,60,-4.194858074
1+100,61,-4.194858074
1+100,62,-4.194858074
1+100,63,-4.194858074
1+100,64,-4.194858074
1+100,65,-4.164483547
1+100,66,-4.164483547
1+100,67,-4.164483547
1+100,68,-4.164483547
1+100,69,-4.164483547
1+100,70,-4.164483547
1+100,71,-4.164483547
1+100,72,-4.164483547
1+100,73,-4.164483547
1+100,74,-4.164483547
1+100,75,-4.164483547
1+100,76,-4.164483547
1+100,77,-4.13492775
1+100,78,-4.090996742
1+100,79,-4.090996742
1+100,80,-4.090996742
1+100,81,-4.090996742
1+100,82,-4.090996742
1+100,83,-4.090996742
1+100,84,-4.090996742
1+100,85,-4.090996742
1+100,86,-4.090996742
1+100,87,-4.090996742
1+100,88,-4.060826302
1+100,89,-4.060826302
1+100,90,-4.060826302
1+100,91,-4.060826302
1+100,92,-4.060826302
1+100,93,-4.060826302
1+100,94,-4.060826302
1+100,95,-4.060826302
1+100,96,-4.016078949
1+100,97,-4.016078949
1+100,98,-4.016078949
1+100,99,-4.016078949
1+100,100,-3.985359669
1+100,101,-3.985359669
1+100,102,-3.985359669
1+100,103,-3.985359669
1+100,104,-3.985359669
1+100,105,-3.985359669
1+100,106,-3.985359669
1+100,107,-3.985359669
1+100,108,-3.985359669
1+100,109,-3.985359669
1+100,110,-3.985359669
1+100,111,-3.985359669
1+100,112,-3.956502199
1+100,113,-3.956502199
1+100,114,-3.956502199
1+100,115,-3.908603191
1+100,116,-3.908603191
1+100,117,-3.908603191
1+100,118,-3.908603191
1+100,119,-3.908603191
1+100,120,-3.908603191
1+100,121,-3.908603191
1+100,122,-3.908603191
1+100,123,-3.908603191
1+100,124,-3.87944603
1+100,125,-3.87944603
1+100,126,-3.87944603
1+100,127,-3.87944603
1+100,128,-3.87944603
1+100,129,-3.87944603
1+100,130,-3.87944603
1+100,131,-3.87944603
1+100,132,-3.87944603
1+100,133,-3.87944603
1+100,134,-3.83061409
1+100,135,-3.83061409
1+100,136,-3.801241875
1+100,137,-3.801241875
1+100,138,-3.801241875
1+100,139,-3.801241875
1+100,140,-3.801241875
1+100,141,-3.801241875
1+100,142,-3.801241875
1+100,143,-3.801241875
1+100,144,-3.801241875
1+100,145,-3.801241875
1+100,146,-3.801241875
1+100,147,-3.801241875
1+100,148,-3.773645401
1+100,149,-3.773645401
1+100,150,-3.773645401
1+100,151,-3.773645401
1+100,152,-3.721935749
1+100,153,-3.721935749
1+100,154,-3.721935749
1+100,155,-3.721935749
1+100,156,-3.721935749
1+100,157,-3.721935749
1+100,158,-3.721935749
1+100,159,-3.694351196
1+100,160,-3.694351196
1+100,161,-3.694351196
1+100,162,-3.694351196
1+100,163,-3.694351196
1+100,164,-3.694351196
1+100,165,-3.694351196
1+100,166,-3.694351196
1+100,167,-3.694351196
1+100,168,-3.694351196
1+100,169,-3.694351196
1+100,170,-3.694351196
1+100,171,-3.614023209
1+100,172,-3.614023209
1+100,173,-3.614023209
1+100,174,-3.614023209
1+100,175,-3.614023209
1+100,176,-3.614023209
1+100,177,-3.614023209
1+100,178,-3.614023209
1+100,179,-3.614023209
1+100,180,-3.614023209
1+100,181,-3.614023209
1+100,182,-3.614023209
1+100,183,-3.588643551
1+100,184,-3.588643551
1+100,185,-3.588643551
1+100,186,-3.588643551
1+100,187,-3.588643551
1+100,188,-3.588643551
1+100,189,-3.588643551
1+100,190,-3.532581329
1+100,191,-3.532581329
1+100,192,-3.532581329
1+100,193,-3.532581329
1+100,194,-3.532581329
1+100,195,-3.507456779
1+100,196,-3.507456779
1+100,197,-3.507456779
1+100,198,-3.507456779
1+100,199,-3.507456779
1+100,200,-3.507456779
1+100,201,-3.507456779
1+100,202,-3.507456779
1+100,203,-3.507456779
1+100,204,-3.507456779
1+100,205,-3.507456779
1+100,206,-3.507456779
1+100,207,-3.484725952
1+100,208,-3.424971581
1+100,209,-3.424971581
1+100,210,-3.424971581
1+100,211,-3.424971581
1+100,212,-3.424971581
1+100,213,-3.424971581
1+100,214,-3.424971581
1+100,215,-3.424971581
1+100,216,-3.424971581
1+100,217,-3.424971581
1+100,218,-3.424971581
1+100,219,-3.402576923
1+100,220,-3.402576923
1+100,221,-3.402576923
1+100,222,-3.402576923
1+100,223,-3.402576923
1+100,224,-3.402576923
1+100,225,-3.402576923
1+100,226,-3.402576923
1+100,227,-3.340858936
1+100,228,-3.340858936
1+100,229,-3.340858936
1+100,230,-3.318691969
1+100,231,-3.318691969
1+100,232,-3.318691969
1+100,233,-3.318691969
1+100,234,-3.318691969
1+100,235,-3.318691969
1+100,236,-3.318691969
1+100,237,-3.318691969
1+100,238,-3.318691969
1+100,239,-3.318691969
1+100,240,-3.318691969
1+100,241,-3.318691969
1+100,242,-3.299111366
1+100,243,-3.299111366
1+100,244,-3.299111366
1+100,245,-3.299111366
1+100,246,-3.232546329
1+100,247,-3.232546329
1+100,248,-3.232546329
1+100,249,-3.232546329
1+100,250,-3.232546329
1+100,251,-3.232546329
1+100,252,-3.232546329
1+100,253,-3.232546329
1+100,254,-3.212939262
1+100,255,-3.212939262
1+100,256,-3.212939262
1+100,257,-3.212939262
1+100,258,-3.212939262
1+100,259,-3.212939262
1+100,260,-3.212939262
1+100,261,-3.212939262
1+100,262,-3.212939262
1+100,263,-3.212939262
1+100,264,-3.14352417
1+100,265,-3.14352417
1+100,266,-3.123495579
1+100,267,-3.123495579
1+100,268,-3.123495579
1+100,269,-3.123495579
1+100,270,-3.123495579
1+100,271,-3.123495579
1+100,272,-3.123495579
1+100,273,-3.123495579
1+100,274,-3.123495579
1+100,275,-3.123495579
1+100,276,-3.123495579
1+100,277,-3.123495579
1+100,278,-3.105657578
1+100,279,-3.105657578
1+100,280,-3.105657578
1+100,281,-3.105657578
1+100,282,-3.105657578
1+100,283,-3.029996634
1+100,284,-3.029996634
1+100,285,-3.029996634
1+100,286,-3.029996634
1+100,287,-3.029996634
1+100,288,-3.029996634
1+100,289,-3.029996634
1+100,290,-3.010751724
1+100,291,-3.010751724
1+100,292,-3.010751724
1+100,293,-3.010751724
1+100,294,-3.010751724
1+100,295,-3.010751724
1+100,296,-3.010751724
1+100,297,-3.010751724
1+100,298,-3.010751724
1+100,299,-3.010751724
1+100,300,-3.010751724
1+100,301,-2.992732763
1+100,302,-2.910102367
1+100,303,-2.910102367
1+100,304,-2.910102367
1+100,305,-2.910102367
1+100,306,-2.910102367
1+100,307,-2.910102367
1+100,308,-2.910102367
1+100,309,-2.910102367
1+100,310,-2.910102367
1+100,311,-2.910102367
1+100,312,-2.910102367
1+100,313,-2.888761044
1+100,314,-2.888761044
1+100,315,-2.888761044
1+100,316,-2.888761044
1+100,317,-2.888761044
1+100,318,-2.888761044
1+100,319,-2.888761044
1+100,320,-2.80284071
1+100,321,-2.80284071
1+100,322,-2.80284071
1+100,323,-2.80284071
1+100,324,-2.80284071
1+100,325,-2.77653718
1+100,326,-2.77653718
1+100,327,-2.77653718
1+100,328,-2.77653718
1+100,329,-2.77653718
1+100,330,-2.77653718
1+100,331,-2.77653718
1+100,332,-2.77653718
1+100,333,-2.77653718
1+100,334,-2.77653718
1+100,335,-2.77653718
1+100,336,-2.77653718
1+100,337,-2.747456074
1+100,338,-2.747456074
1+100,339,-2.654902697
1+100,340,-2.654902697
1+100,341,-2.654902697
1+100,342,-2.654902697
1+100,343,-2.654902697
1+100,344,-2.654902697
1+100,345,-2.654902697
1+100,346,-2.654902697
1+100,347,-2.654902697
1+100,348,-2.654902697
1+100,349,-2.616369963
1+100,350,-2.616369963
1+100,351,-2.616369963
1+100,352,-2.616369963
1+100,353,-2.616369963
1+100,354,-2.616369963
1+100,355,-2.616369963
1+100,356,-2.616369963
1+100,357,-2.616369963
1+100,358,-2.522789955
1+100,359,-2.522789955
1+100,360,-2.522789955
1+100,361,-2.471758366
1+100,362,-2.471758366
1+100,363,-2.471758366
1+100,364,-2.471758366
1+100,365,-2.471758366
1+100,366,-2.471758366
1+100,367,-2.471758366
1+100,368,-2.471758366
1+100,369,-2.471758366
1+100,370,-2.471758366
1+100,371,-2.471758366
1+100,372,-2.408859491
1+100,373,-2.408859491
1+100,374,-2.408859491
1+100,375,-2.408859491
1+100,376,-2.312364578
1+100,377,-2.312364578
1+100,378,-2.312364578
1+100,379,-2.312364578
1+100,380,-2.312364578
1+100,381,-2.312364578
1+100,382,-2.312364578
1+100,383,-2.312364578
1+100,384,-2.229262829
1+100,385,-2.229262829
1+100,386,-2.229262829
1+100,387,-2.229262829
1+100,388,-2.229262829
1+100,389,-2.229262829
1+100,390,-2.229262829
1+100,391,-2.229262829
1+100,392,-2.229262829
1+100,393,-2.229262829
1+100,394,-2.229262829
1+100,395,-2.137275696
1+100,396,-2.02911067
1+100,397,-2.02911067
1+100,398,-2.02911067
1+100,399,-2.02911067
1+100,400,-2.02911067
1+100,401,-2.02911067
1+100,402,-2.02911067
1+100,403,-2.02911067
1+100,404,-2.02911067
1+100,405,-2.02911067
1+100,406,-2.02911067
1+100,407,-2.02911067
1+100,408,-1.894509315
1+100,409,-1.894509315
1+100,410,-1.894509315
1+100,411,-1.894509315
1+100,412,-1.894509315
1+100,413,-1.894509315
1+100,414,-1.800354958
1+100,415,-1.800354958
1+100,416,-1.800354958
1+100,417,-1.800354958
1+100,418,-1.800354958
1+100,419,-1.800354958
1+100,420,-1.61599493
1+100,421,-1.61599493
1+100,422,-1.61599493
1+100,423,-1.61599493
1+100,424,-1.61599493
1+100,425,-1.61599493
1+100,426,-1.61599493
1+100,427,-1.61599493
1+100,428,-1.61599493
1+100,429,-1.61599493
1+100,430,-1.61599493
1+100,431,-1.61599493
1+100,432,-1.34203279
1+100,433,-1.34203279
1+100,434,-1.34203279
1+100,435,-1.34203279
1+100,436,-1.34203279
1+100,437,-1.34203279
1+100,438,-1.34203279
1+100,439,-1.34203279
1+100,440,-1.34203279
1+100,441,-1.34203279
1+100,442,-1.34203279
1+100,443,-0.920107424
1+100,444,-0.920107424
1+100,445,-0.920107424
1+100,446,-0.920107424
1+100,447,-0.920107424
1+100,448,-0.920107424
1+100,449,-0.920107424
1+100,450,-0.920107424
1+100,451,-0.443349957
1+100,452,-0.443349957
1+100,453,-0.443349957
1+100,454,-0.443349957
1+100,455,0.484618038
1+100,456,0.484618038
1+100,457,0.484618038
1+100,458,0.484618038
1+100,459,0.484618038
1+100,460,0.484618038
1+100,461,0.484618038
1+100,462,0.484618038
1+100,463,0.484618038
1+100,464,0.484618038
1+100,465,0.484618038
1+100,466,0.484618038
1+100,467,1.339651585
1+100,468,1.339651585
1+100,469,1.339651585
1+100,470,1.81726265
1+100,471,1.81726265
1+100,472,1.81726265
1+100,473,1.81726265
1+100,474,1.81726265
1+100,475,1.81726265
1+100,476,1.81726265
1+100,477,1.81726265
1+100,478,1.81726265
1+100,479,2.220643044
1+100,480,2.220643044
1+100,481,2.220643044
1+100,482,2.220643044
1+100,483,2.220643044
1+100,484,2.220643044
1+100,485,2.220643044
1+100,486,2.220643044
1+100,487,2.220643044
1+100,488,2.268567562
1+100,489,2.268567562
1+100,490,2.268567562
1+100,491,2.341842651
1+100,492,2.341842651
1+100,493,2.341842651
1+100,494,2.341842651
1+100,495,2.341842651
1+100,496,2.341842651
1+100,497,2.341842651
1+100,498,2.341842651
1+100,499,2.341842651
1+100,500,2.341842651
1+200,0,-4.711086273
1+200,1,-4.711086273
1+200,2,-4.711086273
1+200,3,-4.711086273
1+200,4,-4.66930294
1+200,5,-4.65236187
1+200,6,-4.65236187
1+200,7,-4.65236187
1+200,8,-4.65236187
1+200,9,-4.65236187
1+200,10,-4.65236187
1+200,11,-4.65236187
1+200,12,-4.65236187
1+200,13,-4.65236187
1+200,14,-4.65236187
1+200,15,-4.65236187
1+200,16,-4.65236187
1+200,17,-4.636285782
1+200,18,-4.636285782
1+200,19,-4.636285782
1+200,20,-4.636285782
1+200,21,-4.636285782
1+200,22,-4.636285782
1+200,23,-4.592346191
1+200,24,-4.592346191
1+200,25,-4.592346191
1+200,26,-4.592346191
1+200,27,-4.592346191
1+200,28,-4.576475143
1+200,29,-4.576475143
1+200,30,-4.576475143
1+200,31,-4.576475143
1+200,32,-4.576475143
1+200,33,-4.576475143
1+200,34,-4.576475143
1+200,35,-4.576475143
1+200,36,-4.576475143
1+200,37,-4.576475143
1+200,38,-4.576475143
1+200,39,-4.576475143
1+200,40,-4.561601639
1+200,41,-4.561601639
1+200,42,-4.515368462
1+200,43,-4.515368462
1+200,44,-4.515368462
1+200,45,-4.515368462
1+200,46,-4.515368462
1+200,47,-4.515368462
1+200,48,-4.515368462
1+200,49,-4.515368462
1+200,50,-4.515368462
1+200,51,-4.515368462
1+200,52,-4.500821114
1+200,53,-4.500821114
1+200,54,-4.500821114
1+200,55,-4.500821114
1+200,56,-4.500821114
1+200,57,-4.500821114
1+200,58,-4.500821114
1+200,59,-4.500821114
1+200,60,-4.452943802
1+200,61,-4.452943802
1+200,62,-4.452943802
1+200,63,-4.452943802
1+200,64,-4.438761711
1+200,65,-4.438761711
1+200,66,-4.438761711
1+200,67,-4.438761711
1+200,68,-4.438761711
1+200,69,-4.438761711
1+200,70,-4.438761711
1+200,71,-4.438761711
1+200,72,-4.438761711
1+200,73,-4.438761711
1+200,74,-4.438761711
1+200,75,-4.438761711
1+200,76,-4.425768375
1+200,77,-4.425768375
1+200,78,-4.425768375
1+200,79,-4.37542057
1+200,80,-4.37542057
1+200,81,-4.37542057
1+200,82,-4.37542057
1+200,83,-4.37542057
1+200,84,-4.37542057
1+200,85,-4.37542057
1+200,86,-4.37542057
1+200,87,-4.362905979
1+200,88,-4.362905979
1+200,89,-4.362905979
1+200,90,-4.362905979
1+200,91,-4.362905979
1+200,92,-4.362905979
1+200,93,-4.362905979
1+200,94,-4.362905979
1+200,95,-4.362905979
1+200,96,-4.362905979
1+200,97,-4.362905979
1+200,98,-4.310823441
1+200,99,-4.298826218
1+200,100,-4.298826218
1+200,101,-4.298826218
1+200,102,-4.298826218
1+200,103,-4.298826218
1+200,104,-4.298826218
1+200,105,-4.298826218
1+200,106,-4.298826218
1+200,107,-4.298826218
1+200,108,-4.298826218
1+200,109,-4.298826218
1+200,110,-4.298826218
1+200,111,-4.288145065
1+200,112,-4.288145065
1+200,113,-4.288145065
1+200,114,-4.288145065
1+200,115,-4.288145065
1+200,116,-4.288145065
1+200,117,-4.233581543
1+200,118,-4.233581543
1+200,119,-4.233581543
1+200,120,-4.233581543
1+200,121,-4.233581543
1+200,122,-4.233581543
1+200,123,-4.223528862
1+200,124,-4.223528862
1+200,125,-4.223528862
1+200,126,-4.223528862
1+200,127,-4.223528862
1+200,128,-4.223528862
1+200,129,-4.223528862
1+200,130,-4.223528862
1+200,131,-4.223528862
1+200,132,-4.223528862
1+200,133,-4.223528862
1+200,134,-4.223528862
1+200,135,-4.214788437
1+200,136,-4.157888889
1+200,137,-4.157888889
1+200,138,-4.157888889
1+200,139,-4.157888889
1+200,140,-4.157888889
1+200,141,-4.157888889
1+200,142,-4.157888889
1+200,143,-4.157888889
1+200,144,-4.157888889
1+200,145,-4.157888889
1+200,146,-4.14988327
1+200,147,-4.14988327
1+200,148,-4.14988327
1+200,149,-4.14988327
1+200,150,-4.14988327
1+200,151,-4.14988327
1+200,152,-4.14988327
1+200,153,-4.14988327
1+200,154,-4.091358185
1+200,155,-4.091358185
1+200,156,-4.091358185
1+200,157,-4.091358185
1+200,158,-4.084153175
1+200,159,-4.084153175
1+200,160,-4.084153175
1+200,161,-4.084153175
1+200,162,-4.084153175
1+200,163,-4.084153175
1+200,164,-4.084153175
1+200,165,-4.084153175
1+200,166,-4.084153175
1+200,167,-4.084153175
1+200,168,-4.084153175
1+200,169,-4.084153175
1+200,170,-4.078230858
1+200,171,-4.078230858
1+200,172,-4.078230858
1+200,173,-4.017756939
1+200,174,-4.017756939
1+200,175,-4.017756939
1+200,176,-4.017756939
1+200,177,-4.017756939
1+200,178,-4.017756939
1+200,179,-4.017756939
1+200,180,-4.017756939
1+200,181,-4.017756939
1+200,182,-4.01273632
1+200,183,-4.01273632
1+200,184,-4.01273632
1+200,185,-4.01273632
1+200,186,-4.01273632
1+200,187,-4.01273632
1+200,188,-4.01273632
1+200,189,-4.01273632
1+200,190,-4.01273632
1+200,191,-4.01273632
1+200,192,-3.950860977
1+200,193,-3.950860977
1+200,194,-3.946810722
1+200,195,-3.946810722
1+200,196,-3.946810722
1+200,197,-3.946810722
1+200,198,-3.946810722
1+200,199,-3.946810722
1+200,200,-3.946810722
1+200,201,-3.946810722
1+200,202,-3.946810722
1+200,203,-3.946810722
1+200,204,-3.946810722
1+200,205,-3.943884373
1+200,206,-3.943884373
1+200,207,-3.943884373
1+200,208,-3.943884373
1+200,209,-3.943884373
1+200,210,-3.943884373
1+200,211,-3.880586624
1+200,212,-3.880586624
1+200,213,-3.880586624
1+200,214,-3.880586624
1+200,215,-3.880586624
1+200,216,-3.880586624
1+200,217,-3.878659725
1+200,218,-3.878659725
1+200,219,-3.878659725
1+200,220,-3.878659725
1+200,221,-3.878659725
1+200,222,-3.878659725
1+200,223,-3.878659725
1+200,224,-3.878659725
1+200,225,-3.878659725
1+200,226,-3.878659725
1+200,227,-3.878659725
1+200,228,-3.878659725
1+200,229,-3.877543926
1+200,230,-3.813133717
1+200,231,-3.813133717
1+200,232,-3.813133717
1+200,233,-3.813133717
1+200,234,-3.813133717
1+200,235,-3.813133717
1+200,236,-3.813133717
1+200,237,-3.813133717
1+200,238,-3.813133717
1+200,239,-3.813133717
1+200,240,-3.813133717
1+200,241,-3.812852859
1+200,242,-3.812852859
1+200,243,-3.812852859
1+200,244,-3.812852859
1+200,245,-3.812852859
1+200,246,-3.812852859
1+200,247,-3.812852859
1+200,248,-3.747026205
1+200,249,-3.747026205
1+200,250,-3.747026205
1+200,251,-3.747026205
1+200,252,-3.747297049
1+200,253,-3.747297049
1+200,254,-3.747297049
1+200,255,-3.747297049
1+200,256,-3.747297049
1+200,257,-3.747297049
1+200,258,-3.747297049
1+200,259,-3.747297049
1+200,260,-3.747297049
1+200,261,-3.747297049
1+200,262,-3.747297049
1+200,263,-3.747297049
1+200,264,-3.747481823
1+200,265,-3.747481823
1+200,266,-3.747481823
1+200,267,-3.679880142
1+200,268,-3.679880142
1+200,269,-3.679880142
1+200,270,-3.679880142
1+200,271,-3.679880142
1+200,272,-3.679880142
1+200,273,-3.679880142
1+200,274,-3.679880142
1+200,275,-3.679880142
1+200,276,-3.679360867
1+200,277,-3.679360867
1+200,278,-3.679360867
1+200,279,-3.679360867
1+200,280,-3.679360867
1+200,281,-3.679360867
1+200,282,-3.679360867
1+200,283,-3.679360867
1+200,284,-3.679360867
1+200,285,-3.679360867
1+200,286,-3.608812332
1+200,287,-3.608812332
1+200,288,-3.606007099
1+200,289,-3.606007099
1+200,290,-3.606007099
1+200,291,-3.606007099
1+200,292,-3.606007099
1+200,293,-3.606007099
1+200,294,-3.606007099
1+200,295,-3.606007099
1+200,296,-3.606007099
1+200,297,-3.606007099
1+200,298,-3.606007099
1+200,299,-3.606007099
1+200,300,-3.600003242
1+200,301,-3.600003242
1+200,302,-3.600003242
1+200,303,-3.600003242
1+200,304,-3.600003242
1+200,305,-3.523626804
1+200,306,-3.523626804
1+200,307,-3.523626804
1+200,308,-3.523626804
1+200,309,-3.523626804
1+200,310,-3.523626804
1+200,311,-3.510396481
1+200,312,-3.510396481
1+200,313,-3.510396481
1+200,314,-3.510396481
1+200,315,-3.510396481
1+200,316,-3.510396481
1+200,317,-3.510396481
1+200,318,-3.510396481
1+200,319,-3.510396481
1+200,320,-3.510396481
1+200,321,-3.510396481
1+200,322,-3.510396481
1+200,323,-3.489062309
1+200,324,-3.401709557
1+200,325,-3.401709557
1+200,326,-3.401709557
1+200,327,-3.401709557
1+200,328,-3.401709557
1+200,329,-3.401709557
1+200,330,-3.401709557
1+200,331,-3.401709557
1+200,332,-3.401709557
1+200,333,-3.401709557
1+200,334,-3.401709557
1+200,335,-3.364101887
1+200,336,-3.364101887
1+200,337,-3.364101887
1+200,338,-3.364101887
1+200,339,-3.364101887
1+200,340,-3.364101887
1+200,341,-3.364101887
1+200,342,-3.266025066
1+200,343,-3.266025066
1+200,344,-3.266025066
1+200,345,-3.266025066
1+200,346,-3.266025066
1+200,347,-3.205370903
1+200,348,-3.205370903
1+200,349,-3.205370903
1+200,350,-3.205370903
1+200,351,-3.205370903
1+200,352,-3.205370903
1+200,353,-3.205370903
1+200,354,-3.205370903
1+200,355,-3.205370903
1+200,356,-3.205370903
1+200,357,-3.205370903
1+200,358,-3.205370903
1+200,359,-3.122428417
1+200,360,-3.122428417
1+200,361,-3.0050776
1+200,362,-3.0050776
1+200,363,-3.0050776
1+200,364,-3.0050776
1+200,365,-3.0050776
1+200,366,-3.0050776
1+200,367,-3.0050776
1+200,368,-3.0050776
1+200,369,-3.0050776
1+200,370,-2.887858152
1+200,371,-2.887858152
1+200,372,-2.887858152
1+200,373,-2.887858152
1+200,374,-2.887858152
1+200,375,-2.887858152
1+200,376,-2.887858152
1+200,377,-2.887858152
1+200,378,-2.887858152
1+200,379,-2.887858152
1+200,380,-2.758676529
1+200,381,-2.758676529
1+200,382,-2.606267214
1+200,383,-2.606267214
1+200,384,-2.606267214
1+200,385,-2.606267214
1+200,386,-2.606267214
1+200,387,-2.606267214
1+200,388,-2.606267214
1+200,389,-2.606267214
1+200,390,-2.606267214
1+200,391,-2.606267214
1+200,392,-2.606267214
1+200,393,-2.606267214
1+200,394,-2.423971653
1+200,395,-2.423971653
1+200,396,-2.423971653
1+200,397,-2.423971653
1+200,398,-2.423971653
1+200,399,-2.285139799
1+200,400,-2.285139799
1+200,401,-2.285139799
1+200,402,-2.285139799
1+200,403,-2.285139799
1+200,404,-2.285139799
1+200,405,-2.285139799
1+200,406,-2.081675529
1+200,407,-2.081675529
1+200,408,-2.081675529
1+200,409,-2.081675529
1+200,410,-2.081675529
1+200,411,-2.081675529
1+200,412,-2.081675529
1+200,413,-2.081675529
1+200,414,-2.081675529
1+200,415,-2.081675529
1+200,416,-2.081675529
1+200,417,-2.081675529
1+200,418,-1.737758398
1+200,419,-1.737758398
1+200,420,-1.737758398
1+200,421,-1.737758398
1+200,422,-1.737758398
1+200,423,-1.737758398
1+200,424,-1.737758398
1+200,425,-1.737758398
1+200,426,-1.737758398
1+200,427,-1.737758398
1+200,428,-1.737758398
1+200,429,-1.522948027
1+200,430,-1.522948027
1+200,431,-1.522948027
1+200,432,-1.522948027
1+200,433,-1.522948027
1+200,434,-1.522948027
1+200,435,-1.522948027
1+200,436,-1.376219749
1+200,437,-1.376219749
1+200,438,-1.376219749
1+200,439,-1.376219749
1+200,440,-1.376219749
1+200,441,-1.013669968
1+200,442,-1.013669968
1+200,443,-1.013669968
1+200,444,-1.013669968
1+200,445,-1.013669968
1+200,446,-1.013669968
1+200,447,-1.013669968
1+200,448,-1.013669968
1+200,449,-1.013669968
1+200,450,-1.013669968
1+200,451,-1.013669968
1+200,452,-1.013669968
1+200,453,-0.312408179
1+200,454,-0.312408179
1+200,455,0.443769187
1+200,456,0.443769187
1+200,457,0.443769187
1+200,458,0.443769187
1+200,459,0.443769187
1+200,460,0.443769187
1+200,461,0.443769187
1+200,462,0.443769187
1+200,463,0.443769187
1+200,464,0.443769187
1+200,465,1.39874959
1+200,466,1.39874959
1+200,467,1.39874959
1+200,468,1.39874959
1+200,469,1.39874959
1+200,470,1.39874959
1+200,471,1.39874959
1+200,472,1.39874959
1+200,473,1.39874959
1+200,474,1.97229743
1+200,475,1.97229743
1+200,476,1.97229743
1+200,477,2.347698212
1+200,478,2.347698212
1+200,479,2.347698212
1+200,480,2.347698212
1+200,481,2.347698212
1+200,482,2.347698212
1+200,483,2.347698212
1+200,484,2.347698212
1+200,485,2.347698212
1+200,486,2.347698212
1+200,487,2.347698212
1+200,488,2.611575603
1+200,489,2.611575603
1+200,490,2.611575603
1+200,491,2.611575603
1+200,492,2.611575603
1+200,493,2.838199615
1+200,494,2.838199615
1+200,495,2.838199615
1+200,496,2.838199615
1+200,497,2.838199615
1+200,498,2.838199615
1+200,499,2.838199615
1+200,500,2.838199615
1+300,0,-4.949914932
1+300,1,-4.949914932
1+300,2,-4.938102722
1+300,3,-4.938102722
1+300,4,-4.938102722
1+300,5,-4.938102722
1+300,6,-4.938102722
1+300,7,-4.938102722
1+300,8,-4.938102722
1+300,9,-4.90387249
1+300,10,-4.90387249
1+300,11,-4.90387249
1+300,12,-4.90387249
1+300,13,-4.90387249
1+300,14,-4.892691612
1+300,15,-4.892691612
1+300,16,-4.892691612
1+300,17,-4.892691612
1+300,18,-4.892691612
1+300,19,-4.892691612
1+300,20,-4.892691612
1+300,21,-4.892691612
1+300,22,-4.892691612
1+300,23,-4.892691612
1+300,24,-4.892691612
1+300,25,-4.892691612
1+300,26,-4.881856918
1+300,27,-4.846877098
1+300,28,-4.846877098
1+300,29,-4.846877098
1+300,30,-4.846877098
1+300,31,-4.846877098
1+300,32,-4.846877098
1+300,33,-4.846877098
1+300,34,-4.846877098
1+300,35,-4.846877098
1+300,36,-4.846877098
1+300,37,-4.846877098
1+300,38,-4.836681366
1+300,39,-4.836681366
1+300,40,-4.836681366
1+300,41,-4.836681366
1+300,42,-4.836681366
1+300,43,-4.836681366
1+300,44,-4.836681366
1+300,45,-4.836681366
1+300,46,-4.80056572
1+300,47,-4.80056572
1+300,48,-4.80056572
1+300,49,-4.80056572
1+300,50,-4.791007519
1+300,51,-4.791007519
1+300,52,-4.791007519
1+300,53,-4.791007519
1+300,54,-4.791007519
1+300,55,-4.791007519
1+300,56,-4.791007519
1+300,57,-4.791007519
1+300,58,-4.791007519
1+300,59,-4.791007519
1+300,60,-4.791007519
1+300,61,-4.781647682
1+300,62,-4.781647682
1+300,63,-4.781647682
1+300,64,-4.781647682
1+300,65,-4.744717598
1+300,66,-4.744717598
1+300,67,-4.744717598
1+300,68,-4.744717598
1+300,69,-4.744717598
1+300,70,-4.744717598
1+300,71,-4.744717598
1+300,72,-4.744717598
1+300,73,-4.735911369
1+300,74,-4.735911369
1+300,75,-4.735911369
1+300,76,-4.735911369
1+300,77,-4.735911369
1+300,78,-4.735911369
1+300,79,-4.735911369
1+300,80,-4.735911369
1+300,81,-4.735911369
1+300,82,-4.735911369
1+300,83,-4.735911369
1+300,84,-4.697676182
1+300,85,-4.689364433
1+300,86,-4.689364433
1+300,87,-4.689364433
1+300,88,-4.689364433
1+300,89,-4.689364433
1+300,90,-4.689364433
1+300,91,-4.689364433
1+300,92,-4.689364433
1+300,93,-4.689364433
1+300,94,-4.689364433
1+300,95,-4.689364433
1+300,96,-4.689364433
1+300,97,-4.68090868
1+300,98,-4.68090868
1+300,99,-4.68090868
1+300,100,-4.68090868
1+300,101,-4.68090868
1+300,102,-4.68090868
1+300,103,-4.641852379
1+300,104,-4.641852379
1+300,105,-4.641852379
1+300,106,-4.641852379
1+300,107,-4.641852379
1+300,108,-4.641852379
1+300,109,-4.633695602
1+300,110,-4.633695602
1+300,111,-4.633695602
1+300,112,-4.633695602
1+300,113,-4.633695602
1+300,114,-4.633695602
1+300,115,-4.633695602
1+300,116,-4.633695602
1+300,117,-4.633695602
1+300,118,-4.633695602
1+300,119,-4.633695602
1+300,120,-4.625008106
1+300,121,-4.585260391
1+300,122,-4.585260391
1+300,123,-4.585260391
1+300,124,-4.585260391
1+300,125,-4.585260391
1+300,126,-4.585260391
1+300,127,-4.585260391
1+300,128,-4.585260391
1+300,129,-4.585260391
1+300,130,-4.585260391
1+300,131,-4.585260391
1+300,132,-4.576592922
1+300,133,-4.576592922
1+300,134,-4.576592922
1+300,135,-4.576592922
1+300,136,-4.576592922
1+300,137,-4.576592922
1+300,138,-4.576592922
1+300,139,-4.576592922
1+300,140,-4.53545475
1+300,141,-4.53545475
1+300,142,-4.53545475
1+300,143,-4.53545475
1+300,144,-4.526669502
1+300,145,-4.526669502
1+300,146,-4.526669502
1+300,147,-4.526669502
1+300,148,-4.526669502
1+300,149,-4.526669502
1+300,150,-4.526669502
1+300,151,-4.526669502
1+300,152,-4.526669502
1+300,153,-4.526669502
1+300,154,-4.526669502
1+300,155,-4.526669502
1+300,156,-4.516611576
1+300,157,-4.516611576
1+300,158,-4.516611576
1+300,159,-4.475121498
1+300,160,-4.475121498
1+300,161,-4.475121498
1+300,162,-4.475121498
1+300,163,-4.475121498
1+300,164,-4.475121498
1+300,165,-4.475121498
1+300,166,-4.475121498
1+300,167,-4.475121498
1+300,168,-4.464559555
1+300,169,-4.464559555
1+300,170,-4.464559555
1+300,171,-4.464559555
1+300,172,-4.464559555
1+300,173,-4.464559555
1+300,174,-4.464559555
1+300,175,-4.464559555
1+300,176,-4.464559555
1+300,177,-4.464559555
1+300,178,-4.421872139
1+300,179,-4.410640717
1+300,180,-4.410640717
1+300,181,-4.410640717
1+300,182,-4.410640717
1+300,183,-4.410640717
1+300,184,-4.410640717
1+300,185,-4.410640717
1+300,186,-4.410640717
1+300,187,-4.410640717
1+300,188,-4.410640717
1+300,189,-4.410640717
1+300,190,-4.410640717
1+300,191,-4.397110939
1+300,192,-4.397110939
1+300,193,-4.397110939
1+300,194,-4.397110939
1+300,195,-4.397110939
1+300,196,-4.397110939
1+300,197,-4.354811668
1+300,198,-4.354811668
1+300,199,-4.354811668
1+300,200,-4.354811668
1+300,201,-4.354811668
1+300,202,-4.354811668
1+300,203,-4.340074539
1+300,204,-4.340074539
1+300,205,-4.340074539
1+300,206,-4.340074539
1+300,207,-4.340074539
1+300,208,-4.340074539
1+300,209,-4.340074539
1+300,210,-4.340074539
1+300,211,-4.340074539
1+300,212,-4.340074539
1+300,213,-4.340074539
1+300,214,-4.340074539
1+300,215,-4.280928612
1+300,216,-4.280928612
1+300,217,-4.280928612
1+300,218,-4.280928612
1+300,219,-4.280928612
1+300,220,-4.280928612
1+300,221,-4.280928612
1+300,222,-4.280928612
1+300,223,-4.280928612
1+300,224,-4.280928612
1+300,225,-4.280928612
1+300,226,-4.280928612
1+300,227,-4.26099968
1+300,228,-4.26099968
1+300,229,-4.26099968
1+300,230,-4.26099968
1+300,231,-4.26099968
1+300,232,-4.26099968
1+300,233,-4.26099968
1+300,234,-4.219748497
1+300,235,-4.219748497
1+300,236,-4.219748497
1+300,237,-4.219748497
1+300,238,-4.197568893
1+300,239,-4.197568893
1+300,240,-4.197568893
1+300,241,-4.197568893
1+300,242,-4.197568893
1+300,243,-4.197568893
1+300,244,-4.197568893
1+300,245,-4.197568893
1+300,246,-4.197568893
1+300,247,-4.197568893
1+300,248,-4.197568893
1+300,249,-4.197568893
1+300,250,-4.170194149
1+300,251,-4.170194149
1+300,252,-4.170194149
1+300,253,-4.131965637
1+300,254,-4.131965637
1+300,255,-4.131965637
1+300,256,-4.131965637
1+300,257,-4.131965637
1+300,258,-4.131965637
1+300,259,-4.131965637
1+300,260,-4.131965637
1+300,261,-4.131965637
1+300,262,-4.10122776
1+300,263,-4.10122776
1+300,264,-4.10122776
1+300,265,-4.10122776
1+300,266,-4.10122776
1+300,267,-4.10122776
1+300,268,-4.10122776
1+300,269,-4.10122776
1+300,270,-4.10122776
1+300,271,-4.10122776
1+300,272,-4.064525604
1+300,273,-4.064525604
1+300,274,-4.03012085
1+300,275,-4.03012085
1+300,276,-4.03012085
1+300,277,-4.03012085
1+300,278,-4.03012085
1+300,279,-4.03012085
1+300,280,-4.03012085
1+300,281,-4.03012085
1+300,282,-4.03012085
1+300,283,-4.03012085
1+300,284,-4.03012085
1+300,285,-4.03012085
1+300,286,-3.987692356
1+300,287,-3.987692356
1+300,288,-3.987692356
1+300,289,-3.987692356
1+300,290,-3.987692356
1+300,291,-3.957270145
1+300,292,-3.957270145
1+300,293,-3.957270145
1+300,294,-3.957270145
1+300,295,-3.957270145
1+300,296,-3.957270145
1+300,297,-3.910316944
1+300,298,-3.910316944
1+300,299,-3.910316944
1+300,300,-3.910316944
1+300,301,-3.910316944
1+300,302,-3.910316944
1+300,303,-3.910316944
1+300,304,-3.910316944
1+300,305,-3.910316944
1+300,306,-3.910316944
1+300,307,-3.910316944
1+300,308,-3.910316944
1+300,309,-3.827589035
1+300,310,-3.827589035
1+300,311,-3.827589035
1+300,312,-3.827589035
1+300,313,-3.827589035
1+300,314,-3.827589035
1+300,315,-3.827589035
1+300,316,-3.827589035
1+300,317,-3.827589035
1+300,318,-3.827589035
1+300,319,-3.827589035
1+300,320,-3.827589035
1+300,321,-3.762766838
1+300,322,-3.762766838
1+300,323,-3.762766838
1+300,324,-3.762766838
1+300,325,-3.762766838
1+300,326,-3.762766838
1+300,327,-3.762766838
1+300,328,-3.729287863
1+300,329,-3.729287863
1+300,330,-3.729287863
1+300,331,-3.729287863
1+300,332,-3.729287863
1+300,333,-3.649096012
1+300,334,-3.649096012
1+300,335,-3.649096012
1+300,336,-3.649096012
1+300,337,-3.649096012
1+300,338,-3.649096012
1+300,339,-3.649096012
1+300,340,-3.649096012
1+300,341,-3.649096012
1+300,342,-3.649096012
1+300,343,-3.649096012
1+300,344,-3.649096012
1+300,345,-3.550893784
1+300,346,-3.550893784
1+300,347,-3.493725777
1+300,348,-3.493725777
1+300,349,-3.493725777
1+300,350,-3.493725777
1+300,351,-3.493725777
1+300,352,-3.493725777
1+300,353,-3.493725777
1+300,354,-3.493725777
1+300,355,-3.493725777
1+300,356,-3.365009069
1+300,357,-3.365009069
1+300,358,-3.365009069
1+300,359,-3.365009069
1+300,360,-3.365009069
1+300,361,-3.365009069
1+300,362,-3.365009069
1+300,363,-3.365009069
1+300,364,-3.365009069
1+300,365,-3.365009069
1+300,366,-3.274559975
1+300,367,-3.274559975
1+300,368,-3.105112076
1+300,369,-3.105112076
1+300,370,-3.105112076
1+300,371,-3.105112076
1+300,372,-3.105112076
1+300,373,-3.105112076
1+300,374,-3.105112076
1+300,375,-3.105112076
1+300,376,-3.105112076
1+300,377,-3.105112076
1+300,378,-3.105112076
1+300,379,-3.105112076
1+300,380,-2.90967226
1+300,381,-2.90967226
1+300,382,-2.90967226
1+300,383,-2.90967226
1+300,384,-2.90967226
1+300,385,-2.755802631
1+300,386,-2.755802631
1+300,387,-2.755802631
1+300,388,-2.755802631
1+300,389,-2.755802631
1+300,390,-2.755802631
1+300,391,-2.755802631
1+300,392,-2.518390417
1+300,393,-2.518390417
1+300,394,-2.518390417
1+300,395,-2.518390417
1+300,396,-2.518390417
1+300,397,-2.518390417
1+300,398,-2.518390417
1+300,399,-2.518390417
1+300,400,-2.518390417
1+300,401,-2.518390417
1+300,402,-2.518390417
1+300,403,-2.320988417
1+300,404,-2.05683136
1+300,405,-2.05683136
1+300,406,-2.05683136
1+300,407,-2.05683136
1+300,408,-2.05683136
1+300,409,-2.05683136
1+300,410,-2.05683136
1+300,411,-2.05683136
1+300,412,-2.05683136
1+300,413,-2.05683136
1+300,414,-2.05683136
1+300,415,-1.794728994
1+300,416,-1.794728994
1+300,417,-1.794728994
1+300,418,-1.794728994
1+300,419,-1.794728994
1+300,420,-1.794728994
1+300,421,-1.794728994
1+300,422,-1.577989459
1+300,423,-1.577989459
1+300,424,-1.577989459
1+300,425,-1.577989459
1+300,426,-1.577989459
1+300,427,-1.343330503
1+300,428,-1.343330503
1+300,429,-1.343330503
1+300,430,-1.343330503
1+300,431,-1.343330503
1+300,432,-1.343330503
1+300,433,-1.343330503
1+300,434,-1.343330503
1+300,435,-1.343330503
1+300,436,-1.343330503
1+300,437,-1.343330503
1+300,438,-1.343330503
1+300,439,-1.216897726
1+300,440,-1.216897726
1+300,441,-0.978719473
1+300,442,-0.978719473
1+300,443,-0.978719473
1+300,444,-0.978719473
1+300,445,-0.978719473
1+300,446,-0.978719473
1+300,447,-0.978719473
1+300,448,-0.978719473
1+300,449,-0.978719473
1+300,450,-0.978719473
1+300,451,-0.356924117
1+300,452,-0.356924117
1+300,453,-0.356924117
1+300,454,-0.356924117
1+300,455,-0.356924117
1+300,456,-0.356924117
1+300,457,-0.356924117
1+300,458,-0.356924117
1+300,459,-0.356924117
1+300,460,-0.036427945
1+300,461,-0.036427945
1+300,462,-0.036427945
1+300,463,0.932061434
1+300,464,0.932061434
1+300,465,0.932061434
1+300,466,0.932061434
1+300,467,0.932061434
1+300,468,0.932061434
1+300,469,0.932061434
1+300,470,0.932061434
1+300,471,0.932061434
1+300,472,0.932061434
1+300,473,0.932061434
1+300,474,1.818321705
1+300,475,1.818321705
1+300,476,1.818321705
1+300,477,1.818321705
1+300,478,1.818321705
1+300,479,2.011105537
1+300,480,2.011105537
1+300,481,2.011105537
1+300,482,2.011105537
1+300,483,2.011105537
1+300,484,2.011105537
1+300,485,2.011105537
1+300,486,2.489866734
1+300,487,2.489866734
1+300,488,2.489866734
1+300,489,2.489866734
1+300,490,2.489866734
1+300,491,2.489866734
1+300,492,2.489866734
1+300,493,2.489866734
1+300,494,2.489866734
1+300,495,2.489866734
1+300,496,2.489866734
1+300,497,2.688230038
1+300,498,2.688230038
1+300,499,2.688230038
1+300,500,2.688230038
1+400,0,-5.097982407
1+400,1,-5.097982407
1+400,2,-5.097982407
1+400,3,-5.097982407
1+400,4,-5.097982407
1+400,5,-5.097982407
1+400,6,-5.097982407
1+400,7,-5.097982407
1+400,8,-5.097982407
1+400,9,-5.097982407
1+400,10,-5.097982407
1+400,11,-5.097982407
1+400,12,-5.081859589
1+400,13,-5.058670044
1+400,14,-5.058670044
1+400,15,-5.058670044
1+400,16,-5.058670044
1+400,17,-5.058670044
1+400,18,-5.058670044
1+400,19,-5.058670044
1+400,20,-5.058670044
1+400,21,-5.058670044
1+400,22,-5.058670044
1+400,23,-5.058670044
1+400,24,-5.042386055
1+400,25,-5.042386055
1+400,26,-5.042386055
1+400,27,-5.042386055
1+400,28,-5.042386055
1+400,29,-5.042386055
1+400,30,-5.042386055
1+400,31,-5.042386055
1+400,32,-5.019181252
1+400,33,-5.019181252
1+400,34,-5.019181252
1+400,35,-5.019181252
1+400,36,-5.002605438
1+400,37,-5.002605438
1+400,38,-5.002605438
1+400,39,-5.002605438
1+400,40,-5.002605438
1+400,41,-5.002605438
1+400,42,-5.002605438
1+400,43,-5.002605438
1+400,44,-5.002605438
1+400,45,-5.002605438
1+400,46,-5.002605438
1+400,47,-4.985013008
1+400,48,-4.985013008
1+400,49,-4.985013008
1+400,50,-4.985013008
1+400,51,-4.962391853
1+400,52,-4.962391853
1+400,53,-4.962391853
1+400,54,-4.962391853
1+400,55,-4.962391853
1+400,56,-4.962391853
1+400,57,-4.962391853
1+400,58,-4.962391853
1+400,59,-4.944109917
1+400,60,-4.944109917
1+400,61,-4.944109917
1+400,62,-4.944109917
1+400,63,-4.944109917
1+400,64,-4.944109917
1+400,65,-4.944109917
1+400,66,-4.944109917
1+400,67,-4.944109917
1+400,68,-4.944109917
1+400,69,-4.944109917
1+400,70,-4.921579361
1+400,71,-4.902397156
1+400,72,-4.902397156
1+400,73,-4.902397156
1+400,74,-4.902397156
1+400,75,-4.902397156
1+400,76,-4.902397156
1+400,77,-4.902397156
1+400,78,-4.902397156
1+400,79,-4.902397156
1+400,80,-4.902397156
1+400,81,-4.902397156
1+400,82,-4.902397156
1+400,83,-4.881379604
1+400,84,-4.881379604
1+400,85,-4.881379604
1+400,86,-4.881379604
1+400,87,-4.881379604
1+400,88,-4.859663963
1+400,89,-4.859663963
1+400,90,-4.859663963
1+400,91,-4.859663963
1+400,92,-4.859663963
1+400,93,-4.859663963
1+400,94,-4.837169647
1+400,95,-4.837169647
1+400,96,-4.837169647
1+400,97,-4.837169647
1+400,98,-4.837169647
1+400,99,-4.837169647
1+400,100,-4.837169647
1+400,101,-4.837169647
1+400,102,-4.837169647
1+400,103,-4.837169647
1+400,104,-4.837169647
1+400,105,-4.837169647
1+400,106,-4.812164307
1+400,107,-4.791383266
1+400,108,-4.791383266
1+400,109,-4.791383266
1+400,110,-4.791383266
1+400,111,-4.791383266
1+400,112,-4.791383266
1+400,113,-4.791383266
1+400,114,-4.791383266
1+400,115,-4.791383266
1+400,116,-4.791383266
1+400,117,-4.791383266
1+400,118,-4.764203072
1+400,119,-4.764203072
1+400,120,-4.764203072
1+400,121,-4.764203072
1+400,122,-4.764203072
1+400,123,-4.764203072
1+400,124,-4.764203072
1+400,125,-4.764203072
1+400,126,-4.743688583
1+400,127,-4.743688583
1+400,128,-4.743688583
1+400,129,-4.743688583
1+400,130,-4.713990211
1+400,131,-4.713990211
1+400,132,-4.713990211
1+400,133,-4.713990211
1+400,134,-4.713990211
1+400,135,-4.713990211
1+400,136,-4.713990211
1+400,137,-4.713990211
1+400,138,-4.713990211
1+400,139,-4.713990211
1+400,140,-4.713990211
1+400,141,-4.713990211
1+400,142,-4.680589199
1+400,143,-4.680589199
1+400,144,-4.680589199
1+400,145,-4.661155224
1+400,146,-4.661155224
1+400,147,-4.661155224
1+400,148,-4.661155224
1+400,149,-4.661155224
1+400,150,-4.661155224
1+400,151,-4.661155224
1+400,152,-4.661155224
1+400,153,-4.624396801
1+400,154,-4.624396801
1+400,155,-4.624396801
1+400,156,-4.624396801
1+400,157,-4.624396801
1+400,158,-4.624396801
1+400,159,-4.624396801
1+400,160,-4.624396801
1+400,161,-4.624396801
1+400,162,-4.624396801
1+400,163,-4.624396801
1+400,164,-4.605308533
1+400,165,-4.564791203
1+400,166,-4.564791203
1+400,167,-4.564791203
1+400,168,-4.564791203
1+400,169,-4.564791203
1+400,170,-4.564791203
1+400,171,-4.564791203
1+400,172,-4.564791203
1+400,173,-4.564791203
1+400,174,-4.564791203
1+400,175,-4.564791203
1+400,176,-4.564791203
1+400,177,-4.519325256
1+400,178,-4.519325256
1+400,179,-4.519325256
1+400,180,-4.519325256
1+400,181,-4.519325256
1+400,182,-4.501355171
1+400,183,-4.501355171
1+400,184,-4.501355171
1+400,185,-4.501355171
1+400,186,-4.501355171
1+400,187,-4.501355171
1+400,188,-4.501355171
1+400,189,-4.451188087
1+400,190,-4.451188087
1+400,191,-4.451188087
1+400,192,-4.451188087
1+400,193,-4.451188087
1+400,194,-4.451188087
1+400,195,-4.451188087
1+400,196,-4.451188087
1+400,197,-4.451188087
1+400,198,-4.451188087
1+400,199,-4.451188087
1+400,200,-4.451188087
1+400,201,-4.378331184
1+400,202,-4.378331184
1+400,203,-4.378331184
1+400,204,-4.378331184
1+400,205,-4.378331184
1+400,206,-4.378331184
1+400,207,-4.378331184
1+400,208,-4.378331184
1+400,209,-4.378331184
1+400,210,-4.378331184
1+400,211,-4.378331184
1+400,212,-4.316868305
1+400,213,-4.316868305
1+400,214,-4.316868305
1+400,215,-4.316868305
1+400,216,-4.316868305
1+400,217,-4.316868305
1+400,218,-4.316868305
1+400,219,-4.316868305
1+400,220,-4.30025959
1+400,221,-4.30025959
1+400,222,-4.30025959
1+400,223,-4.30025959
1+400,224,-4.23252964
1+400,225,-4.23252964
1+400,226,-4.23252964
1+400,227,-4.23252964
1+400,228,-4.23252964
1+400,229,-4.23252964
1+400,230,-4.23252964
1+400,231,-4.23252964
1+400,232,-4.23252964
1+400,233,-4.23252964
1+400,234,-4.23252964
1+400,235,-4.23252964
1+400,236,-4.158258915
1+400,237,-4.158258915
1+400,238,-4.158258915
1+400,239,-4.14183712
1+400,240,-4.14183712
1+400,241,-4.14183712
1+400,242,-4.14183712
1+400,243,-4.14183712
1+400,244,-4.14183712
1+400,245,-4.14183712
1+400,246,-4.14183712
1+400,247,-4.14183712
1+400,248,-4.060136318
1+400,249,-4.060136318
1+400,250,-4.060136318
1+400,251,-4.060136318
1+400,252,-4.060136318
1+400,253,-4.060136318
1+400,254,-4.060136318
1+400,255,-4.060136318
1+400,256,-4.060136318
1+400,257,-4.060136318
1+400,258,-4.044206619
1+400,259,-4.044206619
1+400,260,-3.954519272
1+400,261,-3.954519272
1+400,262,-3.954519272
1+400,263,-3.954519272
1+400,264,-3.954519272
1+400,265,-3.954519272
1+400,266,-3.954519272
1+400,267,-3.954519272
1+400,268,-3.954519272
1+400,269,-3.954519272
1+400,270,-3.954519272
1+400,271,-3.857820988
1+400,272,-3.857820988
1+400,273,-3.857820988
1+400,274,-3.857820988
1+400,275,-3.857820988
1+400,276,-3.841162443
1+400,277,-3.841162443
1+400,278,-3.841162443
1+400,279,-3.841162443
1+400,280,-3.841162443
1+400,281,-3.841162443
1+400,282,-3.841162443
1+400,283,-3.73591423
1+400,284,-3.73591423
1+400,285,-3.73591423
1+400,286,-3.73591423
1+400,287,-3.73591423
1+400,288,-3.73591423
1+400,289,-3.73591423
1+400,290,-3.73591423
1+400,291,-3.73591423
1+400,292,-3.73591423
1+400,293,-3.73591423
1+400,294,-3.73591423
1+400,295,-3.606977463
1+400,296,-3.606977463
1+400,297,-3.606977463
1+400,298,-3.606977463
1+400,299,-3.606977463
1+400,300,-3.606977463
1+400,301,-3.606977463
1+400,302,-3.606977463
1+400,303,-3.606977463
1+400,304,-3.606977463
1+400,305,-3.606977463
1+400,306,-3.606977463
1+400,307,-3.488009453
1+400,308,-3.488009453
1+400,309,-3.488009453
1+400,310,-3.488009453
1+400,311,-3.488009453
1+400,312,-3.488009453
1+400,313,-3.488009453
1+400,314,-3.472766638
1+400,315,-3.472766638
1+400,316,-3.472766638
1+400,317,-3.472766638
1+400,318,-3.472766638
1+400,319,-3.347506523
1+400,320,-3.347506523
1+400,321,-3.347506523
1+400,322,-3.347506523
1+400,323,-3.347506523
1+400,324,-3.347506523
1+400,325,-3.347506523
1+400,326,-3.347506523
1+400,327,-3.347506523
1+400,328,-3.347506523
1+400,329,-3.347506523
1+400,330,-3.220238686
1+400,331,-3.220238686
1+400,332,-3.220238686
1+400,333,-3.205921173
1+400,334,-3.205921173
1+400,335,-3.205921173
1+400,336,-3.205921173
1+400,337,-3.205921173
1+400,338,-3.205921173
1+400,339,-3.205921173
1+400,340,-3.205921173
1+400,341,-3.205921173
1+400,342,-3.076021671
1+400,343,-3.076021671
1+400,344,-3.076021671
1+400,345,-3.076021671
1+400,346,-3.076021671
1+400,347,-3.076021671
1+400,348,-3.076021671
1+400,349,-3.076021671
1+400,350,-3.076021671
1+400,351,-3.076021671
1+400,352,-3.064857483
1+400,353,-3.064857483
1+400,354,-2.93421936
1+400,355,-2.93421936
1+400,356,-2.93421936
1+400,357,-2.93421936
1+400,358,-2.93421936
1+400,359,-2.93421936
1+400,360,-2.93421936
1+400,361,-2.93421936
1+400,362,-2.93421936
1+400,363,-2.93421936
1+400,364,-2.93421936
1+400,365,-2.93421936
1+400,366,-2.808094501
1+400,367,-2.808094501
1+400,368,-2.808094501
1+400,369,-2.808094501
1+400,370,-2.792378426
1+400,371,-2.792378426
1+400,372,-2.792378426
1+400,373,-2.792378426
1+400,374,-2.792378426
1+400,375,-2.792378426
1+400,376,-2.792378426
1+400,377,-2.792378426
1+400,378,-2.666153431
1+400,379,-2.666153431
1+400,380,-2.666153431
1+400,381,-2.666153431
1+400,382,-2.666153431
1+400,383,-2.666153431
1+400,384,-2.666153431
1+400,385,-2.666153431
1+400,386,-2.666153431
1+400,387,-2.666153431
1+400,388,-2.666153431
1+400,389,-2.51549387
1+400,390,-2.51549387
1+400,391,-2.51549387
1+400,392,-2.51549387
1+400,393,-2.51549387
1+400,394,-2.51549387
1+400,395,-2.51549387
1+400,396,-2.51549387
1+400,397,-2.51549387
1+400,398,-2.51549387
1+400,399,-2.51549387
1+400,400,-2.51549387
1+400,401,-2.378665447
1+400,402,-2.378665447
1+400,403,-2.378665447
1+400,404,-2.378665447
1+400,405,-2.378665447
1+400,406,-2.378665447
1+400,407,-2.378665447
1+400,408,-2.357348442
1+400,409,-2.357348442
1+400,410,-2.357348442
1+400,411,-2.357348442
1+400,412,-2.357348442
1+400,413,-2.186264753
1+400,414,-2.186264753
1+400,415,-2.186264753
1+400,416,-2.186264753
1+400,417,-2.186264753
1+400,418,-2.186264753
1+400,419,-2.186264753
1+400,420,-2.186264753
1+400,421,-2.186264753
1+400,422,-2.186264753
1+400,423,-2.186264753
1+400,424,-2.186264753
1+400,425,-1.939583063
1+400,426,-1.939583063
1+400,427,-2.027048826
1+400,428,-2.027048826
1+400,429,-2.027048826
1+400,430,-2.027048826
1+400,431,-2.027048826
1+400,432,-2.027048826
1+400,433,-2.027048826
1+400,434,-2.027048826
1+400,435,-2.027048826
1+400,436,-2.027048826
1+400,437,-1.61606276
1+400,438,-1.61606276
1+400,439,-1.61606276
1+400,440,-1.61606276
1+400,441,-1.61606276
1+400,442,-1.61606276
1+400,443,-1.61606276
1+400,444,-1.61606276
1+400,445,-1.61606276
1+400,446,-1.371279359
1+400,447,-1.371279359
1+400,448,-1.010466576
1+400,449,-1.010466576
1+400,450,-1.010466576
1+400,451,-1.010466576
1+400,452,-1.010466576
1+400,453,-1.010466576
1+400,454,-1.010466576
1+400,455,-1.010466576
1+400,456,-1.010466576
1+400,457,-1.010466576
1+400,458,-1.010466576
1+400,459,-1.010466576
1+400,460,-0.528769433
1+400,461,-0.528769433
1+400,462,-0.528769433
1+400,463,-0.528769433
1+400,464,-0.295693696
1+400,465,-0.295693696
1+400,466,-0.295693696
1+400,467,-0.295693696
1+400,468,-0.295693696
1+400,469,-0.295693696
1+400,470,-0.295693696
1+400,471,-0.295693696
1+400,472,0.044223726
1+400,473,0.044223726
1+400,474,0.044223726
1+400,475,0.044223726
1+400,476,0.044223726
1+400,477,0.044223726
1+400,478,0.044223726
1+400,479,0.044223726
1+400,480,0.044223726
1+400,481,0.044223726
1+400,482,0.044223726
1+400,483,0.44853735
1+400,484,0.563387394
1+400,485,0.563387394
1+400,486,0.563387394
1+400,487,0.563387394
1+400,488,0.563387394
1+400,489,0.563387394
1+400,490,0.563387394
1+400,491,0.563387394
1+400,492,0.563387394
1+400,493,0.563387394
1+400,494,0.563387394
1+400,495,0.563387394
1+400,496,1.029203415
1+400,497,1.029203415
1+400,498,1.029203415
1+400,499,1.029203415
1+400,500,1.029203415
1+500,0,-5.179255009
1+500,1,-5.179255009
1+500,2,-5.179255009
1+500,3,-5.179255009
1+500,4,-5.179255009
1+500,5,-5.179255009
1+500,6,-5.179255009
1+500,7,-5.179255009
1+500,8,-5.179255009
1+500,9,-5.179255009
1+500,10,-5.159653664
1+500,11,-5.159653664
1+500,12,-5.159653664
1+500,13,-5.159653664
1+500,14,-5.159653664
1+500,15,-5.159653664
1+500,16,-5.159653664
1+500,17,-5.159653664
1+500,18,-5.138903618
1+500,19,-5.138903618
1+500,20,-5.138903618
1+500,21,-5.118727684
1+500,22,-5.118727684
1+500,23,-5.118727684
1+500,24,-5.118727684
1+500,25,-5.118727684
1+500,26,-5.118727684
1+500,27,-5.118727684
1+500,28,-5.118727684
1+500,29,-5.118727684
1+500,30,-5.118727684
1+500,31,-5.118727684
1+500,32,-5.118727684
1+500,33,-5.098355293
1+500,34,-5.098355293
1+500,35,-5.098355293
1+500,36,-5.098355293
1+500,37,-5.076132774
1+500,38,-5.076132774
1+500,39,-5.076132774
1+500,40,-5.076132774
1+500,41,-5.076132774
1+500,42,-5.076132774
1+500,43,-5.076132774
1+500,44,-5.076132774
1+500,45,-5.055003166
1+500,46,-5.055003166
1+500,47,-5.055003166
1+500,48,-5.055003166
1+500,49,-5.055003166
1+500,50,-5.055003166
1+500,51,-5.055003166
1+500,52,-5.055003166
1+500,53,-5.055003166
1+500,54,-5.055003166
1+500,55,-5.031545639
1+500,56,-5.031545639
1+500,57,-5.009468079
1+500,58,-5.009468079
1+500,59,-5.009468079
1+500,60,-5.009468079
1+500,61,-5.009468079
1+500,62,-5.009468079
1+500,63,-5.009468079
1+500,64,-5.009468079
1+500,65,-5.009468079
1+500,66,-5.009468079
1+500,67,-5.009468079
1+500,68,-5.009468079
1+500,69,-4.987671375
1+500,70,-4.987671375
1+500,71,-4.987671375
1+500,72,-4.987671375
1+500,73,-4.987671375
1+500,74,-4.961442947
1+500,75,-4.961442947
1+500,76,-4.961442947
1+500,77,-4.961442947
1+500,78,-4.961442947
1+500,79,-4.961442947
1+500,80,-4.938705444
1+500,81,-4.938705444
1+500,82,-4.938705444
1+500,83,-4.938705444
1+500,84,-4.938705444
1+500,85,-4.938705444
1+500,86,-4.938705444
1+500,87,-4.938705444
1+500,88,-4.938705444
1+500,89,-4.938705444
1+500,90,-4.938705444
1+500,91,-4.938705444
1+500,92,-4.916985512
1+500,93,-4.886787415
1+500,94,-4.886787415
1+500,95,-4.886787415
1+500,96,-4.886787415
1+500,97,-4.886787415
1+500,98,-4.886787415
1+500,99,-4.886787415
1+500,100,-4.886787415
1+500,101,-4.886787415
1+500,102,-4.886787415
1+500,103,-4.886787415
1+500,104,-4.864286423
1+500,105,-4.864286423
1+500,106,-4.864286423
1+500,107,-4.864286423
1+500,108,-4.864286423
1+500,109,-4.864286423
1+500,110,-4.864286423
1+500,111,-4.864286423
1+500,112,-4.831588745
1+500,113,-4.831588745
1+500,114,-4.831588745
1+500,115,-4.831588745
1+500,116,-4.808140278
1+500,117,-4.808140278
1+500,118,-4.808140278
1+500,119,-4.808140278
1+500,120,-4.808140278
1+500,121,-4.808140278
1+500,122,-4.808140278
1+500,123,-4.808140278
1+500,124,-4.808140278
1+500,125,-4.808140278
1+500,126,-4.808140278
1+500,127,-4.808140278
1+500,128,-4.787102222
1+500,129,-4.787102222
1+500,130,-4.787102222
1+500,131,-4.748159409
1+500,132,-4.748159409
1+500,133,-4.748159409
1+500,134,-4.748159409
1+500,135,-4.748159409
1+500,136,-4.748159409
1+500,137,-4.748159409
1+500,138,-4.748159409
1+500,139,-4.726414204
1+500,140,-4.726414204
1+500,141,-4.726414204
1+500,142,-4.726414204
1+500,143,-4.726414204
1+500,144,-4.726414204
1+500,145,-4.726414204
1+500,146,-4.726414204
1+500,147,-4.726414204
1+500,148,-4.726414204
1+500,149,-4.683924675
1+500,150,-4.683924675
1+500,151,-4.661238194
1+500,152,-4.661238194
1+500,153,-4.661238194
1+500,154,-4.661238194
1+500,155,-4.661238194
1+500,156,-4.661238194
1+500,157,-4.661238194
1+500,158,-4.661238194
1+500,159,-4.661238194
1+500,160,-4.661238194
1+500,161,-4.661238194
1+500,162,-4.661238194
1+500,163,-4.64250946
1+500,164,-4.64250946
1+500,165,-4.64250946
1+500,166,-4.64250946
1+500,167,-4.64250946
1+500,168,-4.591080666
1+500,169,-4.591080666
1+500,170,-4.591080666
1+500,171,-4.591080666
1+500,172,-4.591080666
1+500,173,-4.591080666
1+500,174,-4.591080666
1+500,175,-4.571600914
1+500,176,-4.571600914
1+500,177,-4.571600914
1+500,178,-4.571600914
1+500,179,-4.571600914
1+500,180,-4.571600914
1+500,181,-4.571600914
1+500,182,-4.571600914
1+500,183,-4.571600914
1+500,184,-4.571600914
1+500,185,-4.571600914
1+500,186,-4.571600914
1+500,187,-4.494820595
1+500,188,-4.494820595
1+500,189,-4.494820595
1+500,190,-4.494820595
1+500,191,-4.494820595
1+500,192,-4.494820595
1+500,193,-4.494820595
1+500,194,-4.494820595
1+500,195,-4.494820595
1+500,196,-4.494820595
1+500,197,-4.494820595
1+500,198,-4.479364395
1+500,199,-4.479364395
1+500,200,-4.479364395
1+500,201,-4.479364395
1+500,202,-4.479364395
1+500,203,-4.479364395
1+500,204,-4.479364395
1+500,205,-4.479364395
1+500,206,-4.41146946
1+500,207,-4.41146946
1+500,208,-4.41146946
1+500,209,-4.41146946
1+500,210,-4.394753456
1+500,211,-4.394753456
1+500,212,-4.394753456
1+500,213,-4.394753456
1+500,214,-4.394753456
1+500,215,-4.394753456
1+500,216,-4.394753456
1+500,217,-4.394753456
1+500,218,-4.394753456
1+500,219,-4.394753456
1+500,220,-4.394753456
1+500,221,-4.394753456
1+500,222,-4.383109093
1+500,223,-4.383109093
1+500,224,-4.383109093
1+500,225,-4.302138329
1+500,226,-4.302138329
1+500,227,-4.302138329
1+500,228,-4.302138329
1+500,229,-4.302138329
1+500,230,-4.302138329
1+500,231,-4.302138329
1+500,232,-4.302138329
1+500,233,-4.302138329
1+500,234,-4.288603783
1+500,235,-4.288603783
1+500,236,-4.288603783
1+500,237,-4.288603783
1+500,238,-4.288603783
1+500,239,-4.288603783
1+500,240,-4.288603783
1+500,241,-4.288603783
1+500,242,-4.288603783
1+500,243,-4.200457096
1+500,244,-4.200457096
1+500,245,-4.200457096
1+500,246,-4.184110641
1+500,247,-4.184110641
1+500,248,-4.184110641
1+500,249,-4.184110641
1+500,250,-4.184110641
1+500,251,-4.184110641
1+500,252,-4.184110641
1+500,253,-4.184110641
1+500,254,-4.184110641
1+500,255,-4.184110641
1+500,256,-4.184110641
1+500,257,-4.171319485
1+500,258,-4.171319485
1+500,259,-4.171319485
1+500,260,-4.171319485
1+500,261,-4.171319485
1+500,262,-4.068341255
1+500,263,-4.068341255
1+500,264,-4.068341255
1+500,265,-4.068341255
1+500,266,-4.068341255
1+500,267,-4.068341255
1+500,268,-4.068341255
1+500,269,-4.051220417
1+500,270,-4.051220417
1+500,271,-4.051220417
1+500,272,-4.051220417
1+500,273,-4.051220417
1+500,274,-4.051220417
1+500,275,-4.051220417
1+500,276,-4.051220417
1+500,277,-4.051220417
1+500,278,-4.051220417
1+500,279,-4.051220417
1+500,280,-4.051220417
1+500,281,-3.917439938
1+500,282,-3.917439938
1+500,283,-3.917439938
1+500,284,-3.917439938
1+500,285,-3.917439938
1+500,286,-3.917439938
1+500,287,-3.917439938
1+500,288,-3.917439938
1+500,289,-3.917439938
1+500,290,-3.917439938
1+500,291,-3.917439938
1+500,292,-3.917439938
1+500,293,-3.894718885
1+500,294,-3.894718885
1+500,295,-3.894718885
1+500,296,-3.894718885
1+500,297,-3.894718885
1+500,298,-3.894718885
1+500,299,-3.894718885
1+500,300,-3.769279957
1+500,301,-3.769279957
1+500,302,-3.769279957
1+500,303,-3.769279957
1+500,304,-3.769279957
1+500,305,-3.739356279
1+500,306,-3.739356279
1+500,307,-3.739356279
1+500,308,-3.739356279
1+500,309,-3.739356279
1+500,310,-3.739356279
1+500,311,-3.739356279
1+500,312,-3.739356279
1+500,313,-3.739356279
1+500,314,-3.739356279
1+500,315,-3.739356279
1+500,316,-3.705014229
1+500,317,-3.705014229
1+500,318,-3.705014229
1+500,319,-3.569630384
1+500,320,-3.569630384
1+500,321,-3.569630384
1+500,322,-3.569630384
1+500,323,-3.569630384
1+500,324,-3.569630384
1+500,325,-3.569630384
1+500,326,-3.569630384
1+500,327,-3.569630384
1+500,328,-3.526832342
1+500,329,-3.526832342
1+500,330,-3.526832342
1+500,331,-3.526832342
1+500,332,-3.526832342
1+500,333,-3.526832342
1+500,334,-3.526832342
1+500,335,-3.526832342
1+500,336,-3.526832342
1+500,337,-3.388239145
1+500,338,-3.388239145
1+500,339,-3.388239145
1+500,340,-3.337365389
1+500,341,-3.337365389
1+500,342,-3.337365389
1+500,343,-3.337365389
1+500,344,-3.337365389
1+500,345,-3.337365389
1+500,346,-3.337365389
1+500,347,-3.337365389
1+500,348,-3.337365389
1+500,349,-3.337365389
1+500,350,-3.337365389
1+500,351,-3.337365389
1+500,352,-3.275822639
1+500,353,-3.275822639
1+500,354,-3.275822639
1+500,355,-3.275822639
1+500,356,-3.141084671
1+500,357,-3.141084671
1+500,358,-3.141084671
1+500,359,-3.141084671
1+500,360,-3.141084671
1+500,361,-3.141084671
1+500,362,-3.141084671
1+500,363,-3.141084671
1+500,364,-3.070621252
1+500,365,-3.070621252
1+500,366,-3.070621252
1+500,367,-3.070621252
1+500,368,-3.070621252
1+500,369,-3.070621252
1+500,370,-3.070621252
1+500,371,-3.070621252
1+500,372,-3.070621252
1+500,373,-3.070621252
1+500,374,-3.070621252
1+500,375,-2.860136986
1+500,376,-2.860136986
1+500,377,-2.860136986
1+500,378,-2.860136986
1+500,379,-2.860136986
1+500,380,-2.860136986
1+500,381,-2.860136986
1+500,382,-2.860136986
1+500,383,-2.860136986
1+500,384,-2.860136986
1+500,385,-2.860136986
1+500,386,-2.860136986
1+500,387,-2.760676384
1+500,388,-2.760676384
1+500,389,-2.760676384
1+500,390,-2.760676384
1+500,391,-2.760676384
1+500,392,-2.760676384
1+500,393,-2.760676384
1+500,394,-2.637767792
1+500,395,-2.637767792
1+500,396,-2.637767792
1+500,397,-2.637767792
1+500,398,-2.637767792
1+500,399,-2.515596628
1+500,400,-2.515596628
1+500,401,-2.515596628
1+500,402,-2.515596628
1+500,403,-2.515596628
1+500,404,-2.515596628
1+500,405,-2.515596628
1+500,406,-2.515596628
1+500,407,-2.515596628
1+500,408,-2.515596628
1+500,409,-2.515596628
1+500,410,-2.515596628
1+500,411,-2.374013901
1+500,412,-2.374013901
1+500,413,-2.243839025
1+500,414,-2.243839025
1+500,415,-2.243839025
1+500,416,-2.243839025
1+500,417,-2.243839025
1+500,418,-2.243839025
1+500,419,-2.243839025
1+500,420,-2.243839025
1+500,421,-2.243839025
1+500,422,-2.243839025
1+500,423,-2.108908653
1+500,424,-2.108908653
1+500,425,-2.108908653
1+500,426,-2.108908653
1+500,427,-2.108908653
1+500,428,-2.108908653
1+500,429,-2.108908653
1+500,430,-2.108908653
1+500,431,-2.041235685
1+500,432,-2.041235685
1+500,433,-2.041235685
1+500,434,-1.647303224
1+500,435,-1.647303224
1+500,436,-1.647303224
1+500,437,-1.647303224
1+500,438,-1.647303224
1+500,439,-1.647303224
1+500,440,-1.647303224
1+500,441,-1.647303224
1+500,442,-1.647303224
1+500,443,-1.647303224
1+500,444,-1.647303224
1+500,445,-1.647303224
1+500,446,-1.117890835
1+500,447,-1.117890835
1+500,448,-1.117890835
1+500,449,-1.117890835
1+500,450,-0.622099161
1+500,451,-0.622099161
1+500,452,-0.622099161
1+500,453,-0.622099161
1+500,454,-0.622099161
1+500,455,-0.622099161
1+500,456,-0.622099161
1+500,457,-0.622099161
1+500,458,0.271971434
1+500,459,0.271971434
1+500,460,0.271971434
1+500,461,0.271971434
1+500,462,0.271971434
1+500,463,0.271971434
1+500,464,0.271971434
1+500,465,0.271971434
1+500,466,0.271971434
1+500,467,0.271971434
1+500,468,0.271971434
1+500,469,0.864716411
1+500,470,1.612028003
1+500,471,1.612028003
1+500,472,1.612028003
1+500,473,1.612028003
1+500,474,1.612028003
1+500,475,1.612028003
1+500,476,1.612028003
1+500,477,1.612028003
1+500,478,1.612028003
1+500,479,1.612028003
1+500,480,1.612028003
1+500,481,2.224344254
1+500,482,2.224344254
1+500,483,2.224344254
1+500,484,2.224344254
1+500,485,2.224344254
1+500,486,2.224344254
1+500,487,2.224344254
1+500,488,2.498150349
1+500,489,2.498150349
1+500,490,2.498150349
1+500,491,2.498150349
1+500,492,2.498150349
1+500,493,2.815784454
1+500,494,2.815784454
1+500,495,2.815784454
1+500,496,2.815784454
1+500,497,2.815784454
1+500,498,2.815784454
1+500,499,2.815784454
1+500,500,2.815784454
1+600,0,-5.224119663
1+600,1,-5.224119663
1+600,2,-5.224119663
1+600,3,-5.212202072
1+600,4,-5.212202072
1+600,5,-5.212202072
1+600,6,-5.212202072
1+600,7,-5.189638615
1+600,8,-5.189638615
1+600,9,-5.189638615
1+600,10,-5.189638615
1+600,11,-5.189638615
1+600,12,-5.189638615
1+600,13,-5.189638615
1+600,14,-5.189638615
1+600,15,-5.189638615
1+600,16,-5.189638615
1+600,17,-5.189638615
1+600,18,-5.189638615
1+600,19,-5.166627407
1+600,20,-5.166627407
1+600,21,-5.166627407
1+600,22,-5.157025814
1+600,23,-5.157025814
1+600,24,-5.157025814
1+600,25,-5.157025814
1+600,26,-5.157025814
1+600,27,-5.157025814
1+600,28,-5.157025814
1+600,29,-5.157025814
1+600,30,-5.157025814
1+600,31,-5.135264397
1+600,32,-5.135264397
1+600,33,-5.135264397
1+600,34,-5.135264397
1+600,35,-5.135264397
1+600,36,-5.135264397
1+600,37,-5.135264397
1+600,38,-5.135264397
1+600,39,-5.135264397
1+600,40,-5.135264397
1+600,41,-5.126217842
1+600,42,-5.126217842
1+600,43,-5.106144905
1+600,44,-5.106144905
1+600,45,-5.106144905
1+600,46,-5.106144905
1+600,47,-5.106144905
1+600,48,-5.106144905
1+600,49,-5.106144905
1+600,50,-5.106144905
1+600,51,-5.106144905
1+600,52,-5.106144905
1+600,53,-5.106144905
1+600,54,-5.086107254
1+600,55,-5.086107254
1+600,56,-5.086107254
1+600,57,-5.086107254
1+600,58,-5.086107254
1+600,59,-5.086107254
1+600,60,-5.078170776
1+600,61,-5.078170776
1+600,62,-5.078170776
1+600,63,-5.078170776
1+600,64,-5.078170776
1+600,65,-5.078170776
1+600,66,-5.05979681
1+600,67,-5.05979681
1+600,68,-5.05979681
1+600,69,-5.05979681
1+600,70,-5.05979681
1+600,71,-5.05979681
1+600,72,-5.05979681
1+600,73,-5.05979681
1+600,74,-5.05979681
1+600,75,-5.05979681
1+600,76,-5.05979681
1+600,77,-5.05979681
1+600,78,-5.041254997
1+600,79,-5.034054756
1+600,80,-5.034054756
1+600,81,-5.034054756
1+600,82,-5.034054756
1+600,83,-5.034054756
1+600,84,-5.034054756
1+600,85,-5.034054756
1+600,86,-5.034054756
1+600,87,-5.034054756
1+600,88,-5.034054756
1+600,89,-5.034054756
1+600,90,-5.016296387
1+600,91,-5.016296387
1+600,92,-5.016296387
1+600,93,-5.016296387
1+600,94,-5.016296387
1+600,95,-5.016296387
1+600,96,-5.016296387
1+600,97,-5.008213997
1+600,98,-5.008213997
1+600,99,-5.008213997
1+600,100,-5.008213997
1+600,101,-5.008213997
1+600,102,-4.991001129
1+600,103,-4.991001129
1+600,104,-4.991001129
1+600,105,-4.991001129
1+600,106,-4.991001129
1+600,107,-4.991001129
1+600,108,-4.991001129
1+600,109,-4.991001129
1+600,110,-4.991001129
1+600,111,-4.991001129
1+600,112,-4.991001129
1+600,113,-4.972119331
1+600,114,-4.972119331
1+600,115,-4.972119331
1+600,116,-4.965354919
1+600,117,-4.965354919
1+600,118,-4.965354919
1+600,119,-4.965354919
1+600,120,-4.965354919
1+600,121,-4.965354919
1+600,122,-4.965354919
1+600,123,-4.965354919
1+600,124,-4.965354919
1+600,125,-4.946489334
1+600,126,-4.946489334
1+600,127,-4.946489334
1+600,128,-4.946489334
1+600,129,-4.946489334
1+600,130,-4.946489334
1+600,131,-4.946489334
1+600,132,-4.946489334
1+600,133,-4.946489334
1+600,134,-4.946489334
1+600,135,-4.939169407
1+600,136,-4.939169407
1+600,137,-4.920194626
1+600,138,-4.920194626
1+600,139,-4.920194626
1+600,140,-4.920194626
1+600,141,-4.920194626
1+600,142,-4.920194626
1+600,143,-4.920194626
1+600,144,-4.920194626
1+600,145,-4.920194626
1+600,146,-4.920194626
1+600,147,-4.920194626
1+600,148,-4.920194626
1+600,149,-4.897921562
1+600,150,-4.897921562
1+600,151,-4.897921562
1+600,152,-4.897921562
1+600,153,-4.897921562
1+600,154,-4.892463684
1+600,155,-4.892463684
1+600,156,-4.892463684
1+600,157,-4.892463684
1+600,158,-4.892463684
1+600,159,-4.892463684
1+600,160,-4.892463684
1+600,161,-4.86904335
1+600,162,-4.86904335
1+600,163,-4.86904335
1+600,164,-4.86904335
1+600,165,-4.86904335
1+600,166,-4.86904335
1+600,167,-4.86904335
1+600,168,-4.86904335
1+600,169,-4.86904335
1+600,170,-4.86904335
1+600,171,-4.86904335
1+600,172,-4.841096401
1+600,173,-4.837119102
1+600,174,-4.837119102
1+600,175,-4.837119102
1+600,176,-4.837119102
1+600,177,-4.837119102
1+600,178,-4.837119102
1+600,179,-4.837119102
1+600,180,-4.837119102
1+600,181,-4.837119102
1+600,182,-4.837119102
1+600,183,-4.837119102
1+600,184,-4.806681633
1+600,185,-4.806681633
1+600,186,-4.806681633
1+600,187,-4.806681633
1+600,188,-4.806681633
1+600,189,-4.806681633
1+600,190,-4.806681633
1+600,191,-4.801095009
1+600,192,-4.801095009
1+600,193,-4.801095009
1+600,194,-4.801095009
1+600,195,-4.801095009
1+600,196,-4.767671108
1+600,197,-4.767671108
1+600,198,-4.767671108
1+600,199,-4.767671108
1+600,200,-4.767671108
1+600,201,-4.767671108
1+600,202,-4.767671108
1+600,203,-4.767671108
1+600,204,-4.767671108
1+600,205,-4.767671108
1+600,206,-4.767671108
1+600,207,-4.767671108
1+600,208,-4.727987289
1+600,209,-4.727987289
1+600,210,-4.723106384
1+600,211,-4.723106384
1+600,212,-4.723106384
1+600,213,-4.723106384
1+600,214,-4.723106384
1+600,215,-4.723106384
1+600,216,-4.723106384
1+600,217,-4.723106384
1+600,218,-4.723106384
1+600,219,-4.723106384
1+600,220,-4.679223061
1+600,221,-4.679223061
1+600,222,-4.679223061
1+600,223,-4.679223061
1+600,224,-4.679223061
1+600,225,-4.679223061
1+600,226,-4.679223061
1+600,227,-4.679223061
1+600,228,-4.679223061
1+600,229,-4.671638012
1+600,230,-4.671638012
1+600,231,-4.622766972
1+600,232,-4.622766972
1+600,233,-4.622766972
1+600,234,-4.622766972
1+600,235,-4.622766972
1+600,236,-4.622766972
1+600,237,-4.622766972
1+600,238,-4.622766972
1+600,239,-4.622766972
1+600,240,-4.622766972
1+600,241,-4.622766972
1+600,242,-4.622766972
1+600,243,-4.56637001
1+600,244,-4.56637001
1+600,245,-4.56637001
1+600,246,-4.56637001
1+600,247,-4.56637001
1+600,248,-4.55629158
1+600,249,-4.55629158
1+600,250,-4.55629158
1+600,251,-4.55629158
1+600,252,-4.55629158
1+600,253,-4.55629158
1+600,254,-4.55629158
1+600,255,-4.492827415
1+600,256,-4.492827415
1+600,257,-4.492827415
1+600,258,-4.492827415
1+600,259,-4.492827415
1+600,260,-4.492827415
1+600,261,-4.492827415
1+600,262,-4.492827415
1+600,263,-4.492827415
1+600,264,-4.492827415
1+600,265,-4.492827415
1+600,266,-4.492827415
1+600,267,-4.404714584
1+600,268,-4.404714584
1+600,269,-4.404714584
1+600,270,-4.404714584
1+600,271,-4.404714584
1+600,272,-4.404714584
1+600,273,-4.404714584
1+600,274,-4.404714584
1+600,275,-4.404714584
1+600,276,-4.404714584
1+600,277,-4.404714584
1+600,278,-4.404714584
1+600,279,-4.323528767
1+600,280,-4.323528767
1+600,281,-4.323528767
1+600,282,-4.323528767
1+600,283,-4.323528767
1+600,284,-4.323528767
1+600,285,-4.298407555
1+600,286,-4.298407555
1+600,287,-4.298407555
1+600,288,-4.298407555
1+600,289,-4.298407555
1+600,290,-4.205179214
1+600,291,-4.205179214
1+600,292,-4.205179214
1+600,293,-4.205179214
1+600,294,-4.205179214
1+600,295,-4.205179214
1+600,296,-4.205179214
1+600,297,-4.205179214
1+600,298,-4.205179214
1+600,299,-4.205179214
1+600,300,-4.205179214
1+600,301,-4.205179214
1+600,302,-4.102228165
1+600,303,-4.102228165
1+600,304,-4.061941624
1+600,305,-4.061941624
1+600,306,-4.061941624
1+600,307,-4.061941624
1+600,308,-4.061941624
1+600,309,-4.061941624
1+600,310,-4.061941624
1+600,311,-4.061941624
1+600,312,-4.061941624
1+600,313,-4.061941624
1+600,314,-3.942579746
1+600,315,-3.942579746
1+600,316,-3.942579746
1+600,317,-3.942579746
1+600,318,-3.942579746
1+600,319,-3.942579746
1+600,320,-3.942579746
1+600,321,-3.942579746
1+600,322,-3.942579746
1+600,323,-3.889210939
1+600,324,-3.889210939
1+600,325,-3.889210939
1+600,326,-3.750240803
1+600,327,-3.750240803
1+600,328,-3.750240803
1+600,329,-3.750240803
1+600,330,-3.750240803
1+600,331,-3.750240803
1+600,332,-3.750240803
1+600,333,-3.750240803
1+600,334,-3.750240803
1+600,335,-3.750240803
1+600,336,-3.750240803
1+600,337,-3.750240803
1+600,338,-3.59854126
1+600,339,-3.59854126
1+600,340,-3.59854126
1+600,341,-3.59854126
1+600,342,-3.52171874
1+600,343,-3.52171874
1+600,344,-3.52171874
1+600,345,-3.52171874
1+600,346,-3.52171874
1+600,347,-3.52171874
1+600,348,-3.52171874
1+600,349,-3.346665859
1+600,350,-3.346665859
1+600,351,-3.346665859
1+600,352,-3.346665859
1+600,353,-3.346665859
1+600,354,-3.346665859
1+600,355,-3.346665859
1+600,356,-3.346665859
1+600,357,-3.346665859
1+600,358,-3.346665859
1+600,359,-3.346665859
1+600,360,-3.346665859
1+600,361,-3.058340073
1+600,362,-3.058340073
1+600,363,-3.058340073
1+600,364,-3.058340073
1+600,365,-3.058340073
1+600,366,-3.058340073
1+600,367,-3.058340073
1+600,368,-3.058340073
1+600,369,-3.058340073
1+600,370,-3.058340073
1+600,371,-3.058340073
1+600,372,-3.058340073
1+600,373,-2.849868059
1+600,374,-2.849868059
1+600,375,-2.849868059
1+600,376,-2.849868059
1+600,377,-2.849868059
1+600,378,-2.849868059
1+600,379,-2.741571188
1+600,380,-2.741571188
1+600,381,-2.741571188
1+600,382,-2.741571188
1+600,383,-2.741571188
1+600,384,-2.741571188
1+600,385,-2.51997757
1+600,386,-2.51997757
1+600,387,-2.51997757
1+600,388,-2.51997757
1+600,389,-2.51997757
1+600,390,-2.51997757
1+600,391,-2.51997757
1+600,392,-2.51997757
1+600,393,-2.51997757
1+600,394,-2.51997757
1+600,395,-2.51997757
1+600,396,-2.51997757
1+600,397,-2.300559521
1+600,398,-2.187834263
1+600,399,-2.187834263
1+600,400,-2.187834263
1+600,401,-2.187834263
1+600,402,-2.187834263
1+600,403,-2.187834263
1+600,404,-2.187834263
1+600,405,-2.187834263
1+600,406,-2.187834263
1+600,407,-2.187834263
1+600,408,-1.975699663
1+600,409,-1.975699663
1+600,410,-1.975699663
1+600,411,-1.975699663
1+600,412,-1.975699663
1+600,413,-1.975699663
1+600,414,-1.975699663
1+600,415,-1.975699663
1+600,416,-1.975699663
1+600,417,-1.885014176
1+600,418,-1.885014176
1+600,419,-1.885014176
1+600,420,-1.798993826
1+600,421,-1.798993826
1+600,422,-1.798993826
1+600,423,-1.798993826
1+600,424,-1.798993826
1+600,425,-1.798993826
1+600,426,-1.798993826
1+600,427,-1.798993826
1+600,428,-1.798993826
1+600,429,-1.798993826
1+600,430,-1.798993826
1+600,431,-1.798993826
1+600,432,-1.530250907
1+600,433,-1.530250907
1+600,434,-1.530250907
1+600,435,-1.530250907
1+600,436,-1.24912405
1+600,437,-1.24912405
1+600,438,-1.24912405
1+600,439,-1.24912405
1+600,440,-1.24912405
1+600,441,-1.24912405
1+600,442,-1.24912405
1+600,443,-1.24912405
1+600,444,-0.605911493
1+600,445,-0.605911493
1+600,446,-0.605911493
1+600,447,-0.605911493
1+600,448,-0.605911493
1+600,449,-0.605911493
1+600,450,-0.605911493
1+600,451,-0.605911493
1+600,452,-0.605911493
1+600,453,-0.605911493
1+600,454,-0.605911493
1+600,455,-0.036077175
1+600,456,0.661653161
1+600,457,0.661653161
1+600,458,0.661653161
1+600,459,0.661653161
1+600,460,0.661653161
1+600,461,0.661653161
1+600,462,0.661653161
1+600,463,0.661653161
1+600,464,0.661653161
1+600,465,0.661653161
1+600,466,0.661653161
1+600,467,1.338652849
1+600,468,1.338652849
1+600,469,1.338652849
1+600,470,1.338652849
1+600,471,1.338652849
1+600,472,1.338652849
1+600,473,1.80841136
1+600,474,1.80841136
1+600,475,1.80841136
1+600,476,1.80841136
1+600,477,1.80841136
1+600,478,1.80841136
1+600,479,2.289637089
1+600,480,2.289637089
1+600,481,2.289637089
1+600,482,2.289637089
1+600,483,2.289637089
1+600,484,2.289637089
1+600,485,2.289637089
1+600,486,2.289637089
1+600,487,2.289637089
1+600,488,2.289637089
1+600,489,2.289637089
1+600,490,2.289637089
1+600,491,2.671019077
1+600,492,2.892519951
1+600,493,2.892519951
1+600,494,2.892519951
1+600,495,2.892519951
1+600,496,2.892519951
1+600,497,2.892519951
1+600,498,2.892519951
1+600,499,2.892519951
1+600,500,2.892519951
1+700,0,-5.27419138
1+700,1,-5.27419138
1+700,2,-5.27419138
1+700,3,-5.27419138
1+700,4,-5.27419138
1+700,5,-5.253687382
1+700,6,-5.253687382
1+700,7,-5.253687382
1+700,8,-5.236552715
1+700,9,-5.236552715
1+700,10,-5.236552715
1+700,11,-5.236552715
1+700,12,-5.236552715
1+700,13,-5.236552715
1+700,14,-5.236552715
1+700,15,-5.236552715
1+700,16,-5.236552715
1+700,17,-5.222157955
1+700,18,-5.222157955
1+700,19,-5.222157955
1+700,20,-5.222157955
1+700,21,-5.222157955
1+700,22,-5.222157955
1+700,23,-5.222157955
1+700,24,-5.222157955
1+700,25,-5.222157955
1+700,26,-5.222157955
1+700,27,-5.173466682
1+700,28,-5.173466682
1+700,29,-5.146007061
1+700,30,-5.146007061
1+700,31,-5.146007061
1+700,32,-5.146007061
1+700,33,-5.146007061
1+700,34,-5.146007061
1+700,35,-5.146007061
1+700,36,-5.146007061
1+700,37,-5.146007061
1+700,38,-5.146007061
1+700,39,-5.146007061
1+700,40,-5.113306999
1+700,41,-5.113306999
1+700,42,-5.113306999
1+700,43,-5.113306999
1+700,44,-5.113306999
1+700,45,-5.113306999
1+700,46,-5.004989147
1+700,47,-5.004989147
1+700,48,-5.004989147
1+700,49,-5.004989147
1+700,50,-5.004989147
1+700,51,-5.004989147
1+700,52,-5.04746151
1+700,53,-5.04746151
1+700,54,-5.04746151
1+700,55,-5.04746151
1+700,56,-5.04746151
1+700,57,-5.04746151
1+700,58,-5.04746151
1+700,59,-5.04746151
1+700,60,-5.04746151
1+700,61,-5.04746151
1+700,62,-5.04746151
1+700,63,-5.04746151
1+700,64,-5.035069466
1+700,65,-5.035069466
1+700,66,-5.035069466
1+700,67,-5.035069466
1+700,68,-5.035069466
1+700,69,-5.035069466
1+700,70,-5.035069466
1+700,71,-5.035069466
1+700,72,-5.035069466
1+700,73,-5.035069466
1+700,74,-5.035069466
1+700,75,-5.035069466
1+700,76,-5.027030945
1+700,77,-5.027030945
1+700,78,-5.027030945
1+700,79,-5.027030945
1+700,80,-5.027030945
1+700,81,-5.027030945
1+700,82,-5.027030945
1+700,83,-5.023019791
1+700,84,-5.023019791
1+700,85,-5.023019791
1+700,86,-5.023019791
1+700,87,-5.023019791
1+700,88,-5.008740902
1+700,89,-5.008740902
1+700,90,-5.008740902
1+700,91,-5.008740902
1+700,92,-5.008740902
1+700,93,-5.008740902
1+700,94,-5.008740902
1+700,95,-5.008740902
1+700,96,-5.008740902
1+700,97,-5.008740902
1+700,98,-5.008740902
1+700,99,-4.98007679
1+700,100,-4.98007679
1+700,101,-4.98007679
1+700,102,-4.959051132
1+700,103,-4.959051132
1+700,104,-4.959051132
1+700,105,-4.959051132
1+700,106,-4.959051132
1+700,107,-4.959051132
1+700,108,-4.959051132
1+700,109,-4.959051132
1+700,110,-4.959051132
1+700,111,-4.919342995
1+700,112,-4.919342995
1+700,113,-4.919342995
1+700,114,-4.919342995
1+700,115,-4.919342995
1+700,116,-4.919342995
1+700,117,-4.919342995
1+700,118,-4.919342995
1+700,119,-4.919342995
1+700,120,-4.919342995
1+700,121,-4.89626503
1+700,122,-4.89626503
1+700,123,-4.85097599
1+700,124,-4.85097599
1+700,125,-4.85097599
1+700,126,-4.85097599
1+700,127,-4.85097599
1+700,128,-4.85097599
1+700,129,-4.85097599
1+700,130,-4.85097599
1+700,131,-4.85097599
1+700,132,-4.85097599
1+700,133,-4.85097599
1+700,134,-4.85097599
1+700,135,-4.80168438
1+700,136,-4.80168438
1+700,137,-4.80168438
1+700,138,-4.80168438
1+700,139,-4.80168438
1+700,140,-4.785308838
1+700,141,-4.785308838
1+700,142,-4.785308838
1+700,143,-4.785308838
1+700,144,-4.785308838
1+700,145,-4.785308838
1+700,146,-4.785308838
1+700,147,-4.736420155
1+700,148,-4.736420155
1+700,149,-4.736420155
1+700,150,-4.736420155
1+700,151,-4.736420155
1+700,152,-4.736420155
1+700,153,-4.736420155
1+700,154,-4.736420155
1+700,155,-4.736420155
1+700,156,-4.736420155
1+700,157,-4.736420155
1+700,158,-4.678133965
1+700,159,-4.678133965
1+700,160,-4.678133965
1+700,161,-4.678133965
1+700,162,-4.678133965
1+700,163,-4.678133965
1+700,164,-4.678133965
1+700,165,-4.678133965
1+700,166,-4.678133965
1+700,167,-4.678133965
1+700,168,-4.678133965
1+700,169,-4.678133965
1+700,170,-4.627323151
1+700,171,-4.627323151
1+700,172,-4.627323151
1+700,173,-4.627323151
1+700,174,-4.627323151
1+700,175,-4.627323151
1+700,176,-4.627323151
1+700,177,-4.623783112
1+700,178,-4.623783112
1+700,179,-4.623783112
1+700,180,-4.623783112
1+700,181,-4.623783112
1+700,182,-4.570368767
1+700,183,-4.570368767
1+700,184,-4.570368767
1+700,185,-4.570368767
1+700,186,-4.570368767
1+700,187,-4.570368767
1+700,188,-4.570368767
1+700,189,-4.570368767
1+700,190,-4.570368767
1+700,191,-4.570368767
1+700,192,-4.570368767
1+700,193,-4.570368767
1+700,194,-4.512127876
1+700,195,-4.512127876
1+700,196,-4.511009693
1+700,197,-4.511009693
1+700,198,-4.511009693
1+700,199,-4.511009693
1+700,200,-4.511009693
1+700,201,-4.511009693
1+700,202,-4.511009693
1+700,203,-4.511009693
1+700,204,-4.511009693
1+700,205,-4.511009693
1+700,206,-4.447580338
1+700,207,-4.447580338
1+700,208,-4.447580338
1+700,209,-4.447580338
1+700,210,-4.447580338
1+700,211,-4.447580338
1+700,212,-4.447580338
1+700,213,-4.447580338
1+700,214,-4.447580338
1+700,215,-4.448269844
1+700,216,-4.448269844
1+700,217,-4.380190849
1+700,218,-4.380190849
1+700,219,-4.380190849
1+700,220,-4.380190849
1+700,221,-4.380190849
1+700,222,-4.380190849
1+700,223,-4.380190849
1+700,224,-4.380190849
1+700,225,-4.380190849
1+700,226,-4.380190849
1+700,227,-4.380190849
1+700,228,-4.380190849
1+700,229,-4.306918144
1+700,230,-4.306918144
1+700,231,-4.306918144
1+700,232,-4.306918144
1+700,233,-4.306918144
1+700,234,-4.310990334
1+700,235,-4.310990334
1+700,236,-4.310990334
1+700,237,-4.310990334
1+700,238,-4.310990334
1+700,239,-4.310990334
1+700,240,-4.310990334
1+700,241,-4.235317707
1+700,242,-4.235317707
1+700,243,-4.235317707
1+700,244,-4.235317707
1+700,245,-4.235317707
1+700,246,-4.235317707
1+700,247,-4.235317707
1+700,248,-4.235317707
1+700,249,-4.235317707
1+700,250,-4.235317707
1+700,251,-4.235317707
1+700,252,-4.240818024
1+700,253,-4.163566589
1+700,254,-4.163566589
1+700,255,-4.163566589
1+700,256,-4.163566589
1+700,257,-4.163566589
1+700,258,-4.163566589
1+700,259,-4.163566589
1+700,260,-4.163566589
1+700,261,-4.163566589
1+700,262,-4.163566589
1+700,263,-4.163566589
1+700,264,-4.163566589
1+700,265,-4.082624435
1+700,266,-4.082624435
1+700,267,-4.082624435
1+700,268,-4.082624435
1+700,269,-4.082624435
1+700,270,-4.082624435
1+700,271,-4.089450836
1+700,272,-4.089450836
1+700,273,-4.089450836
1+700,274,-4.089450836
1+700,275,-4.089450836
1+700,276,-4.006467342
1+700,277,-4.006467342
1+700,278,-4.006467342
1+700,279,-4.006467342
1+700,280,-4.006467342
1+700,281,-4.006467342
1+700,282,-4.006467342
1+700,283,-4.006467342
1+700,284,-4.006467342
1+700,285,-4.006467342
1+700,286,-4.006467342
1+700,287,-4.006467342
1+700,288,-3.91920042
1+700,289,-3.91920042
1+700,290,-3.92142868
1+700,291,-3.92142868
1+700,292,-3.92142868
1+700,293,-3.92142868
1+700,294,-3.92142868
1+700,295,-3.92142868
1+700,296,-3.92142868
1+700,297,-3.92142868
1+700,298,-3.92142868
1+700,299,-3.92142868
1+700,300,-3.828736782
1+700,301,-3.828736782
1+700,302,-3.828736782
1+700,303,-3.828736782
1+700,304,-3.828736782
1+700,305,-3.828736782
1+700,306,-3.828736782
1+700,307,-3.828736782
1+700,308,-3.828736782
1+700,309,-3.820115089
1+700,310,-3.820115089
1+700,311,-3.820115089
1+700,312,-3.717787266
1+700,313,-3.717787266
1+700,314,-3.717787266
1+700,315,-3.717787266
1+700,316,-3.717787266
1+700,317,-3.717787266
1+700,318,-3.717787266
1+700,319,-3.717787266
1+700,320,-3.717787266
1+700,321,-3.717787266
1+700,322,-3.717787266
1+700,323,-3.605765581
1+700,324,-3.605765581
1+700,325,-3.605765581
1+700,326,-3.605765581
1+700,327,-3.605765581
1+700,328,-3.576369762
1+700,329,-3.576369762
1+700,330,-3.576369762
1+700,331,-3.576369762
1+700,332,-3.576369762
1+700,333,-3.576369762
1+700,334,-3.576369762
1+700,335,-3.446172476
1+700,336,-3.446172476
1+700,337,-3.446172476
1+700,338,-3.446172476
1+700,339,-3.446172476
1+700,340,-3.446172476
1+700,341,-3.446172476
1+700,342,-3.446172476
1+700,343,-3.446172476
1+700,344,-3.446172476
1+700,345,-3.446172476
1+700,346,-3.394801617
1+700,347,-3.241815329
1+700,348,-3.241815329
1+700,349,-3.241815329
1+700,350,-3.241815329
1+700,351,-3.241815329
1+700,352,-3.241815329
1+700,353,-3.241815329
1+700,354,-3.241815329
1+700,355,-3.241815329
1+700,356,-3.241815329
1+700,357,-3.241815329
1+700,358,-3.241815329
1+700,359,-3.072841644
1+700,360,-3.072841644
1+700,361,-3.072841644
1+700,362,-3.072841644
1+700,363,-3.072841644
1+700,364,-3.072841644
1+700,365,-2.990650415
1+700,366,-2.990650415
1+700,367,-2.990650415
1+700,368,-2.990650415
1+700,369,-2.990650415
1+700,370,-2.990650415
1+700,371,-2.800805569
1+700,372,-2.800805569
1+700,373,-2.800805569
1+700,374,-2.800805569
1+700,375,-2.800805569
1+700,376,-2.800805569
1+700,377,-2.800805569
1+700,378,-2.800805569
1+700,379,-2.800805569
1+700,380,-2.800805569
1+700,381,-2.800805569
1+700,382,-2.602797747
1+700,383,-2.602797747
1+700,384,-2.504516602
1+700,385,-2.504516602
1+700,386,-2.504516602
1+700,387,-2.504516602
1+700,388,-2.504516602
1+700,389,-2.504516602
1+700,390,-2.504516602
1+700,391,-2.504516602
1+700,392,-2.504516602
1+700,393,-2.504516602
1+700,394,-2.309698105
1+700,395,-2.309698105
1+700,396,-2.309698105
1+700,397,-2.309698105
1+700,398,-2.309698105
1+700,399,-2.309698105
1+700,400,-2.309698105
1+700,401,-2.309698105
1+700,402,-2.309698105
1+700,403,-2.228735924
1+700,404,-2.228735924
1+700,405,-2.228735924
1+700,406,-2.080084324
1+700,407,-2.080084324
1+700,408,-2.080084324
1+700,409,-2.080084324
1+700,410,-2.080084324
1+700,411,-2.080084324
1+700,412,-2.080084324
1+700,413,-2.080084324
1+700,414,-2.080084324
1+700,415,-2.080084324
1+700,416,-2.080084324
1+700,417,-2.080084324
1+700,418,-2.001110315
1+700,419,-2.001110315
1+700,420,-2.001110315
1+700,421,-2.001110315
1+700,422,-1.978848934
1+700,423,-1.978848934
1+700,424,-1.978848934
1+700,425,-1.978848934
1+700,426,-1.978848934
1+700,427,-1.978848934
1+700,428,-1.978848934
1+700,429,-1.978848934
1+700,430,-1.73654747
1+700,431,-1.73654747
1+700,432,-1.73654747
1+700,433,-1.73654747
1+700,434,-1.73654747
1+700,435,-1.73654747
1+700,436,-1.73654747
1+700,437,-1.73654747
1+700,438,-1.73654747
1+700,439,-1.73654747
1+700,440,-1.535907269
1+700,441,-0.73831296
1+700,442,-0.73831296
1+700,443,-0.73831296
1+700,444,-0.73831296
1+700,445,-0.73831296
1+700,446,-0.73831296
1+700,447,-0.73831296
1+700,448,-0.73831296
1+700,449,-0.73831296
1+700,450,-0.73831296
1+700,451,-0.73831296
1+700,452,-0.73831296
1+700,453,0.233749852
1+700,454,0.233749852
1+700,455,0.233749852
1+700,456,0.233749852
1+700,457,0.233749852
1+700,458,0.233749852
1+700,459,0.900731146
1+700,460,0.900731146
1+700,461,0.900731146
1+700,462,0.900731146
1+700,463,0.900731146
1+700,464,0.900731146
1+700,465,1.780121803
1+700,466,1.780121803
1+700,467,1.780121803
1+700,468,1.780121803
1+700,469,1.780121803
1+700,470,1.780121803
1+700,471,1.780121803
1+700,472,1.780121803
1+700,473,1.780121803
1+700,474,1.780121803
1+700,475,1.780121803
1+700,476,1.780121803
1+700,477,2.448317051
1+700,478,2.750278234
1+700,479,2.750278234
1+700,480,2.750278234
1+700,481,2.750278234
1+700,482,2.750278234
1+700,483,2.750278234
1+700,484,2.750278234
1+700,485,2.750278234
1+700,486,2.750278234
1+700,487,2.750278234
1+700,488,2.750278234
1+700,489,3.137115002
1+700,490,3.137115002
1+700,491,3.137115002
1+700,492,3.137115002
1+700,493,3.137115002
1+700,494,3.137115002
1+700,495,3.137115002
1+700,496,3.137115002
1+700,497,3.276794434
1+700,498,3.276794434
1+700,499,3.276794434
1+700,500,3.276794434
1+800,0,-5.276872158
1+800,1,-5.276872158
1+800,2,-5.276872158
1+800,3,-5.244901657
1+800,4,-5.244901657
1+800,5,-5.244901657
1+800,6,-5.244901657
1+800,7,-5.244901657
1+800,8,-5.244901657
1+800,9,-5.244901657
1+800,10,-5.244901657
1+800,11,-5.244901657
1+800,12,-5.244901657
1+800,13,-5.203492165
1+800,14,-5.247384071
1+800,15,-5.247384071
1+800,16,-5.247384071
1+800,17,-5.247384071
1+800,18,-5.247384071
1+800,19,-5.247384071
1+800,20,-5.247384071
1+800,21,-5.247384071
1+800,22,-5.247384071
1+800,23,-5.247384071
1+800,24,-5.247384071
1+800,25,-5.247384071
1+800,26,-5.236953735
1+800,27,-5.236953735
1+800,28,-5.236953735
1+800,29,-5.236953735
1+800,30,-5.236953735
1+800,31,-5.212153435
1+800,32,-5.212153435
1+800,33,-5.212153435
1+800,34,-5.212153435
1+800,35,-5.212153435
1+800,36,-5.212153435
1+800,37,-5.212153435
1+800,38,-5.175382614
1+800,39,-5.175382614
1+800,40,-5.175382614
1+800,41,-5.175382614
1+800,42,-5.175382614
1+800,43,-5.175382614
1+800,44,-5.175382614
1+800,45,-5.175382614
1+800,46,-5.175382614
1+800,47,-5.175382614
1+800,48,-5.175382614
1+800,49,-5.175382614
1+800,50,-5.090100288
1+800,51,-5.090100288
1+800,52,-5.090100288
1+800,53,-5.090100288
1+800,54,-5.090100288
1+800,55,-5.090100288
1+800,56,-5.090100288
1+800,57,-5.090100288
1+800,58,-5.090100288
1+800,59,-5.090100288
1+800,60,-5.090100288
1+800,61,-5.090100288
1+800,62,-5.039553165
1+800,63,-5.039553165
1+800,64,-5.039553165
1+800,65,-5.039553165
1+800,66,-5.039553165
1+800,67,-5.039553165
1+800,68,-5.039553165
1+800,69,-4.99825573
1+800,70,-4.99825573
1+800,71,-4.99825573
1+800,72,-4.99825573
1+800,73,-4.950491905
1+800,74,-4.950491905
1+800,75,-4.950491905
1+800,76,-4.950491905
1+800,77,-4.950491905
1+800,78,-4.950491905
1+800,79,-4.950491905
1+800,80,-4.950491905
1+800,81,-4.950491905
1+800,82,-4.950491905
1+800,83,-4.950491905
1+800,84,-4.950491905
1+800,85,-4.900425911
1+800,86,-4.900425911
1+800,87,-4.900425911
1+800,88,-4.871024132
1+800,89,-4.871024132
1+800,90,-4.871024132
1+800,91,-4.871024132
1+800,92,-4.871024132
1+800,93,-4.871024132
1+800,94,-4.871024132
1+800,95,-4.871024132
1+800,96,-4.871024132
1+800,97,-4.827422619
1+800,98,-4.827422619
1+800,99,-4.827422619
1+800,100,-4.827422619
1+800,101,-4.827422619
1+800,102,-4.827422619
1+800,103,-4.827422619
1+800,104,-4.827422619
1+800,105,-4.827422619
1+800,106,-4.827422619
1+800,107,-4.802072048
1+800,108,-4.802072048
1+800,109,-4.798026562
1+800,110,-4.798026562
1+800,111,-4.798026562
1+800,112,-4.798026562
1+800,113,-4.798026562
1+800,114,-4.798026562
1+800,115,-4.798026562
1+800,116,-4.798026562
1+800,117,-4.798026562
1+800,118,-4.798026562
1+800,119,-4.798026562
1+800,120,-4.798026562
1+800,121,-4.738502502
1+800,122,-4.738502502
1+800,123,-4.738502502
1+800,124,-4.738502502
1+800,125,-4.730550766
1+800,126,-4.730550766
1+800,127,-4.730550766
1+800,128,-4.730550766
1+800,129,-4.730550766
1+800,130,-4.730550766
1+800,131,-4.730550766
1+800,132,-4.682632923
1+800,133,-4.682632923
1+800,134,-4.682632923
1+800,135,-4.682632923
1+800,136,-4.682632923
1+800,137,-4.682632923
1+800,138,-4.682632923
1+800,139,-4.682632923
1+800,140,-4.682632923
1+800,141,-4.682632923
1+800,142,-4.682632923
1+800,143,-4.682632923
1+800,144,-4.61014843
1+800,145,-4.61014843
1+800,146,-4.61014843
1+800,147,-4.61014843
1+800,148,-4.61014843
1+800,149,-4.61014843
1+800,150,-4.61014843
1+800,151,-4.61014843
1+800,152,-4.61014843
1+800,153,-4.61014843
1+800,154,-4.61014843
1+800,155,-4.61014843
1+800,156,-4.55663681
1+800,157,-4.55663681
1+800,158,-4.55663681
1+800,159,-4.55663681
1+800,160,-4.55663681
1+800,161,-4.55663681
1+800,162,-4.55663681
1+800,163,-4.521660328
1+800,164,-4.521660328
1+800,165,-4.521660328
1+800,166,-4.521660328
1+800,167,-4.521660328
1+800,168,-4.459206581
1+800,169,-4.459206581
1+800,170,-4.459206581
1+800,171,-4.459206581
1+800,172,-4.459206581
1+800,173,-4.459206581
1+800,174,-4.459206581
1+800,175,-4.459206581
1+800,176,-4.459206581
1+800,177,-4.459206581
1+800,178,-4.459206581
1+800,179,-4.459206581
1+800,180,-4.393735409
1+800,181,-4.393735409
1+800,182,-4.348796844
1+800,183,-4.348796844
1+800,184,-4.348796844
1+800,185,-4.348796844
1+800,186,-4.348796844
1+800,187,-4.348796844
1+800,188,-4.348796844
1+800,189,-4.348796844
1+800,190,-4.348796844
1+800,191,-4.272754669
1+800,192,-4.272754669
1+800,193,-4.272754669
1+800,194,-4.272754669
1+800,195,-4.272754669
1+800,196,-4.272754669
1+800,197,-4.272754669
1+800,198,-4.272754669
1+800,199,-4.272754669
1+800,200,-4.272754669
1+800,201,-4.225873947
1+800,202,-4.225873947
1+800,203,-4.137500763
1+800,204,-4.137500763
1+800,205,-4.137500763
1+800,206,-4.137500763
1+800,207,-4.137500763
1+800,208,-4.137500763
1+800,209,-4.137500763
1+800,210,-4.137500763
1+800,211,-4.137500763
1+800,212,-4.137500763
1+800,213,-4.137500763
1+800,214,-4.137500763
1+800,215,-4.044155121
1+800,216,-4.044155121
1+800,217,-4.044155121
1+800,218,-4.044155121
1+800,219,-3.9917171
1+800,220,-3.9917171
1+800,221,-3.9917171
1+800,222,-3.9917171
1+800,223,-3.9917171
1+800,224,-3.9917171
1+800,225,-3.9917171
1+800,226,-3.9917171
1+800,227,-3.886134624
1+800,228,-3.886134624
1+800,229,-3.886134624
1+800,230,-3.886134624
1+800,231,-3.886134624
1+800,232,-3.886134624
1+800,233,-3.886134624
1+800,234,-3.886134624
1+800,235,-3.886134624
1+800,236,-3.886134624
1+800,237,-3.886134624
1+800,238,-3.842155457
1+800,239,-3.727512598
1+800,240,-3.727512598
1+800,241,-3.727512598
1+800,242,-3.727512598
1+800,243,-3.727512598
1+800,244,-3.727512598
1+800,245,-3.727512598
1+800,246,-3.727512598
1+800,247,-3.727512598
1+800,248,-3.727512598
1+800,249,-3.727512598
1+800,250,-3.610416889
1+800,251,-3.610416889
1+800,252,-3.610416889
1+800,253,-3.610416889
1+800,254,-3.610416889
1+800,255,-3.610416889
1+800,256,-3.610416889
1+800,257,-3.578869104
1+800,258,-3.578869104
1+800,259,-3.578869104
1+800,260,-3.578869104
1+800,261,-3.578869104
1+800,262,-3.460220575
1+800,263,-3.460220575
1+800,264,-3.460220575
1+800,265,-3.460220575
1+800,266,-3.460220575
1+800,267,-3.460220575
1+800,268,-3.460220575
1+800,269,-3.460220575
1+800,270,-3.460220575
1+800,271,-3.460220575
1+800,272,-3.460220575
1+800,273,-3.460220575
1+800,274,-3.344412327
1+800,275,-3.344412327
1+800,276,-3.339291096
1+800,277,-3.339291096
1+800,278,-3.339291096
1+800,279,-3.339291096
1+800,280,-3.339291096
1+800,281,-3.339291096
1+800,282,-3.339291096
1+800,283,-3.339291096
1+800,284,-3.339291096
1+800,285,-3.339291096
1+800,286,-3.237603664
1+800,287,-3.237603664
1+800,288,-3.237603664
1+800,289,-3.237603664
1+800,290,-3.237603664
1+800,291,-3.237603664
1+800,292,-3.237603664
1+800,293,-3.237603664
1+800,294,-3.237603664
1+800,295,-3.250637531
1+800,296,-3.250637531
1+800,297,-3.250637531
1+800,298,-3.165728092
1+800,299,-3.165728092
1+800,300,-3.165728092
1+800,301,-3.165728092
1+800,302,-3.165728092
1+800,303,-3.165728092
1+800,304,-3.165728092
1+800,305,-3.165728092
1+800,306,-3.165728092
1+800,307,-3.165728092
1+800,308,-3.165728092
1+800,309,-3.103336334
1+800,310,-3.103336334
1+800,311,-3.103336334
1+800,312,-3.103336334
1+800,313,-3.120164394
1+800,314,-3.120164394
1+800,315,-3.120164394
1+800,316,-3.120164394
1+800,317,-3.120164394
1+800,318,-3.120164394
1+800,319,-3.120164394
1+800,320,-3.120164394
1+800,321,-3.100633383
1+800,322,-3.100633383
1+800,323,-3.100633383
1+800,324,-3.100633383
1+800,325,-3.100633383
1+800,326,-3.100633383
1+800,327,-3.100633383
1+800,328,-3.100633383
1+800,329,-3.100633383
1+800,330,-3.100633383
1+800,331,-3.100633383
1+800,332,-2.980131388
1+800,333,-2.862059116
1+800,334,-2.862059116
1+800,335,-2.862059116
1+800,336,-2.862059116
1+800,337,-2.862059116
1+800,338,-2.862059116
1+800,339,-2.862059116
1+800,340,-2.862059116
1+800,341,-2.862059116
1+800,342,-2.862059116
1+800,343,-2.862059116
1+800,344,-2.862059116
1+800,345,-2.73094821
1+800,346,-2.73094821
1+800,347,-2.73094821
1+800,348,-2.73094821
1+800,349,-2.73094821
1+800,350,-2.73094821
1+800,351,-2.679015875
1+800,352,-2.679015875
1+800,353,-2.679015875
1+800,354,-2.679015875
1+800,355,-2.679015875
1+800,356,-2.679015875
1+800,357,-2.530232906
1+800,358,-2.530232906
1+800,359,-2.530232906
1+800,360,-2.530232906
1+800,361,-2.530232906
1+800,362,-2.530232906
1+800,363,-2.530232906
1+800,364,-2.530232906
1+800,365,-2.530232906
1+800,366,-2.530232906
1+800,367,-2.530232906
1+800,368,-2.374997139
1+800,369,-2.374997139
1+800,370,-2.308375835
1+800,371,-2.308375835
1+800,372,-2.308375835
1+800,373,-2.308375835
1+800,374,-2.308375835
1+800,375,-2.308375835
1+800,376,-2.308375835
1+800,377,-2.308375835
1+800,378,-2.308375835
1+800,379,-2.308375835
1+800,380,-2.13752079
1+800,381,-2.13752079
1+800,382,-2.13752079
1+800,383,-2.13752079
1+800,384,-2.13752079
1+800,385,-2.13752079
1+800,386,-2.13752079
1+800,387,-2.13752079
1+800,388,-2.13752079
1+800,389,-2.071424723
1+800,390,-2.071424723
1+800,391,-2.071424723
1+800,392,-1.887061834
1+800,393,-1.887061834
1+800,394,-1.887061834
1+800,395,-1.887061834
1+800,396,-1.887061834
1+800,397,-1.887061834
1+800,398,-1.887061834
1+800,399,-1.887061834
1+800,400,-1.887061834
1+800,401,-1.887061834
1+800,402,-1.887061834
1+800,403,-1.887061834
1+800,404,-1.710873842
1+800,405,-1.710873842
1+800,406,-1.710873842
1+800,407,-1.761301756
1+800,408,-1.761301756
1+800,409,-1.761301756
1+800,410,-1.761301756
1+800,411,-1.761301756
1+800,412,-1.761301756
1+800,413,-1.761301756
1+800,414,-1.761301756
1+800,415,-1.761301756
1+800,416,-1.6272614
1+800,417,-1.6272614
1+800,418,-1.6272614
1+800,419,-1.6272614
1+800,420,-1.6272614
1+800,421,-1.6272614
1+800,422,-1.6272614
1+800,423,-1.6272614
1+800,424,-1.6272614
1+800,425,-1.6272614
1+800,426,-1.516067982
1+800,427,-1.217121601
1+800,428,-1.217121601
1+800,429,-1.217121601
1+800,430,-1.217121601
1+800,431,-1.217121601
1+800,432,-1.217121601
1+800,433,-1.217121601
1+800,434,-1.217121601
1+800,435,-1.217121601
1+800,436,-1.217121601
1+800,437,-1.217121601
1+800,438,-1.217121601
1+800,439,-0.501268923
1+800,440,-0.501268923
1+800,441,-0.501268923
1+800,442,-0.501268923
1+800,443,-0.501268923
1+800,444,-0.501268923
1+800,445,-0.336106747
1+800,446,-0.336106747
1+800,447,-0.336106747
1+800,448,-0.336106747
1+800,449,-0.336106747
1+800,450,-0.336106747
1+800,451,0.580126405
1+800,452,0.580126405
1+800,453,0.580126405
1+800,454,0.580126405
1+800,455,0.580126405
1+800,456,0.580126405
1+800,457,0.580126405
1+800,458,0.580126405
1+800,459,0.580126405
1+800,460,0.580126405
1+800,461,0.580126405
1+800,462,0.580126405
1+800,463,1.502042174
1+800,464,1.779652476
1+800,465,1.779652476
1+800,466,1.779652476
1+800,467,1.779652476
1+800,468,1.779652476
1+800,469,1.779652476
1+800,470,1.779652476
1+800,471,1.779652476
1+800,472,1.779652476
1+800,473,1.779652476
1+800,474,1.779652476
1+800,475,2.363965273
1+800,476,2.363965273
1+800,477,2.363965273
1+800,478,2.363965273
1+800,479,2.363965273
1+800,480,2.363965273
1+800,481,2.363965273
1+800,482,2.363965273
1+800,483,2.524709702
1+800,484,2.524709702
1+800,485,2.524709702
1+800,486,2.788946152
1+800,487,2.788946152
1+800,488,2.788946152
1+800,489,2.788946152
1+800,490,2.788946152
1+800,491,2.788946152
1+800,492,2.788946152
1+800,493,2.788946152
1+800,494,2.788946152
1+800,495,2.788946152
1+800,496,2.788946152
1+800,497,2.788946152
1+800,498,2.958977222
1+800,499,2.958977222
1+800,500,2.958977222
1+900,0,-5.298420429
1+900,1,-5.298420429
1+900,2,-5.298420429
1+900,3,-5.298420429
1+900,4,-5.298420429
1+900,5,-5.298420429
1+900,6,-5.298420429
1+900,7,-5.298420429
1+900,8,-5.298420429
1+900,9,-5.298420429
1+900,10,-5.298420429
1+900,11,-5.298420429
1+900,12,-5.23330307
1+900,13,-5.23330307
1+900,14,-5.23330307
1+900,15,-5.23330307
1+900,16,-5.23330307
1+900,17,-5.224215508
1+900,18,-5.224215508
1+900,19,-5.224215508
1+900,20,-5.224215508
1+900,21,-5.224215508
1+900,22,-5.224215508
1+900,23,-5.224215508
1+900,24,-5.189900398
1+900,25,-5.189900398
1+900,26,-5.189900398
1+900,27,-5.189900398
1+900,28,-5.189900398
1+900,29,-5.189900398
1+900,30,-5.189900398
1+900,31,-5.189900398
1+900,32,-5.189900398
1+900,33,-5.189900398
1+900,34,-5.189900398
1+900,35,-5.189900398
1+900,36,-5.141176701
1+900,37,-5.141176701
1+900,38,-5.141176701
1+900,39,-5.141176701
1+900,40,-5.141176701
1+900,41,-5.141176701
1+900,42,-5.141176701
1+900,43,-5.141176701
1+900,44,-5.141176701
1+900,45,-5.141176701
1+900,46,-5.141176701
1+900,47,-5.141176701
1+900,48,-5.102783203
1+900,49,-5.102783203
1+900,50,-5.102783203
1+900,51,-5.102783203
1+900,52,-5.102783203
1+900,53,-5.102783203
1+900,54,-5.102783203
1+900,55,-5.081327438
1+900,56,-5.081327438
1+900,57,-5.081327438
1+900,58,-5.081327438
1+900,59,-5.033795357
1+900,60,-5.033795357
1+900,61,-5.033795357
1+900,62,-5.033795357
1+900,63,-5.033795357
1+900,64,-5.033795357
1+900,65,-5.033795357
1+900,66,-5.033795357
1+900,67,-5.033795357
1+900,68,-5.033795357
1+900,69,-5.033795357
1+900,70,-5.033795357
1+900,71,-4.976251602
1+900,72,-4.976251602
1+900,73,-4.976251602
1+900,74,-4.957857132
1+900,75,-4.957857132
1+900,76,-4.957857132
1+900,77,-4.957857132
1+900,78,-4.957857132
1+900,79,-4.957857132
1+900,80,-4.957857132
1+900,81,-4.957857132
1+900,82,-4.957857132
1+900,83,-4.89217186
1+900,84,-4.89217186
1+900,85,-4.89217186
1+900,86,-4.89217186
1+900,87,-4.89217186
1+900,88,-4.89217186
1+900,89,-4.89217186
1+900,90,-4.89217186
1+900,91,-4.89217186
1+900,92,-4.880048752
1+900,93,-4.880048752
1+900,94,-4.880048752
1+900,95,-4.80907917
1+900,96,-4.80907917
1+900,97,-4.80907917
1+900,98,-4.80907917
1+900,99,-4.80907917
1+900,100,-4.80907917
1+900,101,-4.80907917
1+900,102,-4.80907917
1+900,103,-4.80907917
1+900,104,-4.80907917
1+900,105,-4.80907917
1+900,106,-4.80907917
1+900,107,-4.727655411
1+900,108,-4.727655411
1+900,109,-4.727655411
1+900,110,-4.727655411
1+900,111,-4.731713295
1+900,112,-4.731713295
1+900,113,-4.731713295
1+900,114,-4.731713295
1+900,115,-4.731713295
1+900,116,-4.731713295
1+900,117,-4.731713295
1+900,118,-4.649213791
1+900,119,-4.649213791
1+900,120,-4.649213791
1+900,121,-4.649213791
1+900,122,-4.649213791
1+900,123,-4.649213791
1+900,124,-4.649213791
1+900,125,-4.649213791
1+900,126,-4.649213791
1+900,127,-4.649213791
1+900,128,-4.649213791
1+900,129,-4.649213791
1+900,130,-4.581868649
1+900,131,-4.581868649
1+900,132,-4.581868649
1+900,133,-4.581868649
1+900,134,-4.581868649
1+900,135,-4.581868649
1+900,136,-4.581868649
1+900,137,-4.581868649
1+900,138,-4.581868649
1+900,139,-4.581868649
1+900,140,-4.581868649
1+900,141,-4.581868649
1+900,142,-4.510985374
1+900,143,-4.510985374
1+900,144,-4.510985374
1+900,145,-4.510985374
1+900,146,-4.510985374
1+900,147,-4.510985374
1+900,148,-4.510985374
1+900,149,-4.533997536
1+900,150,-4.533997536
1+900,151,-4.533997536
1+900,152,-4.533997536
1+900,153,-4.533997536
1+900,154,-4.500253677
1+900,155,-4.500253677
1+900,156,-4.500253677
1+900,157,-4.500253677
1+900,158,-4.500253677
1+900,159,-4.500253677
1+900,160,-4.500253677
1+900,161,-4.500253677
1+900,162,-4.500253677
1+900,163,-4.500253677
1+900,164,-4.500253677
1+900,165,-4.484875679
1+900,166,-4.484875679
1+900,167,-4.484875679
1+900,168,-4.545670033
1+900,169,-4.545670033
1+900,170,-4.545670033
1+900,171,-4.545670033
1+900,172,-4.545670033
1+900,173,-4.545670033
1+900,174,-4.545670033
1+900,175,-4.545670033
1+900,176,-4.545670033
1+900,177,-4.542883873
1+900,178,-4.542883873
1+900,179,-4.542883873
1+900,180,-4.542883873
1+900,181,-4.542883873
1+900,182,-4.542883873
1+900,183,-4.542883873
1+900,184,-4.542883873
1+900,185,-4.542883873
1+900,186,-4.596719742
1+900,187,-4.596719742
1+900,188,-4.596719742
1+900,189,-4.594334602
1+900,190,-4.594334602
1+900,191,-4.594334602
1+900,192,-4.594334602
1+900,193,-4.594334602
1+900,194,-4.594334602
1+900,195,-4.594334602
1+900,196,-4.594334602
1+900,197,-4.594334602
1+900,198,-4.594334602
1+900,199,-4.594334602
1+900,200,-4.594334602
1+900,201,-4.590598106
1+900,202,-4.590598106
1+900,203,-4.590598106
1+900,204,-4.590598106
1+900,205,-4.615478516
1+900,206,-4.615478516
1+900,207,-4.615478516
1+900,208,-4.615478516
1+900,209,-4.615478516
1+900,210,-4.615478516
1+900,211,-4.615478516
1+900,212,-4.615478516
1+900,213,-4.613208294
1+900,214,-4.613208294
1+900,215,-4.613208294
1+900,216,-4.613208294
1+900,217,-4.613208294
1+900,218,-4.613208294
1+900,219,-4.613208294
1+900,220,-4.613208294
1+900,221,-4.613208294
1+900,222,-4.613208294
1+900,223,-4.613208294
1+900,224,-4.533621788
1+900,225,-4.533621788
1+900,226,-4.533621788
1+900,227,-4.533621788
1+900,228,-4.533621788
1+900,229,-4.533621788
1+900,230,-4.533621788
1+900,231,-4.533621788
1+900,232,-4.533621788
1+900,233,-4.533621788
1+900,234,-4.533621788
1+900,235,-4.533621788
1+900,236,-4.530911446
1+900,237,-4.530911446
1+900,238,-4.530911446
1+900,239,-4.530911446
1+900,240,-4.530911446
1+900,241,-4.530911446
1+900,242,-4.530911446
1+900,243,-4.40429306
1+900,244,-4.40429306
1+900,245,-4.40429306
1+900,246,-4.40429306
1+900,247,-4.40429306
1+900,248,-4.402472496
1+900,249,-4.402472496
1+900,250,-4.402472496
1+900,251,-4.402472496
1+900,252,-4.402472496
1+900,253,-4.402472496
1+900,254,-4.402472496
1+900,255,-4.402472496
1+900,256,-4.402472496
1+900,257,-4.402472496
1+900,258,-4.402472496
1+900,259,-4.402472496
1+900,260,-4.407176018
1+900,261,-4.407176018
1+900,262,-4.215871811
1+900,263,-4.215871811
1+900,264,-4.215871811
1+900,265,-4.215871811
1+900,266,-4.215871811
1+900,267,-4.215871811
1+900,268,-4.215871811
1+900,269,-4.215871811
1+900,270,-4.215871811
1+900,271,-4.215871811
1+900,272,-4.20511961
1+900,273,-4.20511961
1+900,274,-4.20511961
1+900,275,-4.20511961
1+900,276,-4.20511961
1+900,277,-4.20511961
1+900,278,-4.20511961
1+900,279,-4.20511961
1+900,280,-3.960494518
1+900,281,-3.960494518
1+900,282,-3.960494518
1+900,283,-3.925301075
1+900,284,-3.925301075
1+900,285,-3.925301075
1+900,286,-3.925301075
1+900,287,-3.925301075
1+900,288,-3.925301075
1+900,289,-3.925301075
1+900,290,-3.925301075
1+900,291,-3.925301075
1+900,292,-3.925301075
1+900,293,-3.925301075
1+900,294,-3.925301075
1+900,295,-3.804677963
1+900,296,-3.804677963
1+900,297,-3.804677963
1+900,298,-3.804677963
1+900,299,-3.555632591
1+900,300,-3.555632591
1+900,301,-3.555632591
1+900,302,-3.555632591
1+900,303,-3.555632591
1+900,304,-3.555632591
1+900,305,-3.555632591
1+900,306,-3.555632591
1+900,307,-3.485701561
1+900,308,-3.485701561
1+900,309,-3.485701561
1+900,310,-3.485701561
1+900,311,-3.485701561
1+900,312,-3.485701561
1+900,313,-3.485701561
1+900,314,-3.485701561
1+900,315,-3.485701561
1+900,316,-3.485701561
1+900,317,-3.485701561
1+900,318,-3.342492104
1+900,319,-3.348995686
1+900,320,-3.348995686
1+900,321,-3.348995686
1+900,322,-3.348995686
1+900,323,-3.348995686
1+900,324,-3.348995686
1+900,325,-3.348995686
1+900,326,-3.348995686
1+900,327,-3.348995686
1+900,328,-3.348995686
1+900,329,-3.348995686
1+900,330,-3.348995686
1+900,331,-3.246487617
1+900,332,-3.246487617
1+900,333,-3.246487617
1+900,334,-3.246487617
1+900,335,-3.246487617
1+900,336,-3.246487617
1+900,337,-2.993760586
1+900,338,-2.993760586
1+900,339,-2.993760586
1+900,340,-2.993760586
1+900,341,-2.993760586
1+900,342,-2.798649311
1+900,343,-2.798649311
1+900,344,-2.798649311
1+900,345,-2.798649311
1+900,346,-2.798649311
1+900,347,-2.798649311
1+900,348,-2.798649311
1+900,349,-2.798649311
1+900,350,-2.798649311
1+900,351,-2.798649311
1+900,352,-2.798649311
1+900,353,-2.798649311
1+900,354,-2.572611809
1+900,355,-2.572611809
1+900,356,-2.385462999
1+900,357,-2.385462999
1+900,358,-2.385462999
1+900,359,-2.385462999
1+900,360,-2.385462999
1+900,361,-2.385462999
1+900,362,-2.385462999
1+900,363,-2.385462999
1+900,364,-2.385462999
1+900,365,-2.385462999
1+900,366,-2.1986022
1+900,367,-2.1986022
1+900,368,-2.1986022
1+900,369,-2.1986022
1+900,370,-2.1986022
1+900,371,-2.1986022
1+900,372,-2.1986022
1+900,373,-2.1986022
1+900,374,-2.047604322
1+900,375,-2.047604322
1+900,376,-2.047604322
1+900,377,-2.047604322
1+900,378,-1.746161461
1+900,379,-1.746161461
1+900,380,-1.746161461
1+900,381,-1.746161461
1+900,382,-1.746161461
1+900,383,-1.746161461
1+900,384,-1.746161461
1+900,385,-1.746161461
1+900,386,-1.746161461
1+900,387,-1.746161461
1+900,388,-1.746161461
1+900,389,-1.746161461
1+900,390,-1.58129406
1+900,391,-1.58129406
1+900,392,-1.58129406
1+900,393,-1.278804541
1+900,394,-1.278804541
1+900,395,-1.278804541
1+900,396,-1.278804541
1+900,397,-1.278804541
1+900,398,-1.278804541
1+900,399,-1.278804541
1+900,400,-1.278804541
1+900,401,-1.116706252
1+900,402,-1.116706252
1+900,403,-1.116706252
1+900,404,-1.116706252
1+900,405,-1.116706252
1+900,406,-1.116706252
1+900,407,-1.116706252
1+900,408,-1.116706252
1+900,409,-1.116706252
1+900,410,-1.116706252
1+900,411,-1.116706252
1+900,412,-1.101687908
1+900,413,-1.151271224
1+900,414,-1.151271224
1+900,415,-1.151271224
1+900,416,-1.151271224
1+900,417,-1.151271224
1+900,418,-1.151271224
1+900,419,-1.151271224
1+900,420,-1.151271224
1+900,421,-1.151271224
1+900,422,-1.151271224
1+900,423,-1.151271224
1+900,424,-1.151271224
1+900,425,-1.15117681
1+900,426,-1.15117681
1+900,427,-1.15117681
1+900,428,-1.15117681
1+900,429,-1.15117681
1+900,430,-1.15117681
1+900,431,-0.793463707
1+900,432,-0.793463707
1+900,433,-0.793463707
1+900,434,-0.793463707
1+900,435,-0.793463707
1+900,436,-0.793463707
1+900,437,-0.642761588
1+900,438,-0.642761588
1+900,439,-0.642761588
1+900,440,-0.642761588
1+900,441,-0.642761588
1+900,442,-0.642761588
1+900,443,-0.642761588
1+900,444,-0.642761588
1+900,445,-0.642761588
1+900,446,-0.642761588
1+900,447,-0.642761588
1+900,448,-0.642761588
1+900,449,-0.53297466
1+900,450,0.33907935
1+900,451,0.33907935
1+900,452,0.33907935
1+900,453,0.33907935
1+900,454,0.33907935
1+900,455,0.33907935
1+900,456,0.33907935
1+900,457,0.33907935
1+900,458,0.33907935
1+900,459,0.33907935
1+900,460,0.652164102
1+900,461,0.652164102
1+900,462,0.652164102
1+900,463,0.652164102
1+900,464,0.652164102
1+900,465,0.652164102
1+900,466,0.652164102
1+900,467,0.652164102
1+900,468,1.347863436
1+900,469,1.347863436
1+900,470,1.347863436
1+900,471,1.347863436
1+900,472,1.582995534
1+900,473,1.582995534
1+900,474,1.582995534
1+900,475,1.582995534
1+900,476,1.582995534
1+900,477,1.582995534
1+900,478,1.582995534
1+900,479,1.582995534
1+900,480,1.582995534
1+900,481,1.582995534
1+900,482,1.582995534
1+900,483,1.582995534
1+900,484,1.837347031
1+900,485,1.837347031
1+900,486,1.837347031
1+900,487,1.869456768
1+900,488,1.869456768
1+900,489,1.869456768
1+900,490,1.869456768
1+900,491,1.869456768
1+900,492,1.869456768
1+900,493,1.869456768
1+900,494,1.869456768
1+900,495,1.869456768
1+900,496,2.059242725
1+900,497,2.059242725
1+900,498,2.059242725
1+900,499,2.059242725
1+900,500,2.059242725
2+000,0,2.059242725
2+000,1,2.059242725
2+000,2,2.059242725
2+000,3,2.059242725
2+000,4,2.059242725
2+000,5,-5.222284317
2+000,6,-5.222284317
2+000,7,-5.222284317
2+000,8,-5.222284317
2+000,9,-5.222284317
2+000,10,-5.222284317
2+000,11,-5.222284317
2+000,12,-5.222284317
2+000,13,-5.222284317
2+000,14,-5.222284317
2+000,15,-5.222284317
2+000,16,-5.222284317
2+000,17,-5.185638428
2+000,18,-5.185638428
2+000,19,-5.185638428
2+000,20,-5.185638428
2+000,21,-5.185638428
2+000,22,-5.185638428
2+000,23,-5.185521126
2+000,24,-5.185521126
2+000,25,-5.185521126
2+000,26,-5.185521126
2+000,27,-5.185521126
2+000,28,-5.131968498
2+000,29,-5.131968498
2+000,30,-5.131968498
2+000,31,-5.131968498
2+000,32,-5.131968498
2+000,33,-5.131968498
2+000,34,-5.131968498
2+000,35,-5.131968498
2+000,36,-5.131968498
2+000,37,-5.131968498
2+000,38,-5.131968498
2+000,39,-5.131968498
2+000,40,-5.066493988
2+000,41,-5.066493988
2+000,42,-5.066493988
2+000,43,-5.030358315
2+000,44,-5.030358315
2+000,45,-5.030358315
2+000,46,-5.030358315
2+000,47,-5.030358315
2+000,48,-5.030358315
2+000,49,-5.030358315
2+000,50,-5.030358315
2+000,51,-4.936706543
2+000,52,-4.936706543
2+000,53,-4.936706543
2+000,54,-4.936706543
2+000,55,-4.936706543
2+000,56,-4.936706543
2+000,57,-4.936706543
2+000,58,-4.936706543
2+000,59,-4.936706543
2+000,60,-4.936706543
2+000,61,-4.936706543
2+000,62,-4.894906998
2+000,63,-4.780914307
2+000,64,-4.780914307
2+000,65,-4.780914307
2+000,66,-4.780914307
2+000,67,-4.780914307
2+000,68,-4.780914307
2+000,69,-4.780914307
2+000,70,-4.780914307
2+000,71,-4.780914307
2+000,72,-4.780914307
2+000,73,-4.780914307
2+000,74,-4.780914307
2+000,75,-4.6572752
2+000,76,-4.6572752
2+000,77,-4.6572752
2+000,78,-4.6572752
2+000,79,-4.6572752
2+000,80,-4.6572752
2+000,81,-4.6572752
2+000,82,-4.609906673
2+000,83,-4.609906673
2+000,84,-4.609906673
2+000,85,-4.609906673
2+000,86,-4.474459648
2+000,87,-4.474459648
2+000,88,-4.474459648
2+000,89,-4.474459648
2+000,90,-4.474459648
2+000,91,-4.474459648
2+000,92,-4.474459648
2+000,93,-4.474459648
2+000,94,-4.474459648
2+000,95,-4.474459648
2+000,96,-4.474459648
2+000,97,-4.474459648
2+000,98,-4.333137512
2+000,99,-4.333137512
2+000,100,-4.333137512
2+000,101,-4.289041519
2+000,102,-4.289041519
2+000,103,-4.289041519
2+000,104,-4.289041519
2+000,105,-4.289041519
2+000,106,-4.289041519
2+000,107,-4.289041519
2+000,108,-4.289041519
2+000,109,-4.289041519
2+000,110,-4.139183044
2+000,111,-4.139183044
2+000,112,-4.139183044
2+000,113,-4.139183044
2+000,114,-4.139183044
2+000,115,-4.139183044
2+000,116,-4.139183044
2+000,117,-4.139183044
2+000,118,-4.139183044
2+000,119,-4.139183044
2+000,120,-4.139183044
2+000,121,-3.952080727
2+000,122,-3.952080727
2+000,123,-3.952080727
2+000,124,-3.952080727
2+000,125,-3.952080727
2+000,126,-3.952080727
2+000,127,-3.952080727
2+000,128,-3.952080727
2+000,129,-3.952080727
2+000,130,-3.952080727
2+000,131,-3.952080727
2+000,132,-3.952080727
2+000,133,-3.789252281
2+000,134,-3.789252281
2+000,135,-3.789252281
2+000,136,-3.789252281
2+000,137,-3.789252281
2+000,138,-3.789252281
2+000,139,-3.789252281
2+000,140,-3.783750057
2+000,141,-3.783750057
2+000,142,-3.783750057
2+000,143,-3.783750057
2+000,144,-3.783750057
2+000,145,-3.614858389
2+000,146,-3.614858389
2+000,147,-3.614858389
2+000,148,-3.614858389
2+000,149,-3.614858389
2+000,150,-3.614858389
2+000,151,-3.614858389
2+000,152,-3.614858389
2+000,153,-3.614858389
2+000,154,-3.614858389
2+000,155,-3.614858389
2+000,156,-3.445457697
2+000,157,-3.445457697
2+000,158,-3.445457697
2+000,159,-3.445457697
2+000,160,-3.483391523
2+000,161,-3.483391523
2+000,162,-3.483391523
2+000,163,-3.483391523
2+000,164,-3.483391523
2+000,165,-3.483391523
2+000,166,-3.483391523
2+000,167,-3.483391523
2+000,168,-3.331016779
2+000,169,-3.331016779
2+000,170,-3.331016779
2+000,171,-3.331016779
2+000,172,-3.331016779
2+000,173,-3.331016779
2+000,174,-3.331016779
2+000,175,-3.331016779
2+000,176,-3.331016779
2+000,177,-3.331016779
2+000,178,-3.331016779
2+000,179,-3.351784945
2+000,180,-3.351784945
2+000,181,-3.351784945
2+000,182,-3.351784945
2+000,183,-3.351784945
2+000,184,-3.351784945
2+000,185,-3.351784945
2+000,186,-3.351784945
2+000,187,-3.351784945
2+000,188,-3.351784945
2+000,189,-3.351784945
2+000,190,-3.351784945
2+000,191,-3.356148243
2+000,192,-3.356148243
2+000,193,-3.356148243
2+000,194,-3.356148243
2+000,195,-3.356148243
2+000,196,-3.356148243
2+000,197,-3.356148243
2+000,198,-3.356148243
2+000,199,-3.525911808
2+000,200,-3.525911808
2+000,201,-3.525911808
2+000,202,-3.525911808
2+000,203,-3.57665062
2+000,204,-3.57665062
2+000,205,-3.57665062
2+000,206,-3.57665062
2+000,207,-3.57665062
2+000,208,-3.57665062
2+000,209,-3.57665062
2+000,210,-3.57665062
2+000,211,-3.57665062
2+000,212,-3.57665062
2+000,213,-3.57665062
2+000,214,-3.661249876
2+000,215,-3.661249876
2+000,216,-3.661249876
2+000,217,-3.661249876
2+000,218,-3.799453735
2+000,219,-3.799453735
2+000,220,-3.799453735
2+000,221,-3.799453735
2+000,222,-3.799453735
2+000,223,-3.799453735
2+000,224,-3.799453735
2+000,225,-3.799453735
2+000,226,-3.857028484
2+000,227,-3.857028484
2+000,228,-3.857028484
2+000,229,-3.857028484
2+000,230,-3.857028484
2+000,231,-3.857028484
2+000,232,-3.857028484
2+000,233,-3.857028484
2+000,234,-3.857028484
2+000,235,-3.857028484
2+000,236,-3.857028484
2+000,237,-3.857028484
2+000,238,-4.00874424
2+000,239,-4.00874424
2+000,240,-4.00874424
2+000,241,-4.00874424
2+000,242,-4.00874424
2+000,243,-4.00874424
2+000,244,-4.00874424
2+000,245,-4.00874424
2+000,246,-4.00874424
2+000,247,-4.00874424
2+000,248,-4.00874424
2+000,249,-3.997894287
2+000,250,-3.997894287
2+000,251,-3.997894287
2+000,252,-3.997894287
2+000,253,-3.997894287
2+000,254,-3.997894287
2+000,255,-3.997894287
2+000,256,-3.997894287
2+000,257,-4.099572182
2+000,258,-4.099572182
2+000,259,-4.099572182
2+000,260,-4.099572182
2+000,261,-4.008911133
2+000,262,-4.008911133
2+000,263,-4.008911133
2+000,264,-4.008911133
2+000,265,-4.008911133
2+000,266,-4.008911133
2+000,267,-4.008911133
2+000,268,-4.008911133
2+000,269,-4.008911133
2+000,270,-4.008911133
2+000,271,-4.008911133
2+000,272,-4.008911133
2+000,273,-3.796250343
2+000,274,-3.796250343
2+000,275,-3.796250343
2+000,276,-3.796250343
2+000,277,-3.954010487
2+000,278,-3.954010487
2+000,279,-3.954010487
2+000,280,-3.954010487
2+000,281,-3.954010487
2+000,282,-3.954010487
2+000,283,-3.954010487
2+000,284,-3.707241535
2+000,285,-3.707241535
2+000,286,-3.707241535
2+000,287,-3.707241535
2+000,288,-3.707241535
2+000,289,-3.707241535
2+000,290,-3.707241535
2+000,291,-3.707241535
2+000,292,-3.707241535
2+000,293,-3.707241535
2+000,294,-3.707241535
2+000,295,-3.707241535
2+000,296,-3.414731026
2+000,297,-3.414731026
2+000,298,-3.414731026
2+000,299,-3.414731026
2+000,300,-3.414731026
2+000,301,-3.414731026
2+000,302,-3.414731026
2+000,303,-3.414731026
2+000,304,-3.414731026
2+000,305,-3.414731026
2+000,306,-3.414731026
2+000,307,-3.026191711
2+000,308,-3.026191711
2+000,309,-3.026191711
2+000,310,-3.026191711
2+000,311,-3.026191711
2+000,312,-3.026191711
2+000,313,-3.026191711
2+000,314,-3.026191711
2+000,315,-3.026191711
2+000,316,-3.060649157
2+000,317,-3.060649157
2+000,318,-3.060649157
2+000,319,-2.661783218
2+000,320,-2.661783218
2+000,321,-2.661783218
2+000,322,-2.661783218
2+000,323,-2.661783218
2+000,324,-2.661783218
2+000,325,-2.661783218
2+000,326,-2.661783218
2+000,327,-2.661783218
2+000,328,-2.661783218
2+000,329,-2.661783218
2+000,330,-2.661783218
2+000,331,-2.588879585
2+000,332,-2.588879585
2+000,333,-2.588879585
2+000,334,-2.588879585
2+000,335,-2.605772972
2+000,336,-2.605772972
2+000,337,-2.605772972
2+000,338,-2.605772972
2+000,339,-2.605772972
2+000,340,-2.605772972
2+000,341,-2.605772972
2+000,342,-2.369532585
2+000,343,-2.369532585
2+000,344,-2.369532585
2+000,345,-2.369532585
2+000,346,-2.369532585
2+000,347,-2.369532585
2+000,348,-2.369532585
2+000,349,-2.369532585
2+000,350,-2.369532585
2+000,351,-2.369532585
2+000,352,-2.369532585
2+000,353,-2.369532585
2+000,354,-2.235100031
2+000,355,-2.299456596
2+000,356,-2.299456596
2+000,357,-2.299456596
2+000,358,-2.299456596
2+000,359,-2.299456596
2+000,360,-2.299456596
2+000,361,-2.299456596
2+000,362,-2.299456596
2+000,363,-2.299456596
2+000,364,-2.299456596
2+000,365,-2.299456596
2+000,366,-2.174179792
2+000,367,-2.174179792
2+000,368,-2.174179792
2+000,369,-2.174179792
2+000,370,-2.174179792
2+000,371,-2.174179792
2+000,372,-2.174179792
2+000,373,-2.174179792
2+000,374,-2.319111347
2+000,375,-2.319111347
2+000,376,-2.319111347
2+000,377,-2.127008438
2+000,378,-2.127008438
2+000,379,-2.127008438
2+000,380,-2.127008438
2+000,381,-2.127008438
2+000,382,-2.127008438
2+000,383,-2.127008438
2+000,384,-2.127008438
2+000,385,-2.127008438
2+000,386,-2.127008438
2+000,387,-2.127008438
2+000,388,-2.127008438
2+000,389,-2.084162235
2+000,390,-2.084162235
2+000,391,-2.084162235
2+000,392,-2.084162235
2+000,393,-2.084162235
2+000,394,-2.36548686
2+000,395,-2.36548686
2+000,396,-2.36548686
2+000,397,-2.36548686
2+000,398,-2.36548686
2+000,399,-2.36548686
2+000,400,-2.36548686
2+000,401,-2.161030293
2+000,402,-2.161030293
2+000,403,-2.161030293
2+000,404,-2.161030293
2+000,405,-2.161030293
2+000,406,-2.161030293
2+000,407,-2.161030293
2+000,408,-2.161030293
2+000,409,-2.161030293
2+000,410,-2.161030293
2+000,411,-2.161030293
2+000,412,-1.806435227
2+000,413,-1.612965345
2+000,414,-1.612965345
2+000,415,-1.612965345
2+000,416,-1.612965345
2+000,417,-1.612965345
2+000,418,-1.612965345
2+000,419,-1.612965345
2+000,420,-1.612965345
2+000,421,-1.612965345
2+000,422,-1.612965345
2+000,423,-1.612965345
2+000,424,-1.156696677
2+000,425,-1.156696677
2+000,426,-1.156696677
2+000,427,-1.156696677
2+000,428,-1.156696677
2+000,429,-1.156696677
2+000,430,-1.156696677
2+000,431,-1.156696677
2+000,432,-1.156696677
2+000,433,-1.01478231
2+000,434,-1.01478231
2+000,435,-0.381036282
2+000,436,-0.381036282
2+000,437,-0.381036282
2+000,438,-0.381036282
2+000,439,-0.381036282
2+000,440,-0.381036282
2+000,441,-0.381036282
2+000,442,-0.381036282
2+000,443,-0.381036282
2+000,444,-0.381036282
2+000,445,-0.381036282
2+000,446,-0.381036282
2+000,447,0.405514657
2+000,448,0.405514657
2+000,449,0.405514657
2+000,450,0.405514657
2+000,451,0.405514657
2+000,452,0.936250687
2+000,453,0.936250687
2+000,454,0.936250687
2+000,455,0.936250687
2+000,456,0.936250687
2+000,457,0.936250687
2+000,458,0.936250687
2+000,459,1.642139316
2+000,460,1.642139316
2+000,461,1.642139316
2+000,462,1.642139316
2+000,463,1.642139316
2+000,464,1.642139316
2+000,465,1.642139316
2+000,466,1.642139316
2+000,467,1.642139316
2+000,468,1.642139316
2+000,469,1.642139316
2+000,470,2.150303364
2+000,471,2.150303364
2+000,472,2.338963747
2+000,473,2.338963747
2+000,474,2.338963747
2+000,475,2.338963747
2+000,476,2.338963747
2+000,477,2.338963747
2+000,478,2.338963747
2+000,479,2.338963747
2+000,480,2.338963747
2+000,481,2.338963747
2+000,482,2.458044529
2+000,483,2.458044529
2+000,484,2.458044529
2+000,485,2.458044529
2+000,486,2.458044529
2+000,487,2.458044529
2+000,488,2.458044529
2+000,489,2.458044529
2+000,490,2.458044529
2+000,491,2.52234602
2+000,492,2.52234602
2+000,493,2.52234602
2+000,494,2.639221191
2+000,495,2.639221191
2+000,496,2.639221191
2+000,497,2.639221191
2+000,498,2.639221191
2+000,499,2.639221191
2+000,500,2.639221191
2+100,0,2.639221191
2+100,1,2.639221191
2+100,2,2.639221191
2+100,3,2.639221191
2+100,4,2.639221191
2+100,5,2.639221191
2+100,6,2.639221191
2+100,7,2.639221191
2+100,8,2.639221191
2+100,9,2.639221191
2+100,10,2.639221191
2+100,11,2.639221191
2+100,12,2.639221191
2+100,13,2.639221191
2+100,14,2.639221191
2+100,15,2.639221191
2+100,16,2.639221191
2+100,17,2.639221191
2+100,18,-5.112979889
2+100,19,-5.112979889
2+100,20,-5.112979889
2+100,21,-5.112979889
2+100,22,-5.112979889
2+100,23,-5.112979889
2+100,24,-5.06715107
2+100,25,-5.06715107
2+100,26,-5.06715107
2+100,27,-5.06715107
2+100,28,-5.06715107
2+100,29,-5.06715107
2+100,30,-5.06715107
2+100,31,-5.06715107
2+100,32,-5.06715107
2+100,33,-5.06715107
2+100,34,-5.06715107
2+100,35,-5.016027451
2+100,36,-5.016027451
2+100,37,-5.016027451
2+100,38,-4.991523743
2+100,39,-4.991523743
2+100,40,-4.991523743
2+100,41,-4.991523743
2+100,42,-4.991523743
2+100,43,-4.991523743
2+100,44,-4.991523743
2+100,45,-4.991523743
2+100,46,-4.991523743
2+100,47,-4.922616959
2+100,48,-4.922616959
2+100,49,-4.922616959
2+100,50,-4.922616959
2+100,51,-4.922616959
2+100,52,-4.922616959
2+100,53,-4.922616959
2+100,54,-4.922616959
2+100,55,-4.922616959
2+100,56,-4.922616959
2+100,57,-4.922616959
2+100,58,-4.849432468
2+100,59,-4.804767609
2+100,60,-4.804767609
2+100,61,-4.804767609
2+100,62,-4.804767609
2+100,63,-4.804767609
2+100,64,-4.804767609
2+100,65,-4.804767609
2+100,66,-4.804767609
2+100,67,-4.804767609
2+100,68,-4.804767609
2+100,69,-4.804767609
2+100,70,-4.721358299
2+100,71,-4.721358299
2+100,72,-4.721358299
2+100,73,-4.721358299
2+100,74,-4.721358299
2+100,75,-4.721358299
2+100,76,-4.721358299
2+100,77,-4.721358299
2+100,78,-4.721358299
2+100,79,-4.664077759
2+100,80,-4.664077759
2+100,81,-4.574026108
2+100,82,-4.574026108
2+100,83,-4.574026108
2+100,84,-4.574026108
2+100,85,-4.574026108
2+100,86,-4.574026108
2+100,87,-4.574026108
2+100,88,-4.574026108
2+100,89,-4.574026108
2+100,90,-4.574026108
2+100,91,-4.574026108
2+100,92,-4.486079693
2+100,93,-4.486079693
2+100,94,-4.486079693
2+100,95,-4.486079693
2+100,96,-4.486079693
2+100,97,-4.486079693
2+100,98,-4.486079693
2+100,99,-4.410152912
2+100,100,-4.410152912
2+100,101,-4.410152912
2+100,102,-4.410152912
2+100,103,-4.410152912
2+100,104,-4.320901871
2+100,105,-4.320901871
2+100,106,-4.320901871
2+100,107,-4.320901871
2+100,108,-4.320901871
2+100,109,-4.320901871
2+100,110,-4.320901871
2+100,111,-4.320901871
2+100,112,-4.320901871
2+100,113,-4.320901871
2+100,114,-4.320901871
2+100,115,-4.235865116
2+100,116,-4.235865116
2+100,117,-4.235865116
2+100,118,-4.235865116
2+100,119,-4.149543762
2+100,120,-4.149543762
2+100,121,-4.149543762
2+100,122,-4.149543762
2+100,123,-4.149543762
2+100,124,-4.149543762
2+100,125,-4.149543762
2+100,126,-4.149543762
2+100,127,-4.070500374
2+100,128,-4.070500374
2+100,129,-4.070500374
2+100,130,-4.070500374
2+100,131,-4.070500374
2+100,132,-4.070500374
2+100,133,-4.070500374
2+100,134,-4.070500374
2+100,135,-4.070500374
2+100,136,-4.070500374
2+100,137,-4.070500374
2+100,138,-3.995282173
2+100,139,-3.995282173
2+100,140,-3.914795876
2+100,141,-3.914795876
2+100,142,-3.914795876
2+100,143,-3.914795876
2+100,144,-3.914795876
2+100,145,-3.914795876
2+100,146,-3.914795876
2+100,147,-3.914795876
2+100,148,-3.914795876
2+100,149,-3.914795876
2+100,150,-3.850410461
2+100,151,-3.850410461
2+100,152,-3.850410461
2+100,153,-3.850410461
2+100,154,-3.850410461
2+100,155,-3.850410461
2+100,156,-3.850410461
2+100,157,-3.850410461
2+100,158,-3.850410461
2+100,159,-3.850410461
2+100,160,-3.7747612
2+100,161,-3.719605923
2+100,162,-3.719605923
2+100,163,-3.719605923
2+100,164,-3.719605923
2+100,165,-3.719605923
2+100,166,-3.719605923
2+100,167,-3.719605923
2+100,168,-3.719605923
2+100,169,-3.719605923
2+100,170,-3.719605923
2+100,171,-3.719605923
2+100,172,-3.719605923
2+100,173,-3.636592388
2+100,174,-3.636592388
2+100,175,-3.636592388
2+100,176,-3.636592388
2+100,177,-3.636592388
2+100,178,-3.636592388
2+100,179,-3.636592388
2+100,180,-3.601430416
2+100,181,-3.601430416
2+100,182,-3.601430416
2+100,183,-3.601430416
2+100,184,-3.514407158
2+100,185,-3.514407158
2+100,186,-3.514407158
2+100,187,-3.514407158
2+100,188,-3.514407158
2+100,189,-3.514407158
2+100,190,-3.514407158
2+100,191,-3.514407158
2+100,192,-3.514407158
2+100,193,-3.514407158
2+100,194,-3.514407158
2+100,195,-3.514407158
2+100,196,-3.40220809
2+100,197,-3.40220809
2+100,198,-3.40220809
2+100,199,-3.40220809
2+100,200,-3.40220809
2+100,201,-3.404478788
2+100,202,-3.404478788
2+100,203,-3.404478788
2+100,204,-3.404478788
2+100,205,-3.404478788
2+100,206,-3.404478788
2+100,207,-3.302699804
2+100,208,-3.302699804
2+100,209,-3.302699804
2+100,210,-3.302699804
2+100,211,-3.302699804
2+100,212,-3.302699804
2+100,213,-3.302699804
2+100,214,-3.302699804
2+100,215,-3.302699804
2+100,216,-3.302699804
2+100,217,-3.302699804
2+100,218,-3.302699804
2+100,219,-3.203328371
2+100,220,-3.203328371
2+100,221,-3.281350136
2+100,222,-3.281350136
2+100,223,-3.281350136
2+100,224,-3.281350136
2+100,225,-3.281350136
2+100,226,-3.281350136
2+100,227,-3.281350136
2+100,228,-3.281350136
2+100,229,-3.281350136
2+100,230,-3.206145763
2+100,231,-3.206145763
2+100,232,-3.206145763
2+100,233,-3.206145763
2+100,234,-3.206145763
2+100,235,-3.206145763
2+100,236,-3.206145763
2+100,237,-3.206145763
2+100,238,-3.206145763
2+100,239,-3.206145763
2+100,240,-3.206145763
2+100,241,-3.224052906
2+100,242,-3.145968437
2+100,243,-3.145968437
2+100,244,-3.145968437
2+100,245,-3.145968437
2+100,246,-3.145968437
2+100,247,-3.145968437
2+100,248,-3.145968437
2+100,249,-3.145968437
2+100,250,-3.145968437
2+100,251,-3.145968437
2+100,252,-3.145968437
2+100,253,-3.073494434
2+100,254,-3.073494434
2+100,255,-3.073494434
2+100,256,-3.073494434
2+100,257,-3.073494434
2+100,258,-3.073494434
2+100,259,-3.073494434
2+100,260,-3.073494434
2+100,261,-3.084153175
2+100,262,-3.084153175
2+100,263,-3.084153175
2+100,264,-3.084153175
2+100,265,-3.006499767
2+100,266,-3.006499767
2+100,267,-3.006499767
2+100,268,-3.006499767
2+100,269,-3.006499767
2+100,270,-3.006499767
2+100,271,-3.006499767
2+100,272,-3.006499767
2+100,273,-3.006499767
2+100,274,-3.006499767
2+100,275,-3.006499767
2+100,276,-2.949090481
2+100,277,-2.949090481
2+100,278,-2.949090481
2+100,279,-2.949090481
2+100,280,-2.949090481
2+100,281,-2.949090481
2+100,282,-2.939816475
2+100,283,-2.939816475
2+100,284,-2.939816475
2+100,285,-2.939816475
2+100,286,-2.939816475
2+100,287,-2.939816475
2+100,288,-2.89801693
2+100,289,-2.89801693
2+100,290,-2.89801693
2+100,291,-2.89801693
2+100,292,-2.89801693
2+100,293,-2.89801693
2+100,294,-2.89801693
2+100,295,-2.89801693
2+100,296,-2.89801693
2+100,297,-2.89801693
2+100,298,-2.89801693
2+100,299,-2.859880447
2+100,300,-2.859880447
2+100,301,-2.859880447
2+100,302,-2.800435066
2+100,303,-2.800435066
2+100,304,-2.800435066
2+100,305,-2.800435066
2+100,306,-2.800435066
2+100,307,-2.800435066
2+100,308,-2.800435066
2+100,309,-2.800435066
2+100,310,-2.800435066
2+100,311,-2.698343754
2+100,312,-2.698343754
2+100,313,-2.698343754
2+100,314,-2.698343754
2+100,315,-2.698343754
2+100,316,-2.698343754
2+100,317,-2.698343754
2+100,318,-2.698343754
2+100,319,-2.698343754
2+100,320,-2.698343754
2+100,321,-2.698343754
2+100,322,-2.370131969
2+100,323,-2.370131969
2+100,324,-2.370131969
2+100,325,-2.370131969
2+100,326,-2.370131969
2+100,327,-2.370131969
2+100,328,-2.370131969
2+100,329,-2.370131969
2+100,330,-2.370131969
2+100,331,-2.370131969
2+100,332,-2.370131969
2+100,333,-2.370131969
2+100,334,-2.208040476
2+100,335,-2.208040476
2+100,336,-2.208040476
2+100,337,-2.208040476
2+100,338,-2.208040476
2+100,339,-2.208040476
2+100,340,-2.208040476
2+100,341,-2.208040476
2+100,342,-2.172629833
2+100,343,-2.172629833
2+100,344,-2.172629833
2+100,345,-2.124466419
2+100,346,-2.124466419
2+100,347,-2.124466419
2+100,348,-2.124466419
2+100,349,-2.124466419
2+100,350,-2.124466419
2+100,351,-2.124466419
2+100,352,-2.124466419
2+100,353,-2.124466419
2+100,354,-2.124466419
2+100,355,-2.124466419
2+100,356,-2.124466419
2+100,357,-2.106838226
2+100,358,-2.106838226
2+100,359,-2.106838226
2+100,360,-2.106838226
2+100,361,-2.106838226
2+100,362,-2.106838226
2+100,363,-1.989328384
2+100,364,-1.989328384
2+100,365,-1.989328384
2+100,366,-1.989328384
2+100,367,-1.989328384
2+100,368,-2.000160217
2+100,369,-2.000160217
2+100,370,-2.000160217
2+100,371,-2.000160217
2+100,372,-2.000160217
2+100,373,-2.000160217
2+100,374,-2.000160217
2+100,375,-2.000160217
2+100,376,-2.000160217
2+100,377,-2.000160217
2+100,378,-2.000160217
2+100,379,-2.000160217
2+100,380,-2.055675507
2+100,381,-2.055675507
2+100,382,-2.055675507
2+100,383,-1.933140516
2+100,384,-1.933140516
2+100,385,-1.933140516
2+100,386,-1.933140516
2+100,387,-1.933140516
2+100,388,-1.933140516
2+100,389,-1.933140516
2+100,390,-1.933140516
2+100,391,-2.070850372
2+100,392,-2.070850372
2+100,393,-2.070850372
2+100,394,-2.070850372
2+100,395,-2.070850372
2+100,396,-2.070850372
2+100,397,-2.070850372
2+100,398,-2.070850372
2+100,399,-2.070850372
2+100,400,-2.070850372
2+100,401,-2.070850372
2+100,402,-2.070850372
2+100,403,-2.000933886
2+100,404,-2.000933886
2+100,405,-2.000933886
2+100,406,-2.000933886
2+100,407,-2.000933886
2+100,408,-2.000933886
2+100,409,-2.000933886
2+100,410,-2.000933886
2+100,411,-2.000933886
2+100,412,-2.000933886
2+100,413,-2.000933886
2+100,414,-1.728381753
2+100,415,-1.728381753
2+100,416,-1.728381753
2+100,417,-1.728381753
2+100,418,-1.728381753
2+100,419,-1.728381753
2+100,420,-1.728381753
2+100,421,-1.728381753
2+100,422,-1.728381753
2+100,423,-1.728381753
2+100,424,-1.052673697
2+100,425,-1.328267336
2+100,426,-1.328267336
2+100,427,-1.328267336
2+100,428,-1.328267336
2+100,429,-1.328267336
2+100,430,-1.328267336
2+100,431,-1.328267336
2+100,432,-1.328267336
2+100,433,-1.328267336
2+100,434,-1.328267336
2+100,435,-1.328267336
2+100,436,-1.328267336
2+100,437,-1.206061363
2+100,438,-1.206061363
2+100,439,-1.206061363
2+100,440,-1.206061363
2+100,441,-1.206061363
2+100,442,-1.206061363
2+100,443,-1.206061363
2+100,444,-0.721092224
2+100,445,-0.721092224
2+100,446,-0.721092224
2+100,447,-0.721092224
2+100,448,-0.048158705
2+100,449,-0.048158705
2+100,450,-0.048158705
2+100,451,-0.048158705
2+100,452,-0.048158705
2+100,453,-0.048158705
2+100,454,-0.048158705
2+100,455,-0.048158705
2+100,456,-0.048158705
2+100,457,-0.048158705
2+100,458,-0.048158705
2+100,459,-0.048158705
2+100,460,0.915135384
2+100,461,0.915135384
2+100,462,0.915135384
2+100,463,0.915135384
2+100,464,1.254453063
2+100,465,1.254453063
2+100,466,1.254453063
2+100,467,1.254453063
2+100,468,1.254453063
2+100,469,1.254453063
2+100,470,1.254453063
2+100,471,2.281947374
2+100,472,2.281947374
2+100,473,2.281947374
2+100,474,2.281947374
2+100,475,2.281947374
2+100,476,2.281947374
2+100,477,2.281947374
2+100,478,2.281947374
2+100,479,2.281947374
2+100,480,2.281947374
2+100,481,2.281947374
2+100,482,2.281947374
2+100,483,3.059356213
2+100,484,3.296895027
2+100,485,3.296895027
2+100,486,3.296895027
2+100,487,3.296895027
2+100,488,3.296895027
2+100,489,3.296895027
2+100,490,3.296895027
2+100,491,3.296895027
2+100,492,3.296895027
2+100,493,3.296895027
2+100,494,3.669280052
2+100,495,3.669280052
2+100,496,3.669280052
2+100,497,3.669280052
2+100,498,3.669280052
2+100,499,3.669280052
2+100,500,3.669280052
2+200,0,3.669280052
2+200,1,3.669280052
2+200,2,3.669280052
2+200,3,3.669280052
2+200,4,3.669280052
2+200,5,3.669280052
2+200,6,3.669280052
2+200,7,3.669280052
2+200,8,3.669280052
2+200,9,3.669280052
2+200,10,3.669280052
2+200,11,3.669280052
2+200,12,3.669280052
2+200,13,3.669280052
2+200,14,3.669280052
2+200,15,3.669280052
2+200,16,3.669280052
2+200,17,3.669280052
2+200,18,3.669280052
2+200,19,3.669280052
2+200,20,3.669280052
2+200,21,3.669280052
2+200,22,3.669280052
2+200,23,3.669280052
2+200,24,3.669280052
2+200,25,3.669280052
2+200,26,3.669280052
2+200,27,3.669280052
2+200,28,3.669280052
2+200,29,3.669280052
2+200,30,3.669280052
2+200,31,3.669280052
2+200,32,3.669280052
2+200,33,3.669280052
2+200,34,3.669280052
2+200,35,3.669280052
2+200,36,-5.107370853
2+200,37,-5.107370853
2+200,38,-5.107370853
2+200,39,-5.107370853
2+200,40,-5.107370853
2+200,41,-5.107370853
2+200,42,-5.107370853
2+200,43,-5.107370853
2+200,44,-5.107370853
2+200,45,-5.107370853
2+200,46,-5.107370853
2+200,47,-5.089550972
2+200,48,-5.089550972
2+200,49,-5.089550972
2+200,50,-5.089550972
2+200,51,-5.089550972
2+200,52,-5.051967621
2+200,53,-5.051967621
2+200,54,-5.051967621
2+200,55,-5.051967621
2+200,56,-5.051967621
2+200,57,-5.051967621
2+200,58,-5.051967621
2+200,59,-5.020759583
2+200,60,-5.020759583
2+200,61,-5.020759583
2+200,62,-5.020759583
2+200,63,-5.020759583
2+200,64,-5.020759583
2+200,65,-5.020759583
2+200,66,-5.020759583
2+200,67,-5.020759583
2+200,68,-5.020759583
2+200,69,-5.020759583
2+200,70,-4.98382473
2+200,71,-4.98382473
2+200,72,-4.93844223
2+200,73,-4.93844223
2+200,74,-4.93844223
2+200,75,-4.93844223
2+200,76,-4.93844223
2+200,77,-4.93844223
2+200,78,-4.93844223
2+200,79,-4.93844223
2+200,80,-4.93844223
2+200,81,-4.93844223
2+200,82,-4.896904469
2+200,83,-4.896904469
2+200,84,-4.896904469
2+200,85,-4.896904469
2+200,86,-4.896904469
2+200,87,-4.896904469
2+200,88,-4.896904469
2+200,89,-4.896904469
2+200,90,-4.896904469
2+200,91,-4.896904469
2+200,92,-4.896904469
2+200,93,-4.794826984
2+200,94,-4.794826984
2+200,95,-4.794826984
2+200,96,-4.794826984
2+200,97,-4.794826984
2+200,98,-4.794826984
2+200,99,-4.794826984
2+200,100,-4.794826984
2+200,101,-4.794826984
2+200,102,-4.794826984
2+200,103,-4.794826984
2+200,104,-4.794826984
2+200,105,-4.753048897
2+200,106,-4.753048897
2+200,107,-4.753048897
2+200,108,-4.753048897
2+200,109,-4.753048897
2+200,110,-4.753048897
2+200,111,-4.753048897
2+200,112,-4.753048897
2+200,113,-4.67760849
2+200,114,-4.67760849
2+200,115,-4.67760849
2+200,116,-4.638624191
2+200,117,-4.638624191
2+200,118,-4.638624191
2+200,119,-4.638624191
2+200,120,-4.638624191
2+200,121,-4.638624191
2+200,122,-4.638624191
2+200,123,-4.638624191
2+200,124,-4.638624191
2+200,125,-4.638624191
2+200,126,-4.638624191
2+200,127,-4.638624191
2+200,128,-4.608442307
2+200,129,-4.608442307
2+200,130,-4.608442307
2+200,131,-4.608442307
2+200,132,-4.608442307
2+200,133,-4.512022972
2+200,134,-4.512022972
2+200,135,-4.512022972
2+200,136,-4.512022972
2+200,137,-4.512022972
2+200,138,-4.512022972
2+200,139,-4.488966465
2+200,140,-4.488966465
2+200,141,-4.488966465
2+200,142,-4.488966465
2+200,143,-4.488966465
2+200,144,-4.488966465
2+200,145,-4.488966465
2+200,146,-4.488966465
2+200,147,-4.488966465
2+200,148,-4.488966465
2+200,149,-4.488966465
2+200,150,-4.488966465
2+200,151,-4.476239204
2+200,152,-4.476239204
2+200,153,-4.355668068
2+200,154,-4.355668068
2+200,155,-4.355668068
2+200,156,-4.355668068
2+200,157,-4.355668068
2+200,158,-4.355668068
2+200,159,-4.355668068
2+200,160,-4.355668068
2+200,161,-4.355668068
2+200,162,-4.350320816
2+200,163,-4.350320816
2+200,164,-4.350320816
2+200,165,-4.350320816
2+200,166,-4.350320816
2+200,167,-4.350320816
2+200,168,-4.350320816
2+200,169,-4.350320816
2+200,170,-4.350320816
2+200,171,-4.350320816
2+200,172,-4.350320816
2+200,173,-4.350320816
2+200,174,-4.207828045
2+200,175,-4.207828045
2+200,176,-4.207828045
2+200,177,-4.207828045
2+200,178,-4.207828045
2+200,179,-4.207828045
2+200,180,-4.207828045
2+200,181,-4.207828045
2+200,182,-4.207828045
2+200,183,-4.207828045
2+200,184,-4.207828045
2+200,185,-4.219778061
2+200,186,-4.219778061
2+200,187,-4.219778061
2+200,188,-4.219778061
2+200,189,-4.219778061
2+200,190,-4.219778061
2+200,191,-4.219778061
2+200,192,-4.219778061
2+200,193,-4.219778061
2+200,194,-4.052069664
2+200,195,-4.052069664
2+200,196,-4.052069664
2+200,197,-4.077864647
2+200,198,-4.077864647
2+200,199,-4.077864647
2+200,200,-4.077864647
2+200,201,-4.077864647
2+200,202,-4.077864647
2+200,203,-4.077864647
2+200,204,-4.077864647
2+200,205,-4.077864647
2+200,206,-4.077864647
2+200,207,-4.077864647
2+200,208,-4.11339283
2+200,209,-4.11339283
2+200,210,-4.11339283
2+200,211,-4.11339283
2+200,212,-4.11339283
2+200,213,-4.11339283
2+200,214,-3.947961807
2+200,215,-3.947961807
2+200,216,-3.947961807
2+200,217,-3.947961807
2+200,218,-3.947961807
2+200,219,-3.947961807
2+200,220,-4.01776123
2+200,221,-4.01776123
2+200,222,-4.01776123
2+200,223,-4.01776123
2+200,224,-4.01776123
2+200,225,-4.01776123
2+200,226,-4.01776123
2+200,227,-4.01776123
2+200,228,-4.01776123
2+200,229,-4.01776123
2+200,230,-4.01776123
2+200,231,-4.072246075
2+200,232,-4.072246075
2+200,233,-4.072246075
2+200,234,-4.072246075
2+200,235,-3.986651182
2+200,236,-3.986651182
2+200,237,-3.986651182
2+200,238,-3.986651182
2+200,239,-3.986651182
2+200,240,-3.986651182
2+200,241,-3.986651182
2+200,242,-3.948325157
2+200,243,-3.948325157
2+200,244,-3.948325157
2+200,245,-3.948325157
2+200,246,-3.948325157
2+200,247,-3.948325157
2+200,248,-3.948325157
2+200,249,-3.948325157
2+200,250,-3.948325157
2+200,251,-3.948325157
2+200,252,-3.948325157
2+200,253,-3.948325157
2+200,254,-3.883776665
2+200,255,-3.80333519
2+200,256,-3.80333519
2+200,257,-3.80333519
2+200,258,-3.80333519
2+200,259,-3.80333519
2+200,260,-3.80333519
2+200,261,-3.80333519
2+200,262,-3.80333519
2+200,263,-3.80333519
2+200,264,-3.80333519
2+200,265,-3.70397234
2+200,266,-3.70397234
2+200,267,-3.70397234
2+200,268,-3.70397234
2+200,269,-3.70397234
2+200,270,-3.70397234
2+200,271,-3.70397234
2+200,272,-3.70397234
2+200,273,-3.70397234
2+200,274,-3.70397234
2+200,275,-3.635333776
2+200,276,-3.635333776
2+200,277,-3.529124737
2+200,278,-3.529124737
2+200,279,-3.529124737
2+200,280,-3.529124737
2+200,281,-3.529124737
2+200,282,-3.529124737
2+200,283,-3.529124737
2+200,284,-3.529124737
2+200,285,-3.529124737
2+200,286,-3.529124737
2+200,287,-3.529124737
2+200,288,-3.413918495
2+200,289,-3.413918495
2+200,290,-3.413918495
2+200,291,-3.413918495
2+200,292,-3.413918495
2+200,293,-3.413918495
2+200,294,-3.413918495
2+200,295,-3.301974297
2+200,296,-3.301974297
2+200,297,-3.301974297
2+200,298,-3.301974297
2+200,299,-3.301974297
2+200,300,-3.269277573
2+200,301,-3.269277573
2+200,302,-3.269277573
2+200,303,-3.269277573
2+200,304,-3.269277573
2+200,305,-3.269277573
2+200,306,-3.269277573
2+200,307,-3.269277573
2+200,308,-3.269277573
2+200,309,-3.269277573
2+200,310,-3.269277573
2+200,311,-3.014861822
2+200,312,-3.014861822
2+200,313,-3.014861822
2+200,314,-3.014861822
2+200,315,-3.014861822
2+200,316,-2.840053558
2+200,317,-2.840053558
2+200,318,-2.840053558
2+200,319,-2.840053558
2+200,320,-2.840053558
2+200,321,-2.840053558
2+200,322,-2.840053558
2+200,323,-2.552356005
2+200,324,-2.552356005
2+200,325,-2.552356005
2+200,326,-2.552356005
2+200,327,-2.552356005
2+200,328,-2.552356005
2+200,329,-2.552356005
2+200,330,-2.552356005
2+200,331,-2.552356005
2+200,332,-2.552356005
2+200,333,-2.552356005
2+200,334,-2.255017757
2+200,335,-2.255017757
2+200,336,-2.073252439
2+200,337,-2.073252439
2+200,338,-2.073252439
2+200,339,-2.073252439
2+200,340,-2.073252439
2+200,341,-2.073252439
2+200,342,-2.073252439
2+200,343,-2.073252439
2+200,344,-2.073252439
2+200,345,-2.073252439
2+200,346,-1.837776184
2+200,347,-1.837776184
2+200,348,-1.837776184
2+200,349,-1.837776184
2+200,350,-1.837776184
2+200,351,-1.837776184
2+200,352,-1.837776184
2+200,353,-1.837776184
2+200,354,-1.837776184
2+200,355,-1.837776184
2+200,356,-1.710367203
2+200,357,-1.699838996
2+200,358,-1.699838996
2+200,359,-1.699838996
2+200,360,-1.699838996
2+200,361,-1.699838996
2+200,362,-1.699838996
2+200,363,-1.699838996
2+200,364,-1.699838996
2+200,365,-1.699838996
2+200,366,-1.699838996
2+200,367,-1.699838996
2+200,368,-1.699838996
2+200,369,-1.740757227
2+200,370,-1.740757227
2+200,371,-1.740757227
2+200,372,-1.740757227
2+200,373,-1.740757227
2+200,374,-1.740757227
2+200,375,-1.740757227
2+200,376,-1.836773157
2+200,377,-1.836773157
2+200,378,-1.836773157
2+200,379,-1.836773157
2+200,380,-1.941310883
2+200,381,-1.941310883
2+200,382,-1.941310883
2+200,383,-1.941310883
2+200,384,-1.941310883
2+200,385,-1.941310883
2+200,386,-1.941310883
2+200,387,-1.941310883
2+200,388,-1.941310883
2+200,389,-1.941310883
2+200,390,-1.941310883
2+200,391,-1.941310883
2+200,392,-2.041102171
2+200,393,-2.041102171
2+200,394,-2.041102171
2+200,395,-2.041102171
2+200,396,-2.041102171
2+200,397,-2.100554705
2+200,398,-2.100554705
2+200,399,-2.100554705
2+200,400,-2.100554705
2+200,401,-2.100554705
2+200,402,-2.100554705
2+200,403,-2.106944799
2+200,404,-2.106944799
2+200,405,-2.106944799
2+200,406,-2.106944799
2+200,407,-2.106944799
2+200,408,-2.106944799
2+200,409,-2.106944799
2+200,410,-2.106944799
2+200,411,-2.106944799
2+200,412,-2.106944799
2+200,413,-2.106944799
2+200,414,-2.106944799
2+200,415,-1.924146652
2+200,416,-1.924146652
2+200,417,-1.890600801
2+200,418,-1.890600801
2+200,419,-1.890600801
2+200,420,-1.890600801
2+200,421,-1.890600801
2+200,422,-1.890600801
2+200,423,-1.890600801
2+200,424,-1.890600801
2+200,425,-1.890600801
2+200,426,-1.707059979
2+200,427,-1.707059979
2+200,428,-1.707059979
2+200,429,-1.707059979
2+200,430,-1.707059979
2+200,431,-1.707059979
2+200,432,-1.707059979
2+200,433,-1.707059979
2+200,434,-1.707059979
2+200,435,-1.707059979
2+200,436,-1.707059979
2+200,437,-1.407916784
2+200,438,-0.887889683
2+200,439,-0.887889683
2+200,440,-0.887889683
2+200,441,-0.887889683
2+200,442,-0.887889683
2+200,443,-0.887889683
2+200,444,-0.887889683
2+200,445,-0.887889683
2+200,446,-0.887889683
2+200,447,-0.887889683
2+200,448,-0.887889683
2+200,449,-0.106121264
2+200,450,-0.106121264
2+200,451,-0.106121264
2+200,452,-0.106121264
2+200,453,-0.106121264
2+200,454,-0.106121264
2+200,455,-0.106121264
2+200,456,-0.106121264
2+200,457,0.515725255
2+200,458,0.515725255
2+200,459,0.515725255
2+200,460,0.515725255
2+200,461,1.529425025
2+200,462,1.529425025
2+200,463,1.529425025
2+200,464,1.529425025
2+200,465,1.529425025
2+200,466,1.529425025
2+200,467,1.529425025
2+200,468,1.529425025
2+200,469,1.529425025
2+200,470,1.529425025
2+200,471,1.529425025
2+200,472,2.370114803
2+200,473,2.370114803
2+200,474,2.370114803
2+200,475,2.370114803
2+200,476,2.370114803
2+200,477,2.370114803
2+200,478,2.78952837
2+200,479,2.78952837
2+200,480,2.78952837
2+200,481,2.78952837
2+200,482,2.78952837
2+200,483,2.78952837
2+200,484,3.174309492
2+200,485,3.174309492
2+200,486,3.174309492
2+200,487,3.174309492
2+200,488,3.174309492
2+200,489,3.174309492
2+200,490,3.174309492
2+200,491,3.174309492
2+200,492,3.174309492
2+200,493,3.174309492
2+200,494,3.174309492
2+200,495,3.354321003
2+200,496,3.354321003
2+200,497,3.354321003
2+200,498,3.44772768
2+200,499,3.44772768
2+200,500,3.44772768
2+300,0,3.44772768
2+300,1,3.44772768
2+300,2,3.44772768
2+300,3,3.44772768
2+300,4,3.44772768
2+300,5,3.44772768
2+300,6,3.44772768
2+300,7,3.44772768
2+300,8,3.44772768
2+300,9,3.44772768
2+300,10,3.44772768
2+300,11,3.44772768
2+300,12,3.44772768
2+300,13,3.44772768
2+300,14,3.44772768
2+300,15,3.44772768
2+300,16,3.44772768
2+300,17,3.44772768
2+300,18,3.44772768
2+300,19,3.44772768
2+300,20,3.44772768
2+300,21,3.44772768
2+300,22,3.44772768
2+300,23,3.44772768
2+300,24,3.44772768
2+300,25,3.44772768
2+300,26,3.44772768
2+300,27,3.44772768
2+300,28,3.44772768
2+300,29,3.44772768
2+300,30,3.44772768
2+300,31,3.44772768
2+300,32,3.44772768
2+300,33,3.44772768
2+300,34,3.44772768
2+300,35,3.44772768
2+300,36,3.44772768
2+300,37,3.44772768
2+300,38,3.44772768
2+300,39,3.44772768
2+300,40,3.44772768
2+300,41,3.44772768
2+300,42,3.44772768
2+300,43,3.44772768
2+300,44,3.44772768
2+300,45,3.44772768
2+300,46,3.44772768
2+300,47,3.44772768
2+300,48,-5.173938751
2+300,49,-5.173938751
2+300,50,-5.173938751
2+300,51,-5.173938751
2+300,52,-5.173938751
2+300,53,-5.173938751
2+300,54,-5.173938751
2+300,55,-5.173938751
2+300,56,-5.173938751
2+300,57,-5.173938751
2+300,58,-5.173938751
2+300,59,-5.158906937
2+300,60,-5.158906937
2+300,61,-5.158906937
2+300,62,-5.158906937
2+300,63,-5.158906937
2+300,64,-5.158906937
2+300,65,-5.158906937
2+300,66,-5.12178278
2+300,67,-5.12178278
2+300,68,-5.12178278
2+300,69,-5.12178278
2+300,70,-5.12178278
2+300,71,-5.075944901
2+300,72,-5.075944901
2+300,73,-5.075944901
2+300,74,-5.075944901
2+300,75,-5.075944901
2+300,76,-5.075944901
2+300,77,-5.075944901
2+300,78,-5.075944901
2+300,79,-5.075944901
2+300,80,-5.075944901
2+300,81,-5.075944901
2+300,82,-5.011955261
2+300,83,-5.011955261
2+300,84,-5.011955261
2+300,85,-5.011955261
2+300,86,-4.96843338
2+300,87,-4.96843338
2+300,88,-4.96843338
2+300,89,-4.96843338
2+300,90,-4.96843338
2+300,91,-4.96843338
2+300,92,-4.96843338
2+300,93,-4.96843338
2+300,94,-4.889967918
2+300,95,-4.889967918
2+300,96,-4.889967918
2+300,97,-4.889967918
2+300,98,-4.889967918
2+300,99,-4.889967918
2+300,100,-4.889967918
2+300,101,-4.889967918
2+300,102,-4.889967918
2+300,103,-4.889967918
2+300,104,-4.889967918
2+300,105,-4.799603462
2+300,106,-4.757943153
2+300,107,-4.757943153
2+300,108,-4.757943153
2+300,109,-4.757943153
2+300,110,-4.757943153
2+300,111,-4.757943153
2+300,112,-4.757943153
2+300,113,-4.757943153
2+300,114,-4.757943153
2+300,115,-4.757943153
2+300,116,-4.757943153
2+300,117,-4.655851364
2+300,118,-4.655851364
2+300,119,-4.655851364
2+300,120,-4.655851364
2+300,121,-4.655851364
2+300,122,-4.655851364
2+300,123,-4.655851364
2+300,124,-4.655851364
2+300,125,-4.655851364
2+300,126,-4.655851364
2+300,127,-4.622600555
2+300,128,-4.509203434
2+300,129,-4.509203434
2+300,130,-4.509203434
2+300,131,-4.509203434
2+300,132,-4.509203434
2+300,133,-4.509203434
2+300,134,-4.509203434
2+300,135,-4.509203434
2+300,136,-4.509203434
2+300,137,-4.509203434
2+300,138,-4.509203434
2+300,139,-4.509203434
2+300,140,-4.386524677
2+300,141,-4.386524677
2+300,142,-4.386524677
2+300,143,-4.386524677
2+300,144,-4.386524677
2+300,145,-4.386524677
2+300,146,-4.386524677
2+300,147,-4.364646912
2+300,148,-4.364646912
2+300,149,-4.364646912
2+300,150,-4.364646912
2+300,151,-4.230976105
2+300,152,-4.230976105
2+300,153,-4.230976105
2+300,154,-4.230976105
2+300,155,-4.230976105
2+300,156,-4.230976105
2+300,157,-4.230976105
2+300,158,-4.230976105
2+300,159,-4.230976105
2+300,160,-4.230976105
2+300,161,-4.230976105
2+300,162,-4.230976105
2+300,163,-4.090553284
2+300,164,-4.090553284
2+300,165,-4.090553284
2+300,166,-4.090553284
2+300,167,-4.082204819
2+300,168,-4.082204819
2+300,169,-4.082204819
2+300,170,-4.082204819
2+300,171,-4.082204819
2+300,172,-4.082204819
2+300,173,-4.082204819
2+300,174,-3.930837631
2+300,175,-3.930837631
2+300,176,-3.930837631
2+300,177,-3.930837631
2+300,178,-3.930837631
2+300,179,-3.930837631
2+300,180,-3.930837631
2+300,181,-3.930837631
2+300,182,-3.930837631
2+300,183,-3.930837631
2+300,184,-3.930837631
2+300,185,-3.930837631
2+300,186,-3.775732756
2+300,187,-3.781640768
2+300,188,-3.781640768
2+300,189,-3.781640768
2+300,190,-3.781640768
2+300,191,-3.781640768
2+300,192,-3.781640768
2+300,193,-3.781640768
2+300,194,-3.781640768
2+300,195,-3.781640768
2+300,196,-3.781640768
2+300,197,-3.613679647
2+300,198,-3.613679647
2+300,199,-3.613679647
2+300,200,-3.613679647
2+300,201,-3.613679647
2+300,202,-3.613679647
2+300,203,-3.613679647
2+300,204,-3.613679647
2+300,205,-3.613679647
2+300,206,-3.613679647
2+300,207,-3.613679647
2+300,208,-3.647526741
2+300,209,-3.463775158
2+300,210,-3.463775158
2+300,211,-3.463775158
2+300,212,-3.463775158
2+300,213,-3.463775158
2+300,214,-3.463775158
2+300,215,-3.463775158
2+300,216,-3.463775158
2+300,217,-3.463775158
2+300,218,-3.463775158
2+300,219,-3.463775158
2+300,220,-3.283677101
2+300,221,-3.283677101
2+300,222,-3.283677101
2+300,223,-3.283677101
2+300,224,-3.283677101
2+300,225,-3.283677101
2+300,226,-3.283677101
2+300,227,-3.283677101
2+300,228,-3.331607342
2+300,229,-3.331607342
2+300,230,-3.331607342
2+300,231,-3.331607342
2+300,232,-3.141724586
2+300,233,-3.141724586
2+300,234,-3.141724586
2+300,235,-3.141724586
2+300,236,-3.141724586
2+300,237,-3.141724586
2+300,238,-3.141724586
2+300,239,-3.141724586
2+300,240,-3.141724586
2+300,241,-3.141724586
2+300,242,-3.141724586
2+300,243,-2.971434355
2+300,244,-2.971434355
2+300,245,-2.971434355
2+300,246,-2.971434355
2+300,247,-2.971434355
2+300,248,-3.09630847
2+300,249,-3.09630847
2+300,250,-3.09630847
2+300,251,-3.09630847
2+300,252,-3.09630847
2+300,253,-3.09630847
2+300,254,-3.09630847
2+300,255,-2.97405386
2+300,256,-2.97405386
2+300,257,-2.97405386
2+300,258,-2.97405386
2+300,259,-2.97405386
2+300,260,-2.97405386
2+300,261,-2.97405386
2+300,262,-2.97405386
2+300,263,-2.97405386
2+300,264,-2.97405386
2+300,265,-2.97405386
2+300,266,-2.922376156
2+300,267,-2.922376156
2+300,268,-2.964590549
2+300,269,-2.964590549
2+300,270,-2.964590549
2+300,271,-2.964590549
2+300,272,-2.964590549
2+300,273,-2.964590549
2+300,274,-2.964590549
2+300,275,-2.964590549
2+300,276,-2.964590549
2+300,277,-2.964590549
2+300,278,-2.888120651
2+300,279,-2.888120651
2+300,280,-2.888120651
2+300,281,-2.888120651
2+300,282,-2.888120651
2+300,283,-2.888120651
2+300,284,-2.888120651
2+300,285,-2.888120651
2+300,286,-2.888120651
2+300,287,-2.888120651
2+300,288,-2.888120651
2+300,289,-2.785520315
2+300,290,-2.785520315
2+300,291,-2.785520315
2+300,292,-2.785520315
2+300,293,-2.785520315
2+300,294,-2.785520315
2+300,295,-2.785520315
2+300,296,-2.785520315
2+300,297,-2.785520315
2+300,298,-2.785520315
2+300,299,-2.785520315
2+300,300,-2.785520315
2+300,301,-2.705627441
2+300,302,-2.705627441
2+300,303,-2.705627441
2+300,304,-2.705627441
2+300,305,-2.705627441
2+300,306,-2.705627441
2+300,307,-2.705627441
2+300,308,-2.705627441
2+300,309,-2.745519876
2+300,310,-2.745519876
2+300,311,-2.745519876
2+300,312,-2.640004158
2+300,313,-2.640004158
2+300,314,-2.640004158
2+300,315,-2.640004158
2+300,316,-2.640004158
2+300,317,-2.640004158
2+300,318,-2.640004158
2+300,319,-2.640004158
2+300,320,-2.640004158
2+300,321,-2.640004158
2+300,322,-2.640004158
2+300,323,-2.640004158
2+300,324,-2.529679298
2+300,325,-2.529679298
2+300,326,-2.529679298
2+300,327,-2.529679298
2+300,328,-2.529679298
2+300,329,-2.370060921
2+300,330,-2.370060921
2+300,331,-2.370060921
2+300,332,-2.370060921
2+300,333,-2.370060921
2+300,334,-2.370060921
2+300,335,-2.188893557
2+300,336,-2.188893557
2+300,337,-2.188893557
2+300,338,-2.188893557
2+300,339,-2.188893557
2+300,340,-2.188893557
2+300,341,-2.188893557
2+300,342,-2.188893557
2+300,343,-2.188893557
2+300,344,-2.188893557
2+300,345,-2.188893557
2+300,346,-2.188893557
2+300,347,-2.007829189
2+300,348,-2.007829189
2+300,349,-2.007829189
2+300,350,-1.776384592
2+300,351,-1.776384592
2+300,352,-1.776384592
2+300,353,-1.776384592
2+300,354,-1.776384592
2+300,355,-1.776384592
2+300,356,-1.776384592
2+300,357,-1.776384592
2+300,358,-1.597526193
2+300,359,-1.597526193
2+300,360,-1.597526193
2+300,361,-1.597526193
2+300,362,-1.597526193
2+300,363,-1.597526193
2+300,364,-1.597526193
2+300,365,-1.597526193
2+300,366,-1.597526193
2+300,367,-1.597526193
2+300,368,-1.597526193
2+300,369,-1.597526193
2+300,370,-1.307240248
2+300,371,-1.307240248
2+300,372,-1.307240248
2+300,373,-1.307240248
2+300,374,-1.307240248
2+300,375,-1.307240248
2+300,376,-1.307240248
2+300,377,-1.307240248
2+300,378,-1.307240248
2+300,379,-1.307240248
2+300,380,-1.307240248
2+300,381,-1.260846138
2+300,382,-1.260846138
2+300,383,-1.260846138
2+300,384,-1.260846138
2+300,385,-1.260846138
2+300,386,-1.260846138
2+300,387,-1.260846138
2+300,388,-1.260846138
2+300,389,-1.260846138
2+300,390,-1.30038929
2+300,391,-1.30038929
2+300,392,-1.392682195
2+300,393,-1.392682195
2+300,394,-1.392682195
2+300,395,-1.392682195
2+300,396,-1.392682195
2+300,397,-1.392682195
2+300,398,-1.392682195
2+300,399,-1.392682195
2+300,400,-1.392682195
2+300,401,-1.392682195
2+300,402,-1.392682195
2+300,403,-1.392682195
2+300,404,-1.577978253
2+300,405,-1.577978253
2+300,406,-1.577978253
2+300,407,-1.577978253
2+300,408,-1.577978253
2+300,409,-1.577978253
2+300,410,-1.659970045
2+300,411,-1.659970045
2+300,412,-1.659970045
2+300,413,-1.659970045
2+300,414,-1.659970045
2+300,415,-1.795411706
2+300,416,-1.795411706
2+300,417,-1.795411706
2+300,418,-1.795411706
2+300,419,-1.795411706
2+300,420,-1.795411706
2+300,421,-1.795411706
2+300,422,-1.795411706
2+300,423,-1.795411706
2+300,424,-1.795411706
2+300,425,-1.795411706
2+300,426,-1.795411706
2+300,427,-1.740929723
2+300,428,-1.740929723
2+300,429,-1.740929723
2+300,430,-1.740929723
2+300,431,-1.57430315
2+300,432,-1.57430315
2+300,433,-1.57430315
2+300,434,-1.57430315
2+300,435,-1.57430315
2+300,436,-1.57430315
2+300,437,-1.57430315
2+300,438,-1.135848403
2+300,439,-1.135848403
2+300,440,-1.135848403
2+300,441,-1.135848403
2+300,442,-1.135848403
2+300,443,-1.135848403
2+300,444,-1.135848403
2+300,445,-1.135848403
2+300,446,-1.135848403
2+300,447,-1.135848403
2+300,448,-1.135848403
2+300,449,-1.135848403
2+300,450,-0.327090889
2+300,451,0.3203201
2+300,452,0.3203201
2+300,453,0.3203201
2+300,454,0.3203201
2+300,455,0.3203201
2+300,456,0.3203201
2+300,457,0.3203201
2+300,458,0.3203201
2+300,459,0.3203201
2+300,460,0.3203201
2+300,461,1.388378859
2+300,462,1.388378859
2+300,463,1.388378859
2+300,464,1.388378859
2+300,465,1.388378859
2+300,466,1.388378859
2+300,467,1.388378859
2+300,468,1.388378859
2+300,469,1.388378859
2+300,470,1.388378859
2+300,471,1.917788267
2+300,472,1.917788267
2+300,473,2.590847015
2+300,474,2.590847015
2+300,475,2.590847015
2+300,476,2.590847015
2+300,477,2.590847015
2+300,478,2.590847015
2+300,479,2.590847015
2+300,480,2.590847015
2+300,481,2.590847015
2+300,482,2.590847015
2+300,483,2.590847015
2+300,484,2.739367962
2+300,485,2.739367962
2+300,486,2.739367962
2+300,487,2.739367962
2+300,488,2.739367962
2+300,489,2.739367962
2+300,490,2.739367962
2+300,491,2.908834219
2+300,492,2.908834219
2+300,493,2.908834219
2+300,494,2.908834219
2+300,495,2.908834219
2+300,496,2.854226589
2+300,497,2.854226589
2+300,498,2.854226589
2+300,499,2.854226589
2+300,500,2.854226589
2+400,0,2.854226589
2+400,1,2.854226589
2+400,2,2.854226589
2+400,3,2.854226589
2+400,4,2.854226589
2+400,5,2.854226589
2+400,6,2.854226589
2+400,7,2.854226589
2+400,8,2.854226589
2+400,9,2.854226589
2+400,10,2.854226589
2+400,11,2.854226589
2+400,12,2.854226589
2+400,13,2.854226589
2+400,14,2.854226589
2+400,15,2.854226589
2+400,16,2.854226589
2+400,17,2.854226589
2+400,18,2.854226589
2+400,19,2.854226589
2+400,20,2.854226589
2+400,21,2.854226589
2+400,22,2.854226589
2+400,23,2.854226589
2+400,24,2.854226589
2+400,25,2.854226589
2+400,26,2.854226589
2+400,27,2.854226589
2+400,28,2.854226589
2+400,29,2.854226589
2+400,30,2.854226589
2+400,31,2.854226589
2+400,32,2.854226589
2+400,33,2.854226589
2+400,34,2.854226589
2+400,35,2.854226589
2+400,36,2.854226589
2+400,37,2.854226589
2+400,38,2.854226589
2+400,39,2.854226589
2+400,40,2.854226589
2+400,41,2.854226589
2+400,42,2.854226589
2+400,43,2.854226589
2+400,44,2.854226589
2+400,45,2.854226589
2+400,46,2.854226589
2+400,47,2.854226589
2+400,48,2.854226589
2+400,49,2.854226589
2+400,50,2.854226589
2+400,51,2.854226589
2+400,52,2.854226589
2+400,53,2.854226589
2+400,54,2.854226589
2+400,55,2.854226589
2+400,56,2.854226589
2+400,57,2.854226589
2+400,58,2.854226589
2+400,59,2.854226589
2+400,60,-5.11073494
2+400,61,-5.11073494
2+400,62,-5.11073494
2+400,63,-5.11073494
2+400,64,-5.11073494
2+400,65,-5.11073494
2+400,66,-5.11073494
2+400,67,-5.11073494
2+400,68,-5.11073494
2+400,69,-5.11073494
2+400,70,-5.11073494
2+400,71,-5.11073494
2+400,72,-5.044742107
2+400,73,-5.044742107
2+400,74,-5.044742107
2+400,75,-5.044742107
2+400,76,-5.044742107
2+400,77,-5.044742107
2+400,78,-5.044742107
2+400,79,-5.004679203
2+400,80,-5.004679203
2+400,81,-5.004679203
2+400,82,-5.004679203
2+400,83,-4.926127911
2+400,84,-4.926127911
2+400,85,-4.926127911
2+400,86,-4.926127911
2+400,87,-4.926127911
2+400,88,-4.926127911
2+400,89,-4.926127911
2+400,90,-4.926127911
2+400,91,-4.926127911
2+400,92,-4.926127911
2+400,93,-4.926127911
2+400,94,-4.926127911
2+400,95,-4.850765228
2+400,96,-4.850765228
2+400,97,-4.850765228
2+400,98,-4.850765228
2+400,99,-4.850765228
2+400,100,-4.804679394
2+400,101,-4.804679394
2+400,102,-4.804679394
2+400,103,-4.804679394
2+400,104,-4.804679394
2+400,105,-4.804679394
2+400,106,-4.720636368
2+400,107,-4.720636368
2+400,108,-4.720636368
2+400,109,-4.720636368
2+400,110,-4.720636368
2+400,111,-4.720636368
2+400,112,-4.720636368
2+400,113,-4.720636368
2+400,114,-4.720636368
2+400,115,-4.720636368
2+400,116,-4.720636368
2+400,117,-4.720636368
2+400,118,-4.633696079
2+400,119,-4.633696079
2+400,120,-4.578055859
2+400,121,-4.578055859
2+400,122,-4.578055859
2+400,123,-4.578055859
2+400,124,-4.578055859
2+400,125,-4.578055859
2+400,126,-4.578055859
2+400,127,-4.578055859
2+400,128,-4.578055859
2+400,129,-4.483912468
2+400,130,-4.483912468
2+400,131,-4.483912468
2+400,132,-4.483912468
2+400,133,-4.483912468
2+400,134,-4.483912468
2+400,135,-4.483912468
2+400,136,-4.483912468
2+400,137,-4.483912468
2+400,138,-4.483912468
2+400,139,-4.483912468
2+400,140,-4.4221735
2+400,141,-4.323098183
2+400,142,-4.323098183
2+400,143,-4.323098183
2+400,144,-4.323098183
2+400,145,-4.323098183
2+400,146,-4.323098183
2+400,147,-4.323098183
2+400,148,-4.323098183
2+400,149,-4.323098183
2+400,150,-4.323098183
2+400,151,-4.323098183
2+400,152,-4.225061417
2+400,153,-4.225061417
2+400,154,-4.225061417
2+400,155,-4.225061417
2+400,156,-4.225061417
2+400,157,-4.225061417
2+400,158,-4.225061417
2+400,159,-4.225061417
2+400,160,-4.15425396
2+400,161,-4.15425396
2+400,162,-4.15425396
2+400,163,-4.15425396
2+400,164,-4.056420326
2+400,165,-4.056420326
2+400,166,-4.056420326
2+400,167,-4.056420326
2+400,168,-4.056420326
2+400,169,-4.056420326
2+400,170,-4.056420326
2+400,171,-4.056420326
2+400,172,-4.056420326
2+400,173,-4.056420326
2+400,174,-4.056420326
2+400,175,-3.960756063
2+400,176,-3.960756063
2+400,177,-3.960756063
2+400,178,-3.960756063
2+400,179,-3.960756063
2+400,180,-3.960756063
2+400,181,-3.885792017
2+400,182,-3.885792017
2+400,183,-3.885792017
2+400,184,-3.885792017
2+400,185,-3.885792017
2+400,186,-3.790149689
2+400,187,-3.790149689
2+400,188,-3.790149689
2+400,189,-3.790149689
2+400,190,-3.790149689
2+400,191,-3.790149689
2+400,192,-3.790149689
2+400,193,-3.790149689
2+400,194,-3.790149689
2+400,195,-3.790149689
2+400,196,-3.790149689
2+400,197,-3.790149689
2+400,198,-3.693390369
2+400,199,-3.693390369
2+400,200,-3.693390369
2+400,201,-3.620942116
2+400,202,-3.620942116
2+400,203,-3.620942116
2+400,204,-3.620942116
2+400,205,-3.620942116
2+400,206,-3.620942116
2+400,207,-3.620942116
2+400,208,-3.620942116
2+400,209,-3.522574425
2+400,210,-3.522574425
2+400,211,-3.522574425
2+400,212,-3.522574425
2+400,213,-3.522574425
2+400,214,-3.522574425
2+400,215,-3.522574425
2+400,216,-3.522574425
2+400,217,-3.522574425
2+400,218,-3.522574425
2+400,219,-3.522574425
2+400,220,-3.522574425
2+400,221,-3.367967129
2+400,222,-3.367967129
2+400,223,-3.367967129
2+400,224,-3.367967129
2+400,225,-3.367967129
2+400,226,-3.367967129
2+400,227,-3.367967129
2+400,228,-3.367967129
2+400,229,-3.367967129
2+400,230,-3.367967129
2+400,231,-3.367967129
2+400,232,-3.283877373
2+400,233,-3.283877373
2+400,234,-3.283877373
2+400,235,-3.283877373
2+400,236,-3.283877373
2+400,237,-3.283877373
2+400,238,-3.283877373
2+400,239,-3.283877373
2+400,240,-3.283877373
2+400,241,-3.283877373
2+400,242,-3.254053116
2+400,243,-3.254053116
2+400,244,-3.202717781
2+400,245,-3.202717781
2+400,246,-3.202717781
2+400,247,-3.202717781
2+400,248,-3.202717781
2+400,249,-3.202717781
2+400,250,-3.202717781
2+400,251,-3.202717781
2+400,252,-3.202717781
2+400,253,-3.202717781
2+400,254,-3.202717781
2+400,255,-3.198668718
2+400,256,-3.198668718
2+400,257,-3.198668718
2+400,258,-3.198668718
2+400,259,-3.198668718
2+400,260,-3.198668718
2+400,261,-3.198668718
2+400,262,-3.187459469
2+400,263,-3.187459469
2+400,264,-3.187459469
2+400,265,-3.187459469
2+400,266,-3.187459469
2+400,267,-3.126384735
2+400,268,-3.126384735
2+400,269,-3.126384735
2+400,270,-3.126384735
2+400,271,-3.126384735
2+400,272,-3.126384735
2+400,273,-3.126384735
2+400,274,-3.126384735
2+400,275,-3.126384735
2+400,276,-3.126384735
2+400,277,-3.126384735
2+400,278,-3.052131653
2+400,279,-3.052131653
2+400,280,-3.052131653
2+400,281,-3.052131653
2+400,282,-2.995263577
2+400,283,-2.995263577
2+400,284,-2.995263577
2+400,285,-2.995263577
2+400,286,-2.995263577
2+400,287,-2.995263577
2+400,288,-2.995263577
2+400,289,-2.995263577
2+400,290,-2.907624483
2+400,291,-2.907624483
2+400,292,-2.907624483
2+400,293,-2.907624483
2+400,294,-2.907624483
2+400,295,-2.907624483
2+400,296,-2.907624483
2+400,297,-2.907624483
2+400,298,-2.907624483
2+400,299,-2.907624483
2+400,300,-2.907624483
2+400,301,-2.816887856
2+400,302,-2.763447523
2+400,303,-2.763447523
2+400,304,-2.763447523
2+400,305,-2.763447523
2+400,306,-2.763447523
2+400,307,-2.763447523
2+400,308,-2.763447523
2+400,309,-2.763447523
2+400,310,-2.763447523
2+400,311,-2.763447523
2+400,312,-2.763447523
2+400,313,-2.67501688
2+400,314,-2.67501688
2+400,315,-2.67501688
2+400,316,-2.67501688
2+400,317,-2.67501688
2+400,318,-2.67501688
2+400,319,-2.67501688
2+400,320,-2.67501688
2+400,321,-2.67501688
2+400,322,-2.67501688
2+400,323,-2.658110142
2+400,324,-2.573620796
2+400,325,-2.573620796
2+400,326,-2.573620796
2+400,327,-2.573620796
2+400,328,-2.573620796
2+400,329,-2.573620796
2+400,330,-2.573620796
2+400,331,-2.573620796
2+400,332,-2.573620796
2+400,333,-2.573620796
2+400,334,-2.573620796
2+400,335,-2.573620796
2+400,336,-2.593251944
2+400,337,-2.593251944
2+400,338,-2.593251944
2+400,339,-2.593251944
2+400,340,-2.593251944
2+400,341,-2.593251944
2+400,342,-2.593251944
2+400,343,-2.543513775
2+400,344,-2.543513775
2+400,345,-2.543513775
2+400,346,-2.543513775
2+400,347,-2.336444616
2+400,348,-2.336444616
2+400,349,-2.336444616
2+400,350,-2.336444616
2+400,351,-2.336444616
2+400,352,-2.336444616
2+400,353,-2.336444616
2+400,354,-2.336444616
2+400,355,-2.336444616
2+400,356,-2.336444616
2+400,357,-2.336444616
2+400,358,-2.336444616
2+400,359,-2.074018002
2+400,360,-2.074018002
2+400,361,-2.074018002
2+400,362,-2.074018002
2+400,363,-1.950017333
2+400,364,-1.950017333
2+400,365,-1.950017333
2+400,366,-1.950017333
2+400,367,-1.950017333
2+400,368,-1.950017333
2+400,369,-1.950017333
2+400,370,-1.724381208
2+400,371,-1.724381208
2+400,372,-1.724381208
2+400,373,-1.724381208
2+400,374,-1.724381208
2+400,375,-1.724381208
2+400,376,-1.724381208
2+400,377,-1.724381208
2+400,378,-1.724381208
2+400,379,-1.724381208
2+400,380,-1.724381208
2+400,381,-1.724381208
2+400,382,-1.603584886
2+400,383,-1.630580902
2+400,384,-1.630580902
2+400,385,-1.630580902
2+400,386,-1.630580902
2+400,387,-1.630580902
2+400,388,-1.630580902
2+400,389,-1.630580902
2+400,390,-1.630580902
2+400,391,-1.630580902
2+400,392,-1.630580902
2+400,393,-1.616508961
2+400,394,-1.616508961
2+400,395,-1.616508961
2+400,396,-1.616508961
2+400,397,-1.616508961
2+400,398,-1.616508961
2+400,399,-1.616508961
2+400,400,-1.616508961
2+400,401,-1.616508961
2+400,402,-1.616508961
2+400,403,-1.616508961
2+400,404,-1.569485664
2+400,405,-1.565590262
2+400,406,-1.565590262
2+400,407,-1.565590262
2+400,408,-1.565590262
2+400,409,-1.565590262
2+400,410,-1.565590262
2+400,411,-1.565590262
2+400,412,-1.565590262
2+400,413,-1.565590262
2+400,414,-1.565590262
2+400,415,-1.565590262
2+400,416,-1.620915413
2+400,417,-1.620915413
2+400,418,-1.620915413
2+400,419,-1.620915413
2+400,420,-1.620915413
2+400,421,-1.620915413
2+400,422,-1.620915413
2+400,423,-1.620915413
2+400,424,-1.489815474
2+400,425,-1.489815474
2+400,426,-1.489815474
2+400,427,-1.489815474
2+400,428,-1.699523807
2+400,429,-1.699523807
2+400,430,-1.699523807
2+400,431,-1.699523807
2+400,432,-1.699523807
2+400,433,-1.699523807
2+400,434,-1.699523807
2+400,435,-1.699523807
2+400,436,-1.699523807
2+400,437,-1.699523807
2+400,438,-1.699523807
2+400,439,-1.579583049
2+400,440,-1.579583049
2+400,441,-1.579583049
2+400,442,-1.579583049
2+400,443,-1.579583049
2+400,444,-1.201254368
2+400,445,-1.201254368
2+400,446,-1.201254368
2+400,447,-1.201254368
2+400,448,-1.201254368
2+400,449,-1.201254368
2+400,450,-1.201254368
2+400,451,-0.459462404
2+400,452,-0.459462404
2+400,453,-0.459462404
2+400,454,-0.459462404
2+400,455,-0.459462404
2+400,456,-0.459462404
2+400,457,-0.459462404
2+400,458,-0.459462404
2+400,459,-0.459462404
2+400,460,-0.459462404
2+400,461,-0.459462404
2+400,462,0.580367625
2+400,463,0.580367625
2+400,464,0.580367625
2+400,465,1.139987946
2+400,466,1.139987946
2+400,467,1.139987946
2+400,468,1.139987946
2+400,469,1.139987946
2+400,470,1.139987946
2+400,471,1.139987946
2+400,472,1.139987946
2+400,473,1.139987946
2+400,474,2.075988054
2+400,475,2.075988054
2+400,476,2.075988054
2+400,477,2.075988054
2+400,478,2.075988054
2+400,479,2.075988054
2+400,480,2.075988054
2+400,481,2.075988054
2+400,482,2.075988054
2+400,483,2.075988054
2+400,484,2.075988054
2+400,485,2.896864891
2+400,486,2.896864891
2+400,487,2.896864891
2+400,488,2.896864891
2+400,489,2.896864891
2+400,490,2.896864891
2+400,491,2.896864891
2+400,492,2.896864891
2+400,493,2.896864891
2+400,494,2.896864891
2+400,495,2.896864891
2+400,496,2.896864891
2+400,497,3.182731152
2+400,498,3.182731152
2+400,499,3.182731152
2+400,500,3.182731152
2+500,0,3.182731152
2+500,1,3.182731152
2+500,2,3.182731152
2+500,3,3.182731152
2+500,4,3.182731152
2+500,5,3.182731152
2+500,6,3.182731152
2+500,7,3.182731152
2+500,8,3.182731152
2+500,9,3.182731152
2+500,10,3.182731152
2+500,11,3.182731152
2+500,12,3.182731152
2+500,13,3.182731152
2+500,14,3.182731152
2+500,15,3.182731152
2+500,16,3.182731152
2+500,17,3.182731152
2+500,18,3.182731152
2+500,19,3.182731152
2+500,20,3.182731152
2+500,21,3.182731152
2+500,22,3.182731152
2+500,23,3.182731152
2+500,24,3.182731152
2+500,25,3.182731152
2+500,26,3.182731152
2+500,27,3.182731152
2+500,28,3.182731152
2+500,29,3.182731152
2+500,30,3.182731152
2+500,31,3.182731152
2+500,32,3.182731152
2+500,33,3.182731152
2+500,34,3.182731152
2+500,35,3.182731152
2+500,36,3.182731152
2+500,37,3.182731152
2+500,38,3.182731152
2+500,39,3.182731152
2+500,40,3.182731152
2+500,41,3.182731152
2+500,42,3.182731152
2+500,43,3.182731152
2+500,44,3.182731152
2+500,45,3.182731152
2+500,46,3.182731152
2+500,47,3.182731152
2+500,48,3.182731152
2+500,49,3.182731152
2+500,50,3.182731152
2+500,51,3.182731152
2+500,52,3.182731152
2+500,53,-5.200811386
2+500,54,-5.200811386
2+500,55,-5.200811386
2+500,56,-5.200811386
2+500,57,-5.200811386
2+500,58,-5.200811386
2+500,59,-5.200811386
2+500,60,-5.200811386
2+500,61,-5.119635105
2+500,62,-5.119635105
2+500,63,-5.119635105
2+500,64,-5.119635105
2+500,65,-5.119635105
2+500,66,-5.119635105
2+500,67,-5.119635105
2+500,68,-5.119635105
2+500,69,-5.119635105
2+500,70,-5.119635105
2+500,71,-5.119635105
2+500,72,-5.035474777
2+500,73,-5.002274036
2+500,74,-5.002274036
2+500,75,-5.002274036
2+500,76,-5.002274036
2+500,77,-5.002274036
2+500,78,-5.002274036
2+500,79,-5.002274036
2+500,80,-5.002274036
2+500,81,-5.002274036
2+500,82,-5.002274036
2+500,83,-5.002274036
2+500,84,-4.915143013
2+500,85,-4.915143013
2+500,86,-4.915143013
2+500,87,-4.915143013
2+500,88,-4.915143013
2+500,89,-4.915143013
2+500,90,-4.915143013
2+500,91,-4.915143013
2+500,92,-4.915143013
2+500,93,-4.873950005
2+500,94,-4.873950005
2+500,95,-4.781241417
2+500,96,-4.781241417
2+500,97,-4.781241417
2+500,98,-4.781241417
2+500,99,-4.781241417
2+500,100,-4.781241417
2+500,101,-4.781241417
2+500,102,-4.781241417
2+500,103,-4.781241417
2+500,104,-4.781241417
2+500,105,-4.781241417
2+500,106,-4.781241417
2+500,107,-4.683460712
2+500,108,-4.683460712
2+500,109,-4.683460712
2+500,110,-4.683460712
2+500,111,-4.683460712
2+500,112,-4.683460712
2+500,113,-4.637192726
2+500,114,-4.637192726
2+500,115,-4.637192726
2+500,116,-4.637192726
2+500,117,-4.637192726
2+500,118,-4.533443451
2+500,119,-4.533443451
2+500,120,-4.533443451
2+500,121,-4.533443451
2+500,122,-4.533443451
2+500,123,-4.533443451
2+500,124,-4.533443451
2+500,125,-4.533443451
2+500,126,-4.533443451
2+500,127,-4.533443451
2+500,128,-4.533443451
2+500,129,-4.533443451
2+500,130,-4.426172256
2+500,131,-4.426172256
2+500,132,-4.426172256
2+500,133,-4.426172256
2+500,134,-4.378346443
2+500,135,-4.378346443
2+500,136,-4.378346443
2+500,137,-4.378346443
2+500,138,-4.378346443
2+500,139,-4.378346443
2+500,140,-4.378346443
2+500,141,-4.267794609
2+500,142,-4.267794609
2+500,143,-4.267794609
2+500,144,-4.267794609
2+500,145,-4.267794609
2+500,146,-4.267794609
2+500,147,-4.267794609
2+500,148,-4.267794609
2+500,149,-4.267794609
2+500,150,-4.267794609
2+500,151,-4.267794609
2+500,152,-4.267794609
2+500,153,-4.155920982
2+500,154,-4.111926079
2+500,155,-4.111926079
2+500,156,-4.111926079
2+500,157,-4.111926079
2+500,158,-4.111926079
2+500,159,-4.111926079
2+500,160,-4.111926079
2+500,161,-4.111926079
2+500,162,-4.111926079
2+500,163,-4.111926079
2+500,164,-3.999613047
2+500,165,-3.999613047
2+500,166,-3.999613047
2+500,167,-3.999613047
2+500,168,-3.999613047
2+500,169,-3.999613047
2+500,170,-3.999613047
2+500,171,-3.999613047
2+500,172,-3.999613047
2+500,173,-3.999613047
2+500,174,-3.963198423
2+500,175,-3.963198423
2+500,176,-3.852184534
2+500,177,-3.852184534
2+500,178,-3.852184534
2+500,179,-3.852184534
2+500,180,-3.852184534
2+500,181,-3.852184534
2+500,182,-3.852184534
2+500,183,-3.852184534
2+500,184,-3.852184534
2+500,185,-3.852184534
2+500,186,-3.852184534
2+500,187,-3.743126869
2+500,188,-3.743126869
2+500,189,-3.743126869
2+500,190,-3.743126869
2+500,191,-3.743126869
2+500,192,-3.743126869
2+500,193,-3.743126869
2+500,194,-3.716668606
2+500,195,-3.716668606
2+500,196,-3.716668606
2+500,197,-3.716668606
2+500,198,-3.716668606
2+500,199,-3.612351656
2+500,200,-3.612351656
2+500,201,-3.612351656
2+500,202,-3.612351656
2+500,203,-3.612351656
2+500,204,-3.612351656
2+500,205,-3.612351656
2+500,206,-3.612351656
2+500,207,-3.612351656
2+500,208,-3.612351656
2+500,209,-3.612351656
2+500,210,-3.513788462
2+500,211,-3.513788462
2+500,212,-3.513788462
2+500,213,-3.513788462
2+500,214,-3.513788462
2+500,215,-3.497795582
2+500,216,-3.497795582
2+500,217,-3.497795582
2+500,218,-3.497795582
2+500,219,-3.497795582
2+500,220,-3.497795582
2+500,221,-3.497795582
2+500,222,-3.407226086
2+500,223,-3.407226086
2+500,224,-3.407226086
2+500,225,-3.407226086
2+500,226,-3.407226086
2+500,227,-3.407226086
2+500,228,-3.407226086
2+500,229,-3.407226086
2+500,230,-3.407226086
2+500,231,-3.407226086
2+500,232,-3.407226086
2+500,233,-3.324329853
2+500,234,-3.324329853
2+500,235,-3.318442822
2+500,236,-3.318442822
2+500,237,-3.318442822
2+500,238,-3.318442822
2+500,239,-3.318442822
2+500,240,-3.318442822
2+500,241,-3.318442822
2+500,242,-3.318442822
2+500,243,-3.318442822
2+500,244,-3.318442822
2+500,245,-3.242931843
2+500,246,-3.242931843
2+500,247,-3.242931843
2+500,248,-3.242931843
2+500,249,-3.242931843
2+500,250,-3.242931843
2+500,251,-3.242931843
2+500,252,-3.242931843
2+500,253,-3.242931843
2+500,254,-3.242931843
2+500,255,-3.253308773
2+500,256,-3.201023817
2+500,257,-3.201023817
2+500,258,-3.201023817
2+500,259,-3.201023817
2+500,260,-3.201023817
2+500,261,-3.201023817
2+500,262,-3.201023817
2+500,263,-3.201023817
2+500,264,-3.201023817
2+500,265,-3.201023817
2+500,266,-3.201023817
2+500,267,-3.201023817
2+500,268,-3.195133686
2+500,269,-3.195133686
2+500,270,-3.195133686
2+500,271,-3.195133686
2+500,272,-3.195133686
2+500,273,-3.195133686
2+500,274,-3.195133686
2+500,275,-3.195133686
2+500,276,-3.151277781
2+500,277,-3.151277781
2+500,278,-3.151277781
2+500,279,-3.096391678
2+500,280,-3.096391678
2+500,281,-3.096391678
2+500,282,-3.096391678
2+500,283,-3.096391678
2+500,284,-3.096391678
2+500,285,-3.096391678
2+500,286,-3.096391678
2+500,287,-3.096391678
2+500,288,-3.096391678
2+500,289,-3.096391678
2+500,290,-3.096391678
2+500,291,-3.035703659
2+500,292,-3.035703659
2+500,293,-3.035703659
2+500,294,-3.035703659
2+500,295,-3.035703659
2+500,296,-2.969153643
2+500,297,-2.969153643
2+500,298,-2.969153643
2+500,299,-2.969153643
2+500,300,-2.969153643
2+500,301,-2.969153643
2+500,302,-2.910544395
2+500,303,-2.910544395
2+500,304,-2.910544395
2+500,305,-2.910544395
2+500,306,-2.910544395
2+500,307,-2.910544395
2+500,308,-2.910544395
2+500,309,-2.910544395
2+500,310,-2.910544395
2+500,311,-2.910544395
2+500,312,-2.910544395
2+500,313,-2.910544395
2+500,314,-2.874970675
2+500,315,-2.874970675
2+500,316,-2.778120279
2+500,317,-2.778120279
2+500,318,-2.778120279
2+500,319,-2.778120279
2+500,320,-2.778120279
2+500,321,-2.778120279
2+500,322,-2.778120279
2+500,323,-2.778120279
2+500,324,-2.778120279
2+500,325,-2.767160177
2+500,326,-2.767160177
2+500,327,-2.767160177
2+500,328,-2.767160177
2+500,329,-2.767160177
2+500,330,-2.767160177
2+500,331,-2.767160177
2+500,332,-2.767160177
2+500,333,-2.767160177
2+500,334,-2.767160177
2+500,335,-2.767160177
2+500,336,-2.667274714
2+500,337,-2.667274714
2+500,338,-2.667274714
2+500,339,-2.667274714
2+500,340,-2.667274714
2+500,341,-2.667274714
2+500,342,-2.667274714
2+500,343,-2.667274714
2+500,344,-2.667274714
2+500,345,-2.667274714
2+500,346,-2.667274714
2+500,347,-2.667274714
2+500,348,-2.532198906
2+500,349,-2.532198906
2+500,350,-2.532198906
2+500,351,-2.532198906
2+500,352,-2.532198906
2+500,353,-2.532198906
2+500,354,-2.532198906
2+500,355,-2.532198906
2+500,356,-2.532198906
2+500,357,-2.576921701
2+500,358,-2.576921701
2+500,359,-2.347302675
2+500,360,-2.347302675
2+500,361,-2.347302675
2+500,362,-2.347302675
2+500,363,-2.347302675
2+500,364,-2.347302675
2+500,365,-2.347302675
2+500,366,-2.347302675
2+500,367,-2.347302675
2+500,368,-2.347302675
2+500,369,-2.347302675
2+500,370,-2.347302675
2+500,371,-1.926363707
2+500,372,-1.926363707
2+500,373,-1.926363707
2+500,374,-1.926363707
2+500,375,-1.926363707
2+500,376,-1.926363707
2+500,377,-2.117421627
2+500,378,-2.117421627
2+500,379,-2.117421627
2+500,380,-2.117421627
2+500,381,-2.117421627
2+500,382,-1.539908051
2+500,383,-1.539908051
2+500,384,-1.539908051
2+500,385,-1.539908051
2+500,386,-1.539908051
2+500,387,-1.539908051
2+500,388,-1.539908051
2+500,389,-1.539908051
2+500,390,-1.539908051
2+500,391,-1.539908051
2+500,392,-1.539908051
2+500,393,-1.539908051
2+500,394,-1.487447023
2+500,395,-1.487447023
2+500,396,-1.487447023
2+500,397,-1.817958593
2+500,398,-1.817958593
2+500,399,-1.817958593
2+500,400,-1.817958593
2+500,401,-1.817958593
2+500,402,-1.817958593
2+500,403,-1.817958593
2+500,404,-1.817958593
2+500,405,-1.819224
2+500,406,-1.819224
2+500,407,-1.819224
2+500,408,-1.819224
2+500,409,-1.819224
2+500,410,-1.819224
2+500,411,-1.819224
2+500,412,-1.819224
2+500,413,-1.819224
2+500,414,-1.819224
2+500,415,-1.819224
2+500,416,-1.819224
2+500,417,-2.163463831
2+500,418,-2.163463831
2+500,419,-2.163463831
2+500,420,-2.163463831
2+500,421,-2.163463831
2+500,422,-2.163463831
2+500,423,-2.163463831
2+500,424,-2.163463831
2+500,425,-2.163463831
2+500,426,-2.163463831
2+500,427,-2.163463831
2+500,428,-2.191725731
2+500,429,-2.191725731
2+500,430,-2.191725731
2+500,431,-2.191725731
2+500,432,-2.191725731
2+500,433,-2.191725731
2+500,434,-2.191725731
2+500,435,-2.191725731
2+500,436,-2.191725731
2+500,437,-2.191725731
2+500,438,-1.96683228
2+500,439,-1.96683228
2+500,440,-1.71010375
2+500,441,-1.71010375
2+500,442,-1.71010375
2+500,443,-1.71010375
2+500,444,-1.71010375
2+500,445,-1.71010375
2+500,446,-1.71010375
2+500,447,-1.71010375
2+500,448,-1.71010375
2+500,449,-1.71010375
2+500,450,-1.71010375
2+500,451,-1.271279335
2+500,452,-1.271279335
2+500,453,-1.271279335
2+500,454,-1.271279335
2+500,455,-1.271279335
2+500,456,-1.271279335
2+500,457,-1.271279335
2+500,458,-0.785240769
2+500,459,-0.785240769
2+500,460,-0.785240769
2+500,461,-0.785240769
2+500,462,-0.785240769
2+500,463,0.045049623
2+500,464,0.045049623
2+500,465,0.045049623
2+500,466,0.045049623
2+500,467,0.045049623
2+500,468,0.045049623
2+500,469,0.045049623
2+500,470,0.045049623
2+500,471,0.045049623
2+500,472,0.045049623
2+500,473,0.045049623
2+500,474,0.984860182
2+500,475,0.984860182
2+500,476,0.984860182
2+500,477,0.984860182
2+500,478,1.496150255
2+500,479,1.496150255
2+500,480,1.496150255
2+500,481,1.496150255
2+500,482,1.496150255
2+500,483,1.496150255
2+500,484,1.496150255
2+500,485,1.496150255
2+500,486,2.227910757
2+500,487,2.227910757
2+500,488,2.227910757
2+500,489,2.227910757
2+500,490,2.227910757
2+500,491,2.227910757
2+500,492,2.227910757
2+500,493,2.227910757
2+500,494,2.227910757
2+500,495,2.227910757
2+500,496,2.227910757
2+500,497,2.729594231
2+500,498,2.949718475
2+500,499,2.949718475
2+500,500,2.949718475
2+600,0,2.949718475
2+600,1,2.949718475
2+600,2,2.949718475
2+600,3,2.949718475
2+600,4,2.949718475
2+600,5,2.949718475
2+600,6,2.949718475
2+600,7,2.949718475
2+600,8,2.949718475
2+600,9,2.949718475
2+600,10,2.949718475
2+600,11,2.949718475
2+600,12,2.949718475
2+600,13,2.949718475
2+600,14,2.949718475
2+600,15,2.949718475
2+600,16,2.949718475
2+600,17,2.949718475
2+600,18,2.949718475
2+600,19,2.949718475
2+600,20,2.949718475
2+600,21,2.949718475
2+600,22,2.949718475
2+600,23,2.949718475
2+600,24,2.949718475
2+600,25,2.949718475
2+600,26,2.949718475
2+600,27,2.949718475
2+600,28,2.949718475
2+600,29,2.949718475
2+600,30,2.949718475
2+600,31,2.949718475
2+600,32,2.949718475
2+600,33,2.949718475
2+600,34,2.949718475
2+600,35,2.949718475
2+600,36,2.949718475
2+600,37,2.949718475
2+600,38,2.949718475
2+600,39,2.949718475
2+600,40,2.949718475
2+600,41,2.949718475
2+600,42,2.949718475
2+600,43,2.949718475
2+600,44,2.949718475
2+600,45,2.949718475
2+600,46,2.949718475
2+600,47,2.949718475
2+600,48,2.949718475
2+600,49,2.949718475
2+600,50,-5.022173882
2+600,51,-5.022173882
2+600,52,-5.022173882
2+600,53,-5.022173882
2+600,54,-5.022173882
2+600,55,-5.022173882
2+600,56,-5.022173882
2+600,57,-5.022173882
2+600,58,-5.022173882
2+600,59,-5.022173882
2+600,60,-5.022173882
2+600,61,-5.022173882
2+600,62,-4.968257427
2+600,63,-4.968257427
2+600,64,-4.968257427
2+600,65,-4.968257427
2+600,66,-4.934791088
2+600,67,-4.934791088
2+600,68,-4.934791088
2+600,69,-4.934791088
2+600,70,-4.934791088
2+600,71,-4.934791088
2+600,72,-4.934791088
2+600,73,-4.869320869
2+600,74,-4.869320869
2+600,75,-4.869320869
2+600,76,-4.869320869
2+600,77,-4.869320869
2+600,78,-4.869320869
2+600,79,-4.869320869
2+600,80,-4.869320869
2+600,81,-4.869320869
2+600,82,-4.869320869
2+600,83,-4.869320869
2+600,84,-4.869320869
2+600,85,-4.798514366
2+600,86,-4.76086235
2+600,87,-4.76086235
2+600,88,-4.76086235
2+600,89,-4.76086235
2+600,90,-4.76086235
2+600,91,-4.76086235
2+600,92,-4.76086235
2+600,93,-4.76086235
2+600,94,-4.76086235
2+600,95,-4.76086235
2+600,96,-4.686688423
2+600,97,-4.686688423
2+600,98,-4.686688423
2+600,99,-4.686688423
2+600,100,-4.686688423
2+600,101,-4.686688423
2+600,102,-4.686688423
2+600,103,-4.686688423
2+600,104,-4.686688423
2+600,105,-4.686688423
2+600,106,-4.686688423
2+600,107,-4.647696495
2+600,108,-4.572309494
2+600,109,-4.572309494
2+600,110,-4.572309494
2+600,111,-4.572309494
2+600,112,-4.572309494
2+600,113,-4.572309494
2+600,114,-4.572309494
2+600,115,-4.572309494
2+600,116,-4.572309494
2+600,117,-4.572309494
2+600,118,-4.572309494
2+600,119,-4.497870445
2+600,120,-4.497870445
2+600,121,-4.497870445
2+600,122,-4.497870445
2+600,123,-4.497870445
2+600,124,-4.497870445
2+600,125,-4.497870445
2+600,126,-4.497870445
2+600,127,-4.454274654
2+600,128,-4.454274654
2+600,129,-4.454274654
2+600,130,-4.454274654
2+600,131,-4.378207684
2+600,132,-4.378207684
2+600,133,-4.378207684
2+600,134,-4.378207684
2+600,135,-4.378207684
2+600,136,-4.378207684
2+600,137,-4.378207684
2+600,138,-4.378207684
2+600,139,-4.378207684
2+600,140,-4.378207684
2+600,141,-4.378207684
2+600,142,-4.301577568
2+600,143,-4.301577568
2+600,144,-4.301577568
2+600,145,-4.301577568
2+600,146,-4.301577568
2+600,147,-4.249970436
2+600,148,-4.249970436
2+600,149,-4.249970436
2+600,150,-4.249970436
2+600,151,-4.249970436
2+600,152,-4.249970436
2+600,153,-4.16947031
2+600,154,-4.16947031
2+600,155,-4.16947031
2+600,156,-4.16947031
2+600,157,-4.16947031
2+600,158,-4.16947031
2+600,159,-4.16947031
2+600,160,-4.16947031
2+600,161,-4.16947031
2+600,162,-4.16947031
2+600,163,-4.16947031
2+600,164,-4.16947031
2+600,165,-4.087660789
2+600,166,-4.087660789
2+600,167,-4.087660789
2+600,168,-4.027088165
2+600,169,-4.027088165
2+600,170,-4.027088165
2+600,171,-4.027088165
2+600,172,-4.027088165
2+600,173,-4.027088165
2+600,174,-4.027088165
2+600,175,-4.027088165
2+600,176,-3.943019867
2+600,177,-3.943019867
2+600,178,-3.943019867
2+600,179,-3.943019867
2+600,180,-3.943019867
2+600,181,-3.943019867
2+600,182,-3.943019867
2+600,183,-3.943019867
2+600,184,-3.943019867
2+600,185,-3.943019867
2+600,186,-3.943019867
2+600,187,-3.943019867
2+600,188,-3.793453693
2+600,189,-3.793453693
2+600,190,-3.793453693
2+600,191,-3.793453693
2+600,192,-3.793453693
2+600,193,-3.793453693
2+600,194,-3.793453693
2+600,195,-3.793453693
2+600,196,-3.793453693
2+600,197,-3.793453693
2+600,198,-3.793453693
2+600,199,-3.71209383
2+600,200,-3.71209383
2+600,201,-3.71209383
2+600,202,-3.71209383
2+600,203,-3.71209383
2+600,204,-3.71209383
2+600,205,-3.71209383
2+600,206,-3.71209383
2+600,207,-3.71209383
2+600,208,-3.644008636
2+600,209,-3.644008636
2+600,210,-3.644008636
2+600,211,-3.566869259
2+600,212,-3.566869259
2+600,213,-3.566869259
2+600,214,-3.566869259
2+600,215,-3.566869259
2+600,216,-3.566869259
2+600,217,-3.566869259
2+600,218,-3.566869259
2+600,219,-3.566869259
2+600,220,-3.566869259
2+600,221,-3.566869259
2+600,222,-3.493424416
2+600,223,-3.493424416
2+600,224,-3.493424416
2+600,225,-3.493424416
2+600,226,-3.493424416
2+600,227,-3.493424416
2+600,228,-3.430107594
2+600,229,-3.430107594
2+600,230,-3.430107594
2+600,231,-3.430107594
2+600,232,-3.430107594
2+600,233,-3.430107594
2+600,234,-3.364282608
2+600,235,-3.364282608
2+600,236,-3.364282608
2+600,237,-3.364282608
2+600,238,-3.364282608
2+600,239,-3.364282608
2+600,240,-3.364282608
2+600,241,-3.364282608
2+600,242,-3.364282608
2+600,243,-3.364282608
2+600,244,-3.364282608
2+600,245,-3.3042202
2+600,246,-3.3042202
2+600,247,-3.3042202
2+600,248,-3.3042202
2+600,249,-3.25807333
2+600,250,-3.25807333
2+600,251,-3.25807333
2+600,252,-3.25807333
2+600,253,-3.25807333
2+600,254,-3.25807333
2+600,255,-3.25807333
2+600,256,-3.25807333
2+600,257,-3.213165283
2+600,258,-3.213165283
2+600,259,-3.213165283
2+600,260,-3.213165283
2+600,261,-3.213165283
2+600,262,-3.213165283
2+600,263,-3.213165283
2+600,264,-3.213165283
2+600,265,-3.213165283
2+600,266,-3.213165283
2+600,267,-3.213165283
2+600,268,-3.177354336
2+600,269,-3.197857618
2+600,270,-3.197857618
2+600,271,-3.197857618
2+600,272,-3.197857618
2+600,273,-3.197857618
2+600,274,-3.197857618
2+600,275,-3.197857618
2+600,276,-3.197857618
2+600,277,-3.197857618
2+600,278,-3.197857618
2+600,279,-3.197857618
2+600,280,-3.171246052
2+600,281,-3.171246052
2+600,282,-3.171246052
2+600,283,-3.171246052
2+600,284,-3.171246052
2+600,285,-3.171246052
2+600,286,-3.171246052
2+600,287,-3.171246052
2+600,288,-3.171246052
2+600,289,-3.150403023
2+600,290,-3.150403023
2+600,291,-3.110123634
2+600,292,-3.110123634
2+600,293,-3.110123634
2+600,294,-3.110123634
2+600,295,-3.110123634
2+600,296,-3.110123634
2+600,297,-3.110123634
2+600,298,-3.110123634
2+600,299,-3.110123634
2+600,300,-3.110123634
2+600,301,-3.110123634
2+600,302,-3.110123634
2+600,303,-3.05946207
2+600,304,-3.05946207
2+600,305,-3.05946207
2+600,306,-3.05946207
2+600,307,-3.05946207
2+600,308,-3.05946207
2+600,309,-2.98893714
2+600,310,-2.98893714
2+600,311,-2.98893714
2+600,312,-2.98893714
2+600,313,-2.98893714
2+600,314,-2.90032959
2+600,315,-2.90032959
2+600,316,-2.90032959
2+600,317,-2.90032959
2+600,318,-2.90032959
2+600,319,-2.90032959
2+600,320,-2.90032959
2+600,321,-2.90032959
2+600,322,-2.90032959
2+600,323,-2.90032959
2+600,324,-2.90032959
2+600,325,-2.90032959
2+600,326,-2.777011633
2+600,327,-2.777011633
2+600,328,-2.777011633
2+600,329,-2.777011633
2+600,330,-2.644747972
2+600,331,-2.644747972
2+600,332,-2.644747972
2+600,333,-2.644747972
2+600,334,-2.644747972
2+600,335,-2.644747972
2+600,336,-2.644747972
2+600,337,-2.4834373
2+600,338,-2.4834373
2+600,339,-2.4834373
2+600,340,-2.4834373
2+600,341,-2.4834373
2+600,342,-2.4834373
2+600,343,-2.4834373
2+600,344,-2.4834373
2+600,345,-2.4834373
2+600,346,-2.4834373
2+600,347,-2.4834373
2+600,348,-2.4834373
2+600,349,-2.31846571
2+600,350,-2.155070782
2+600,351,-2.155070782
2+600,352,-2.155070782
2+600,353,-2.155070782
2+600,354,-2.155070782
2+600,355,-2.155070782
2+600,356,-2.155070782
2+600,357,-2.155070782
2+600,358,-2.155070782
2+600,359,-2.155070782
2+600,360,-2.001078129
2+600,361,-2.001078129
2+600,362,-2.001078129
2+600,363,-2.001078129
2+600,364,-2.001078129
2+600,365,-2.001078129
2+600,366,-2.001078129
2+600,367,-2.001078129
2+600,368,-2.001078129
2+600,369,-2.001078129
2+600,370,-1.863189936
2+600,371,-1.863189936
2+600,372,-1.775093555
2+600,373,-1.775093555
2+600,374,-1.775093555
2+600,375,-1.775093555
2+600,376,-1.775093555
2+600,377,-1.775093555
2+600,378,-1.775093555
2+600,379,-1.775093555
2+600,380,-1.775093555
2+600,381,-1.775093555
2+600,382,-1.775093555
2+600,383,-1.722536683
2+600,384,-1.722536683
2+600,385,-1.722536683
2+600,386,-1.722536683
2+600,387,-1.722536683
2+600,388,-1.722536683
2+600,389,-1.722536683
2+600,390,-1.722536683
2+600,391,-1.697998762
2+600,392,-1.697998762
2+600,393,-1.697998762
2+600,394,-1.697998762
2+600,395,-1.728385925
2+600,396,-1.728385925
2+600,397,-1.728385925
2+600,398,-1.728385925
2+600,399,-1.728385925
2+600,400,-1.728385925
2+600,401,-1.728385925
2+600,402,-1.728385925
2+600,403,-1.728385925
2+600,404,-1.728385925
2+600,405,-1.728385925
2+600,406,-1.794110298
2+600,407,-1.794110298
2+600,408,-1.794110298
2+600,409,-1.794110298
2+600,410,-1.794110298
2+600,411,-1.722017527
2+600,412,-1.722017527
2+600,413,-1.722017527
2+600,414,-1.722017527
2+600,415,-1.722017527
2+600,416,-1.722017527
2+600,417,-1.722017527
2+600,418,-1.709521055
2+600,419,-1.709521055
2+600,420,-1.709521055
2+600,421,-1.709521055
2+600,422,-1.709521055
2+600,423,-1.709521055
2+600,424,-1.709521055
2+600,425,-1.709521055
2+600,426,-1.709521055
2+600,427,-1.709521055
2+600,428,-1.709521055
2+600,429,-1.611549854
2+600,430,-1.611549854
2+600,431,-1.675771236
2+600,432,-1.675771236
2+600,433,-1.675771236
2+600,434,-1.675771236
2+600,435,-1.675771236
2+600,436,-1.675771236
2+600,437,-1.675771236
2+600,438,-1.675771236
2+600,439,-1.675771236
2+600,440,-1.675771236
2+600,441,-1.522006869
2+600,442,-1.522006869
2+600,443,-1.522006869
2+600,444,-1.522006869
2+600,445,-1.522006869
2+600,446,-1.522006869
2+600,447,-1.522006869
2+600,448,-1.522006869
2+600,449,-1.522006869
2+600,450,-1.522006869
2+600,451,-1.634833574
2+600,452,-1.479586244
2+600,453,-1.479586244
2+600,454,-1.479586244
2+600,455,-1.479586244
2+600,456,-1.479586244
2+600,457,-1.479586244
2+600,458,-1.479586244
2+600,459,-1.479586244
2+600,460,-1.479586244
2+600,461,-1.479586244
2+600,462,-1.479586244
2+600,463,-1.479586244
2+600,464,-0.702155709
2+600,465,-0.702155709
2+600,466,-0.702155709
2+600,467,-0.702155709
2+600,468,-0.702155709
2+600,469,-0.702155709
2+600,470,-0.702155709
2+600,471,-0.702155709
2+600,472,-0.408228457
2+600,473,-0.408228457
2+600,474,-0.408228457
2+600,475,0.528919339
2+600,476,0.528919339
2+600,477,0.528919339
2+600,478,0.528919339
2+600,479,0.528919339
2+600,480,0.528919339
2+600,481,0.528919339
2+600,482,0.528919339
2+600,483,0.528919339
2+600,484,0.528919339
2+600,485,0.528919339
2+600,486,1.221884489
2+600,487,1.221884489
2+600,488,1.221884489
2+600,489,1.221884489
2+600,490,1.221884489
2+600,491,1.221884489
2+600,492,1.475545645
2+600,493,1.475545645
2+600,494,1.475545645
2+600,495,1.475545645
2+600,496,1.475545645
2+600,497,1.475545645
2+600,498,1.775952816
2+600,499,1.775952816
2+600,500,1.775952816
2+700,0,1.775952816
2+700,1,1.775952816
2+700,2,1.775952816
2+700,3,1.775952816
2+700,4,1.775952816
2+700,5,1.775952816
2+700,6,1.775952816
2+700,7,1.775952816
2+700,8,1.775952816
2+700,9,1.775952816
2+700,10,1.775952816
2+700,11,1.775952816
2+700,12,1.775952816
2+700,13,1.775952816
2+700,14,1.775952816
2+700,15,1.775952816
2+700,16,1.775952816
2+700,17,1.775952816
2+700,18,1.775952816
2+700,19,1.775952816
2+700,20,1.775952816
2+700,21,1.775952816
2+700,22,1.775952816
2+700,23,1.775952816
2+700,24,1.775952816
2+700,25,1.775952816
2+700,26,1.775952816
2+700,27,1.775952816
2+700,28,1.775952816
2+700,29,1.775952816
2+700,30,1.775952816
2+700,31,1.775952816
2+700,32,1.775952816
2+700,33,1.775952816
2+700,34,1.775952816
2+700,35,1.775952816
2+700,36,1.775952816
2+700,37,1.775952816
2+700,38,1.775952816
2+700,39,-4.901967049
2+700,40,-4.901967049
2+700,41,-4.901967049
2+700,42,-4.901967049
2+700,43,-4.901967049
2+700,44,-4.901967049
2+700,45,-4.901967049
2+700,46,-4.901967049
2+700,47,-4.901967049
2+700,48,-4.901967049
2+700,49,-4.901967049
2+700,50,-4.901967049
2+700,51,-4.871243477
2+700,52,-4.871243477
2+700,53,-4.871243477
2+700,54,-4.871243477
2+700,55,-4.871243477
2+700,56,-4.871243477
2+700,57,-4.871243477
2+700,58,-4.871243477
2+700,59,-4.871243477
2+700,60,-4.919511795
2+700,61,-4.919511795
2+700,62,-4.868577957
2+700,63,-4.868577957
2+700,64,-4.868577957
2+700,65,-4.868577957
2+700,66,-4.868577957
2+700,67,-4.868577957
2+700,68,-4.868577957
2+700,69,-4.868577957
2+700,70,-4.868577957
2+700,71,-4.868577957
2+700,72,-4.868577957
2+700,73,-4.868577957
2+700,74,-4.812902451
2+700,75,-4.812902451
2+700,76,-4.812902451
2+700,77,-4.812902451
2+700,78,-4.812902451
2+700,79,-4.812902451
2+700,80,-4.790680885
2+700,81,-4.790680885
2+700,82,-4.790680885
2+700,83,-4.790680885
2+700,84,-4.790680885
2+700,85,-4.724207878
2+700,86,-4.724207878
2+700,87,-4.724207878
2+700,88,-4.724207878
2+700,89,-4.724207878
2+700,90,-4.724207878
2+700,91,-4.724207878
2+700,92,-4.724207878
2+700,93,-4.724207878
2+700,94,-4.724207878
2+700,95,-4.724207878
2+700,96,-4.724207878
2+700,97,-4.655331612
2+700,98,-4.655331612
2+700,99,-4.655331612
2+700,100,-4.621882915
2+700,101,-4.621882915
2+700,102,-4.621882915
2+700,103,-4.621882915
2+700,104,-4.621882915
2+700,105,-4.621882915
2+700,106,-4.621882915
2+700,107,-4.621882915
2+700,108,-4.549199581
2+700,109,-4.549199581
2+700,110,-4.549199581
2+700,111,-4.549199581
2+700,112,-4.549199581
2+700,113,-4.549199581
2+700,114,-4.549199581
2+700,115,-4.549199581
2+700,116,-4.549199581
2+700,117,-4.549199581
2+700,118,-4.549199581
2+700,119,-4.549199581
2+700,120,-4.439043045
2+700,121,-4.439043045
2+700,122,-4.439043045
2+700,123,-4.439043045
2+700,124,-4.439043045
2+700,125,-4.439043045
2+700,126,-4.439043045
2+700,127,-4.439043045
2+700,128,-4.439043045
2+700,129,-4.439043045
2+700,130,-4.439043045
2+700,131,-4.361335754
2+700,132,-4.361335754
2+700,133,-4.361335754
2+700,134,-4.361335754
2+700,135,-4.361335754
2+700,136,-4.361335754
2+700,137,-4.361335754
2+700,138,-4.361335754
2+700,139,-4.361335754
2+700,140,-4.361335754
2+700,141,-4.324500084
2+700,142,-4.324500084
2+700,143,-4.241644382
2+700,144,-4.241644382
2+700,145,-4.241644382
2+700,146,-4.241644382
2+700,147,-4.241644382
2+700,148,-4.241644382
2+700,149,-4.241644382
2+700,150,-4.241644382
2+700,151,-4.241644382
2+700,152,-4.241644382
2+700,153,-4.241644382
2+700,154,-4.154492855
2+700,155,-4.154492855
2+700,156,-4.154492855
2+700,157,-4.154492855
2+700,158,-4.154492855
2+700,159,-4.154492855
2+700,160,-4.154492855
2+700,161,-4.113772392
2+700,162,-4.113772392
2+700,163,-4.113772392
2+700,164,-4.113772392
2+700,165,-4.113772392
2+700,166,-4.019510269
2+700,167,-4.019510269
2+700,168,-4.019510269
2+700,169,-4.019510269
2+700,170,-4.019510269
2+700,171,-4.019510269
2+700,172,-4.019510269
2+700,173,-4.019510269
2+700,174,-4.019510269
2+700,175,-4.019510269
2+700,176,-4.019510269
2+700,177,-3.920972347
2+700,178,-3.920972347
2+700,179,-3.920972347
2+700,180,-3.920972347
2+700,181,-3.876829147
2+700,182,-3.876829147
2+700,183,-3.876829147
2+700,184,-3.876829147
2+700,185,-3.876829147
2+700,186,-3.876829147
2+700,187,-3.876829147
2+700,188,-3.876829147
2+700,189,-3.772514343
2+700,190,-3.772514343
2+700,191,-3.772514343
2+700,192,-3.772514343
2+700,193,-3.772514343
2+700,194,-3.772514343
2+700,195,-3.772514343
2+700,196,-3.772514343
2+700,197,-3.772514343
2+700,198,-3.772514343
2+700,199,-3.772514343
2+700,200,-3.666519165
2+700,201,-3.621423483
2+700,202,-3.621423483
2+700,203,-3.621423483
2+700,204,-3.621423483
2+700,205,-3.621423483
2+700,206,-3.621423483
2+700,207,-3.621423483
2+700,208,-3.621423483
2+700,209,-3.621423483
2+700,210,-3.621423483
2+700,211,-3.621423483
2+700,212,-3.512701035
2+700,213,-3.512701035
2+700,214,-3.512701035
2+700,215,-3.512701035
2+700,216,-3.512701035
2+700,217,-3.512701035
2+700,218,-3.512701035
2+700,219,-3.512701035
2+700,220,-3.512701035
2+700,221,-3.512701035
2+700,222,-3.473204136
2+700,223,-3.364459038
2+700,224,-3.364459038
2+700,225,-3.364459038
2+700,226,-3.364459038
2+700,227,-3.364459038
2+700,228,-3.364459038
2+700,229,-3.364459038
2+700,230,-3.364459038
2+700,231,-3.364459038
2+700,232,-3.364459038
2+700,233,-3.364459038
2+700,234,-3.364459038
2+700,235,-3.265011549
2+700,236,-3.265011549
2+700,237,-3.265011549
2+700,238,-3.265011549
2+700,239,-3.265011549
2+700,240,-3.265011549
2+700,241,-3.265011549
2+700,242,-3.235432148
2+700,243,-3.235432148
2+700,244,-3.235432148
2+700,245,-3.235432148
2+700,246,-3.150250435
2+700,247,-3.150250435
2+700,248,-3.150250435
2+700,249,-3.150250435
2+700,250,-3.150250435
2+700,251,-3.150250435
2+700,252,-3.150250435
2+700,253,-3.150250435
2+700,254,-3.150250435
2+700,255,-3.150250435
2+700,256,-3.150250435
2+700,257,-3.150250435
2+700,258,-3.1053195
2+700,259,-3.1053195
2+700,260,-3.1053195
2+700,261,-3.1053195
2+700,262,-3.150304317
2+700,263,-3.150304317
2+700,264,-3.150304317
2+700,265,-3.150304317
2+700,266,-3.150304317
2+700,267,-3.150304317
2+700,268,-3.150304317
2+700,269,-3.179898262
2+700,270,-3.179898262
2+700,271,-3.179898262
2+700,272,-3.179898262
2+700,273,-3.179898262
2+700,274,-3.179898262
2+700,275,-3.179898262
2+700,276,-3.179898262
2+700,277,-3.179898262
2+700,278,-3.179898262
2+700,279,-3.179898262
2+700,280,-3.179898262
2+700,281,-3.158721447
2+700,282,-3.158721447
2+700,283,-3.135083199
2+700,284,-3.135083199
2+700,285,-3.135083199
2+700,286,-3.135083199
2+700,287,-3.135083199
2+700,288,-3.135083199
2+700,289,-3.135083199
2+700,290,-3.135083199
2+700,291,-3.135083199
2+700,292,-3.068787575
2+700,293,-3.068787575
2+700,294,-3.068787575
2+700,295,-3.068787575
2+700,296,-3.068787575
2+700,297,-3.068787575
2+700,298,-3.068787575
2+700,299,-3.068787575
2+700,300,-3.068787575
2+700,301,-3.068787575
2+700,302,-3.068787575
2+700,303,-2.95098567
2+700,304,-2.95098567
2+700,305,-2.95098567
2+700,306,-2.95098567
2+700,307,-2.95098567
2+700,308,-2.95098567
2+700,309,-2.95098567
2+700,310,-2.95098567
2+700,311,-2.95098567
2+700,312,-2.95098567
2+700,313,-2.95098567
2+700,314,-2.95098567
2+700,315,-2.865856171
2+700,316,-2.865856171
2+700,317,-2.865856171
2+700,318,-2.865856171
2+700,319,-2.865856171
2+700,320,-2.865856171
2+700,321,-2.865856171
2+700,322,-2.865856171
2+700,323,-2.800452232
2+700,324,-2.800452232
2+700,325,-2.800452232
2+700,326,-2.709663391
2+700,327,-2.709663391
2+700,328,-2.709663391
2+700,329,-2.709663391
2+700,330,-2.709663391
2+700,331,-2.709663391
2+700,332,-2.709663391
2+700,333,-2.709663391
2+700,334,-2.709663391
2+700,335,-2.709663391
2+700,336,-2.709663391
2+700,337,-2.709663391
2+700,338,-2.599775791
2+700,339,-2.599775791
2+700,340,-2.599775791
2+700,341,-2.599775791
2+700,342,-2.599775791
2+700,343,-2.384878635
2+700,344,-2.384878635
2+700,345,-2.384878635
2+700,346,-2.384878635
2+700,347,-2.384878635
2+700,348,-2.384878635
2+700,349,-2.111881256
2+700,350,-2.111881256
2+700,351,-2.111881256
2+700,352,-2.111881256
2+700,353,-2.111881256
2+700,354,-2.111881256
2+700,355,-2.111881256
2+700,356,-2.111881256
2+700,357,-2.111881256
2+700,358,-2.111881256
2+700,359,-2.111881256
2+700,360,-2.111881256
2+700,361,-1.798586488
2+700,362,-1.798586488
2+700,363,-1.798586488
2+700,364,-1.615124226
2+700,365,-1.615124226
2+700,366,-1.615124226
2+700,367,-1.615124226
2+700,368,-1.615124226
2+700,369,-1.615124226
2+700,370,-1.615124226
2+700,371,-1.615124226
2+700,372,-1.390354753
2+700,373,-1.390354753
2+700,374,-1.390354753
2+700,375,-1.390354753
2+700,376,-1.390354753
2+700,377,-1.390354753
2+700,378,-1.390354753
2+700,379,-1.390354753
2+700,380,-1.390354753
2+700,381,-1.390354753
2+700,382,-1.390354753
2+700,383,-1.390354753
2+700,384,-1.359472394
2+700,385,-1.359472394
2+700,386,-1.359472394
2+700,387,-1.359472394
2+700,388,-1.359472394
2+700,389,-1.359472394
2+700,390,-1.359472394
2+700,391,-1.359472394
2+700,392,-1.359472394
2+700,393,-1.359472394
2+700,394,-1.359472394
2+700,395,-1.419257879
2+700,396,-1.419257879
2+700,397,-1.419257879
2+700,398,-1.419257879
2+700,399,-1.419257879
2+700,400,-1.419257879
2+700,401,-1.419257879
2+700,402,-1.419257879
2+700,403,-1.419257879
2+700,404,-1.594005466
2+700,405,-1.594005466
2+700,406,-1.594005466
2+700,407,-1.634445667
2+700,408,-1.634445667
2+700,409,-1.634445667
2+700,410,-1.634445667
2+700,411,-1.634445667
2+700,412,-1.634445667
2+700,413,-1.634445667
2+700,414,-1.634445667
2+700,415,-1.634445667
2+700,416,-1.634445667
2+700,417,-1.634445667
2+700,418,-1.630809546
2+700,419,-1.630809546
2+700,420,-1.630809546
2+700,421,-1.630809546
2+700,422,-1.630809546
2+700,423,-1.630809546
2+700,424,-1.696234345
2+700,425,-1.696234345
2+700,426,-1.696234345
2+700,427,-1.696234345
2+700,428,-1.696234345
2+700,429,-1.696234345
2+700,430,-1.602067471
2+700,431,-1.602067471
2+700,432,-1.602067471
2+700,433,-1.602067471
2+700,434,-1.602067471
2+700,435,-1.602067471
2+700,436,-1.602067471
2+700,437,-1.602067471
2+700,438,-1.602067471
2+700,439,-1.602067471
2+700,440,-1.602067471
2+700,441,-1.448162436
2+700,442,-1.448162436
2+700,443,-1.448162436
2+700,444,-1.448162436
2+700,445,-1.438542128
2+700,446,-1.438542128
2+700,447,-1.438542128
2+700,448,-1.438542128
2+700,449,-1.438542128
2+700,450,-1.438542128
2+700,451,-1.438542128
2+700,452,-1.438542128
2+700,453,-0.800858974
2+700,454,-0.800858974
2+700,455,-0.800858974
2+700,456,-0.800858974
2+700,457,-0.800858974
2+700,458,-0.800858974
2+700,459,-0.800858974
2+700,460,-0.800858974
2+700,461,-0.800858974
2+700,462,-0.800858974
2+700,463,-0.800858974
2+700,464,0.022383915
2+700,465,0.261957794
2+700,466,0.261957794
2+700,467,0.261957794
2+700,468,0.261957794
2+700,469,0.261957794
2+700,470,0.261957794
2+700,471,0.261957794
2+700,472,0.261957794
2+700,473,0.261957794
2+700,474,0.261957794
2+700,475,0.261957794
2+700,476,0.848387718
2+700,477,0.848387718
2+700,478,0.848387718
2+700,479,0.848387718
2+700,480,0.848387718
2+700,481,0.848387718
2+700,482,0.848387718
2+700,483,0.848387718
2+700,484,0.848387718
2+700,485,1.229131579
2+700,486,1.229131579
2+700,487,1.521267414
2+700,488,1.521267414
2+700,489,1.521267414
2+700,490,1.521267414
2+700,491,1.521267414
2+700,492,1.521267414
2+700,493,1.521267414
2+700,494,1.521267414
2+700,495,1.521267414
2+700,496,1.521267414
2+700,497,1.521267414
2+700,498,1.521267414
2+700,499,1.612164497
2+700,500,1.612164497
2+800,0,1.612164497
2+800,1,1.612164497
2+800,2,1.612164497
2+800,3,1.612164497
2+800,4,1.612164497
2+800,5,1.612164497
2+800,6,1.612164497
2+800,7,1.612164497
2+800,8,1.612164497
2+800,9,1.612164497
2+800,10,1.612164497
2+800,11,1.612164497
2+800,12,1.612164497
2+800,13,1.612164497
2+800,14,1.612164497
2+800,15,1.612164497
2+800,16,1.612164497
2+800,17,1.612164497
2+800,18,1.612164497
2+800,19,1.612164497
2+800,20,1.612164497
2+800,21,1.612164497
2+800,22,1.612164497
2+800,23,1.612164497
2+800,24,1.612164497
2+800,25,1.612164497
2+800,26,1.612164497
2+800,27,1.612164497
2+800,28,1.612164497
2+800,29,1.612164497
2+800,30,1.612164497
2+800,31,1.612164497
2+800,32,1.612164497
2+800,33,-4.981256962
2+800,34,-4.981256962
2+800,35,-4.981256962
2+800,36,-4.981256962
2+800,37,-4.981256962
2+800,38,-4.981256962
2+800,39,-4.981256962
2+800,40,-4.969931602
2+800,41,-4.969931602
2+800,42,-4.969931602
2+800,43,-4.969931602
2+800,44,-4.969931602
2+800,45,-4.969931602
2+800,46,-4.969931602
2+800,47,-4.969931602
2+800,48,-4.969931602
2+800,49,-4.969931602
2+800,50,-4.969931602
2+800,51,-4.969931602
2+800,52,-4.945252419
2+800,53,-4.917906761
2+800,54,-4.917906761
2+800,55,-4.917906761
2+800,56,-4.917906761
2+800,57,-4.917906761
2+800,58,-4.917906761
2+800,59,-4.917906761
2+800,60,-4.917906761
2+800,61,-4.917906761
2+800,62,-4.917906761
2+800,63,-4.866239548
2+800,64,-4.866239548
2+800,65,-4.866239548
2+800,66,-4.866239548
2+800,67,-4.866239548
2+800,68,-4.866239548
2+800,69,-4.866239548
2+800,70,-4.866239548
2+800,71,-4.866239548
2+800,72,-4.866239548
2+800,73,-4.830102444
2+800,74,-4.830102444
2+800,75,-4.761995316
2+800,76,-4.761995316
2+800,77,-4.761995316
2+800,78,-4.761995316
2+800,79,-4.761995316
2+800,80,-4.761995316
2+800,81,-4.761995316
2+800,82,-4.761995316
2+800,83,-4.761995316
2+800,84,-4.761995316
2+800,85,-4.761995316
2+800,86,-4.689195633
2+800,87,-4.689195633
2+800,88,-4.689195633
2+800,89,-4.689195633
2+800,90,-4.689195633
2+800,91,-4.689195633
2+800,92,-4.689195633
2+800,93,-4.689195633
2+800,94,-4.643530846
2+800,95,-4.643530846
2+800,96,-4.643530846
2+800,97,-4.566584587
2+800,98,-4.566584587
2+800,99,-4.566584587
2+800,100,-4.566584587
2+800,101,-4.566584587
2+800,102,-4.566584587
2+800,103,-4.566584587
2+800,104,-4.566584587
2+800,105,-4.566584587
2+800,106,-4.566584587
2+800,107,-4.566584587
2+800,108,-4.566584587
2+800,109,-4.48972702
2+800,110,-4.48972702
2+800,111,-4.48972702
2+800,112,-4.48972702
2+800,113,-4.48972702
2+800,114,-4.441876411
2+800,115,-4.441876411
2+800,116,-4.441876411
2+800,117,-4.441876411
2+800,118,-4.441876411
2+800,119,-4.441876411
2+800,120,-4.365009308
2+800,121,-4.365009308
2+800,122,-4.365009308
2+800,123,-4.365009308
2+800,124,-4.365009308
2+800,125,-4.365009308
2+800,126,-4.365009308
2+800,127,-4.365009308
2+800,128,-4.365009308
2+800,129,-4.365009308
2+800,130,-4.365009308
2+800,131,-4.365009308
2+800,132,-4.289496422
2+800,133,-4.289496422
2+800,134,-4.317207336
2+800,135,-4.317207336
2+800,136,-4.317207336
2+800,137,-4.317207336
2+800,138,-4.317207336
2+800,139,-4.317207336
2+800,140,-4.317207336
2+800,141,-4.317207336
2+800,142,-4.317207336
2+800,143,-4.240582943
2+800,144,-4.240582943
2+800,145,-4.240582943
2+800,146,-4.240582943
2+800,147,-4.240582943
2+800,148,-4.240582943
2+800,149,-4.240582943
2+800,150,-4.240582943
2+800,151,-4.240582943
2+800,152,-4.240582943
2+800,153,-4.240582943
2+800,154,-4.192230225
2+800,155,-4.115497589
2+800,156,-4.115497589
2+800,157,-4.115497589
2+800,158,-4.115497589
2+800,159,-4.115497589
2+800,160,-4.115497589
2+800,161,-4.115497589
2+800,162,-4.115497589
2+800,163,-4.115497589
2+800,164,-4.115497589
2+800,165,-4.115497589
2+800,166,-4.03950119
2+800,167,-4.03950119
2+800,168,-4.03950119
2+800,169,-4.03950119
2+800,170,-4.03950119
2+800,171,-4.03950119
2+800,172,-4.03950119
2+800,173,-4.03950119
2+800,174,-4.03950119
2+800,175,-3.988830566
2+800,176,-3.988830566
2+800,177,-3.988830566
2+800,178,-3.912670374
2+800,179,-3.912670374
2+800,180,-3.912670374
2+800,181,-3.912670374
2+800,182,-3.912670374
2+800,183,-3.912670374
2+800,184,-3.912670374
2+800,185,-3.912670374
2+800,186,-3.912670374
2+800,187,-3.912670374
2+800,188,-3.912670374
2+800,189,-3.836513042
2+800,190,-3.836513042
2+800,191,-3.836513042
2+800,192,-3.836513042
2+800,193,-3.836513042
2+800,194,-3.836513042
2+800,195,-3.785705566
2+800,196,-3.785705566
2+800,197,-3.785705566
2+800,198,-3.785705566
2+800,199,-3.785705566
2+800,200,-3.785705566
2+800,201,-3.711082935
2+800,202,-3.711082935
2+800,203,-3.711082935
2+800,204,-3.711082935
2+800,205,-3.711082935
2+800,206,-3.711082935
2+800,207,-3.711082935
2+800,208,-3.711082935
2+800,209,-3.711082935
2+800,210,-3.711082935
2+800,211,-3.711082935
2+800,212,-3.635859489
2+800,213,-3.635859489
2+800,214,-3.635859489
2+800,215,-3.590478897
2+800,216,-3.590478897
2+800,217,-3.590478897
2+800,218,-3.590478897
2+800,219,-3.590478897
2+800,220,-3.590478897
2+800,221,-3.590478897
2+800,222,-3.590478897
2+800,223,-3.590478897
2+800,224,-3.520374775
2+800,225,-3.520374775
2+800,226,-3.520374775
2+800,227,-3.520374775
2+800,228,-3.520374775
2+800,229,-3.520374775
2+800,230,-3.520374775
2+800,231,-3.520374775
2+800,232,-3.520374775
2+800,233,-3.520374775
2+800,234,-3.520374775
2+800,235,-3.413836479
2+800,236,-3.413836479
2+800,237,-3.413836479
2+800,238,-3.413836479
2+800,239,-3.413836479
2+800,240,-3.413836479
2+800,241,-3.413836479
2+800,242,-3.413836479
2+800,243,-3.413836479
2+800,244,-3.413836479
2+800,245,-3.413836479
2+800,246,-3.413836479
2+800,247,-3.347434521
2+800,248,-3.347434521
2+800,249,-3.347434521
2+800,250,-3.347434521
2+800,251,-3.347434521
2+800,252,-3.347434521
2+800,253,-3.347434521
2+800,254,-3.347434521
2+800,255,-3.347434521
2+800,256,-3.311696291
2+800,257,-3.311696291
2+800,258,-3.256654501
2+800,259,-3.256654501
2+800,260,-3.256654501
2+800,261,-3.256654501
2+800,262,-3.256654501
2+800,263,-3.256654501
2+800,264,-3.256654501
2+800,265,-3.256654501
2+800,266,-3.256654501
2+800,267,-3.256654501
2+800,268,-3.256654501
2+800,269,-3.256654501
2+800,270,-3.197694302
2+800,271,-3.197694302
2+800,272,-3.197694302
2+800,273,-3.197694302
2+800,274,-3.197694302
2+800,275,-3.197694302
2+800,276,-3.157987118
2+800,277,-3.157987118
2+800,278,-3.157987118
2+800,279,-3.157987118
2+800,280,-3.157987118
2+800,281,-3.097025394
2+800,282,-3.097025394
2+800,283,-3.097025394
2+800,284,-3.097025394
2+800,285,-3.097025394
2+800,286,-3.097025394
2+800,287,-3.097025394
2+800,288,-3.097025394
2+800,289,-3.097025394
2+800,290,-3.097025394
2+800,291,-3.097025394
2+800,292,-3.097025394
2+800,293,-3.029007435
2+800,294,-3.029007435
2+800,295,-3.029007435
2+800,296,-2.995594501
2+800,297,-2.995594501
2+800,298,-2.995594501
2+800,299,-2.995594501
2+800,300,-2.995594501
2+800,301,-2.995594501
2+800,302,-2.995594501
2+800,303,-2.995594501
2+800,304,-2.934046507
2+800,305,-2.934046507
2+800,306,-2.934046507
2+800,307,-2.934046507
2+800,308,-2.934046507
2+800,309,-2.934046507
2+800,310,-2.934046507
2+800,311,-2.934046507
2+800,312,-2.934046507
2+800,313,-2.934046507
2+800,314,-2.934046507
2+800,315,-2.934046507
2+800,316,-2.866824389
2+800,317,-2.844155312
2+800,318,-2.844155312
2+800,319,-2.844155312
2+800,320,-2.844155312
2+800,321,-2.844155312
2+800,322,-2.844155312
2+800,323,-2.844155312
2+800,324,-2.844155312
2+800,325,-2.844155312
2+800,326,-2.844155312
2+800,327,-2.777806759
2+800,328,-2.777806759
2+800,329,-2.777806759
2+800,330,-2.777806759
2+800,331,-2.777806759
2+800,332,-2.777806759
2+800,333,-2.777806759
2+800,334,-2.777806759
2+800,335,-2.777806759
2+800,336,-2.777806759
2+800,337,-2.762862682
2+800,338,-2.762862682
2+800,339,-2.655345917
2+800,340,-2.655345917
2+800,341,-2.655345917
2+800,342,-2.655345917
2+800,343,-2.655345917
2+800,344,-2.655345917
2+800,345,-2.655345917
2+800,346,-2.655345917
2+800,347,-2.655345917
2+800,348,-2.655345917
2+800,349,-2.655345917
2+800,350,-2.550186396
2+800,351,-2.550186396
2+800,352,-2.550186396
2+800,353,-2.550186396
2+800,354,-2.550186396
2+800,355,-2.550186396
2+800,356,-2.550186396
2+800,357,-2.50417614
2+800,358,-2.50417614
2+800,359,-2.50417614
2+800,360,-2.50417614
2+800,361,-2.50417614
2+800,362,-2.283668041
2+800,363,-2.283668041
2+800,364,-2.283668041
2+800,365,-2.283668041
2+800,366,-2.283668041
2+800,367,-2.283668041
2+800,368,-2.283668041
2+800,369,-2.283668041
2+800,370,-2.283668041
2+800,371,-2.283668041
2+800,372,-2.283668041
2+800,373,-2.059138775
2+800,374,-2.059138775
2+800,375,-2.059138775
2+800,376,-2.059138775
2+800,377,-1.945253253
2+800,378,-1.945253253
2+800,379,-1.945253253
2+800,380,-1.945253253
2+800,381,-1.945253253
2+800,382,-1.945253253
2+800,383,-1.945253253
2+800,384,-1.945253253
2+800,385,-1.801746011
2+800,386,-1.801746011
2+800,387,-1.801746011
2+800,388,-1.801746011
2+800,389,-1.801746011
2+800,390,-1.801746011
2+800,391,-1.801746011
2+800,392,-1.801746011
2+800,393,-1.801746011
2+800,394,-1.801746011
2+800,395,-1.801746011
2+800,396,-1.762824655
2+800,397,-1.762824655
2+800,398,-1.756780386
2+800,399,-1.756780386
2+800,400,-1.756780386
2+800,401,-1.756780386
2+800,402,-1.756780386
2+800,403,-1.756780386
2+800,404,-1.756780386
2+800,405,-1.756780386
2+800,406,-1.756780386
2+800,407,-1.756780386
2+800,408,-1.755151272
2+800,409,-1.755151272
2+800,410,-1.755151272
2+800,411,-1.755151272
2+800,412,-1.755151272
2+800,413,-1.755151272
2+800,414,-1.755151272
2+800,415,-1.755151272
2+800,416,-1.755151272
2+800,417,-1.755151272
2+800,418,-1.780154705
2+800,419,-1.747583508
2+800,420,-1.747583508
2+800,421,-1.747583508
2+800,422,-1.747583508
2+800,423,-1.747583508
2+800,424,-1.747583508
2+800,425,-1.747583508
2+800,426,-1.747583508
2+800,427,-1.747583508
2+800,428,-1.747583508
2+800,429,-1.747583508
2+800,430,-1.747583508
2+800,431,-1.675583363
2+800,432,-1.675583363
2+800,433,-1.675583363
2+800,434,-1.675583363
2+800,435,-1.675583363
2+800,436,-1.675583363
2+800,437,-1.675583363
2+800,438,-1.957163692
2+800,439,-1.957163692
2+800,440,-1.957163692
2+800,441,-1.957163692
2+800,442,-1.824919701
2+800,443,-1.824919701
2+800,444,-1.824919701
2+800,445,-1.824919701
2+800,446,-1.824919701
2+800,447,-1.824919701
2+800,448,-1.824919701
2+800,449,-1.824919701
2+800,450,-1.824919701
2+800,451,-1.824919701
2+800,452,-1.824919701
2+800,453,-1.02118516
2+800,454,-1.02118516
2+800,455,-1.02118516
2+800,456,-1.02118516
2+800,457,-1.02118516
2+800,458,-0.515089989
2+800,459,-0.515089989
2+800,460,-0.515089989
2+800,461,-0.515089989
2+800,462,-0.515089989
2+800,463,-0.515089989
2+800,464,-0.515089989
2+800,465,0.374240816
2+800,466,0.374240816
2+800,467,0.374240816
2+800,468,0.374240816
2+800,469,0.374240816
2+800,470,0.374240816
2+800,471,0.374240816
2+800,472,0.374240816
2+800,473,0.374240816
2+800,474,0.374240816
2+800,475,0.374240816
2+800,476,1.222629309
2+800,477,1.222629309
2+800,478,1.222629309
2+800,479,1.598000288
2+800,480,1.598000288
2+800,481,1.598000288
2+800,482,1.598000288
2+800,483,1.598000288
2+800,484,1.598000288
2+800,485,1.598000288
2+800,486,1.598000288
2+800,487,1.598000288
2+800,488,2.193623066
2+800,489,2.193623066
2+800,490,2.193623066
2+800,491,2.193623066
2+800,492,2.193623066
2+800,493,2.193623066
2+800,494,2.193623066
2+800,495,2.193623066
2+800,496,2.193623066
2+800,497,2.193623066
2+800,498,2.193623066
2+800,499,2.193623066
2+800,500,2.193623066
2+900,0,2.193623066
2+900,1,2.193623066
2+900,2,2.193623066
2+900,3,2.193623066
2+900,4,2.193623066
2+900,5,2.193623066
2+900,6,2.193623066
2+900,7,2.193623066
2+900,8,2.193623066
2+900,9,2.193623066
2+900,10,2.193623066
2+900,11,2.193623066
2+900,12,2.193623066
2+900,13,2.193623066
2+900,14,2.193623066
2+900,15,2.193623066
2+900,16,2.193623066
2+900,17,2.193623066
2+900,18,2.193623066
2+900,19,2.193623066
2+900,20,2.193623066
2+900,21,2.193623066
2+900,22,2.193623066
2+900,23,2.193623066
2+900,24,2.193623066
2+900,25,2.193623066
2+900,26,2.193623066
2+900,27,2.193623066
2+900,28,2.193623066
2+900,29,-5.130779266
2+900,30,-5.130779266
2+900,31,-5.130779266
2+900,32,-5.130779266
2+900,33,-5.130779266
2+900,34,-5.130779266
2+900,35,-5.130779266
2+900,36,-5.130779266
2+900,37,-5.130779266
2+900,38,-5.130779266
2+900,39,-5.130779266
2+900,40,-5.130779266
2+900,41,-5.081543446
2+900,42,-5.081543446
2+900,43,-5.081543446
2+900,44,-5.081543446
2+900,45,-5.081543446
2+900,46,-5.069081306
2+900,47,-5.069081306
2+900,48,-5.069081306
2+900,49,-5.069081306
2+900,50,-5.069081306
2+900,51,-5.069081306
2+900,52,-5.041973114
2+900,53,-5.041973114
2+900,54,-5.041973114
2+900,55,-5.041973114
2+900,56,-5.041973114
2+900,57,-5.041973114
2+900,58,-5.041973114
2+900,59,-5.041973114
2+900,60,-5.041973114
2+900,61,-5.041973114
2+900,62,-5.041973114
2+900,63,-5.041973114
2+900,64,-5.005701542
2+900,65,-5.005701542
2+900,66,-5.005701542
2+900,67,-4.969773293
2+900,68,-4.969773293
2+900,69,-4.969773293
2+900,70,-4.969773293
2+900,71,-4.969773293
2+900,72,-4.969773293
2+900,73,-4.969773293
2+900,74,-4.969773293
2+900,75,-4.921228409
2+900,76,-4.921228409
2+900,77,-4.921228409
2+900,78,-4.921228409
2+900,79,-4.921228409
2+900,80,-4.921228409
2+900,81,-4.921228409
2+900,82,-4.921228409
2+900,83,-4.921228409
2+900,84,-4.921228409
2+900,85,-4.921228409
2+900,86,-4.921228409
2+900,87,-4.819993973
2+900,88,-4.819993973
2+900,89,-4.819993973
2+900,90,-4.819993973
2+900,91,-4.819993973
2+900,92,-4.819993973
2+900,93,-4.819993973
2+900,94,-4.819993973
2+900,95,-4.819993973
2+900,96,-4.819993973
2+900,97,-4.819993973
2+900,98,-4.767314911
2+900,99,-4.767314911
2+900,100,-4.767314911
2+900,101,-4.767314911
2+900,102,-4.767314911
2+900,103,-4.767314911
2+900,104,-4.767314911
2+900,105,-4.767314911
2+900,106,-4.767314911
2+900,107,-4.708898544
2+900,108,-4.708898544
2+900,109,-4.708898544
2+900,110,-4.656383514
2+900,111,-4.656383514
2+900,112,-4.656383514
2+900,113,-4.656383514
2+900,114,-4.656383514
2+900,115,-4.656383514
2+900,116,-4.656383514
2+900,117,-4.656383514
2+900,118,-4.656383514
2+900,119,-4.656383514
2+900,120,-4.656383514
2+900,121,-4.605109215
2+900,122,-4.605109215
2+900,123,-4.605109215
2+900,124,-4.605109215
2+900,125,-4.605109215
2+900,126,-4.605109215
2+900,127,-4.539648533
2+900,128,-4.539648533
2+900,129,-4.539648533
2+900,130,-4.539648533
2+900,131,-4.539648533
2+900,132,-4.539648533
2+900,133,-4.488519192
2+900,134,-4.488519192
2+900,135,-4.488519192
2+900,136,-4.488519192
2+900,137,-4.488519192
2+900,138,-4.488519192
2+900,139,-4.488519192
2+900,140,-4.488519192
2+900,141,-4.488519192
2+900,142,-4.488519192
2+900,143,-4.488519192
2+900,144,-4.437852383
2+900,145,-4.437852383
2+900,146,-4.437852383
2+900,147,-4.437852383
2+900,148,-4.363162041
2+900,149,-4.363162041
2+900,150,-4.363162041
2+900,151,-4.363162041
2+900,152,-4.363162041
2+900,153,-4.363162041
2+900,154,-4.363162041
2+900,155,-4.363162041
2+900,156,-4.309711456
2+900,157,-4.309711456
2+900,158,-4.309711456
2+900,159,-4.309711456
2+900,160,-4.309711456
2+900,161,-4.309711456
2+900,162,-4.309711456
2+900,163,-4.309711456
2+900,164,-4.309711456
2+900,165,-4.309711456
2+900,166,-4.309711456
2+900,167,-4.256000042
2+900,168,-4.166135788
2+900,169,-4.166135788
2+900,170,-4.166135788
2+900,171,-4.166135788
2+900,172,-4.166135788
2+900,173,-4.166135788
2+900,174,-4.166135788
2+900,175,-4.166135788
2+900,176,-4.166135788
2+900,177,-4.166135788
2+900,178,-4.166135788
2+900,179,-4.10706234
2+900,180,-4.10706234
2+900,181,-4.10706234
2+900,182,-4.10706234
2+900,183,-4.10706234
2+900,184,-4.10706234
2+900,185,-4.10706234
2+900,186,-4.10706234
2+900,187,-4.10706234
2+900,188,-4.005015373
2+900,189,-4.005015373
2+900,190,-3.940217018
2+900,191,-3.940217018
2+900,192,-3.940217018
2+900,193,-3.940217018
2+900,194,-3.940217018
2+900,195,-3.940217018
2+900,196,-3.940217018
2+900,197,-3.940217018
2+900,198,-3.940217018
2+900,199,-3.940217018
2+900,200,-3.940217018
2+900,201,-3.940217018
2+900,202,-3.879736423
2+900,203,-3.879736423
2+900,204,-3.879736423
2+900,205,-3.879736423
2+900,206,-3.879736423
2+900,207,-3.879736423
2+900,208,-3.879736423
2+900,209,-3.761760235
2+900,210,-3.761760235
2+900,211,-3.761760235
2+900,212,-3.761760235
2+900,213,-3.702744007
2+900,214,-3.702744007
2+900,215,-3.702744007
2+900,216,-3.702744007
2+900,217,-3.702744007
2+900,218,-3.702744007
2+900,219,-3.702744007
2+900,220,-3.702744007
2+900,221,-3.702744007
2+900,222,-3.702744007
2+900,223,-3.702744007
2+900,224,-3.702744007
2+900,225,-3.702744007
2+900,226,-3.702744007
2+900,227,-3.702744007
2+900,228,-3.702744007
2+900,229,-3.585452795
2+900,230,-3.585452795
2+900,231,-3.585452795
2+900,232,-3.585452795
2+900,233,-3.585452795
2+900,234,-3.585452795
2+900,235,-3.585452795
2+900,236,-3.537157536
2+900,237,-3.537157536
2+900,238,-3.537157536
2+900,239,-3.537157536
2+900,240,-3.537157536
2+900,241,-3.537157536
2+900,242,-3.537157536
2+900,243,-3.537157536
2+900,244,-3.537157536
2+900,245,-3.537157536
2+900,246,-3.537157536
2+900,247,-3.508752823
2+900,248,-3.508752823
2+900,249,-3.417931557
2+900,250,-3.417931557
2+900,251,-3.417931557
2+900,252,-3.417931557
2+900,253,-3.417931557
2+900,254,-3.417931557
2+900,255,-3.417931557
2+900,256,-3.417931557
2+900,257,-3.417931557
2+900,258,-3.417931557
2+900,259,-3.445642948
2+900,260,-3.445642948
2+900,261,-3.445642948
2+900,262,-3.445642948
2+900,263,-3.445642948
2+900,264,-3.445642948
2+900,265,-3.445642948
2+900,266,-3.445642948
2+900,267,-3.445642948
2+900,268,-3.445642948
2+900,269,-3.301943779
2+900,270,-3.298651695
2+900,271,-3.298651695
2+900,272,-3.298651695
2+900,273,-3.298651695
2+900,274,-3.298651695
2+900,275,-3.298651695
2+900,276,-3.298651695
2+900,277,-3.298651695
2+900,278,-3.298651695
2+900,279,-3.298651695
2+900,280,-3.298651695
2+900,281,-3.298651695
2+900,282,-3.257685423
2+900,283,-3.257685423
2+900,284,-3.257685423
2+900,285,-3.257685423
2+900,286,-3.257685423
2+900,287,-3.257685423
2+900,288,-3.257685423
2+900,289,-3.257685423
2+900,290,-3.15363121
2+900,291,-3.15363121
2+900,292,-3.15363121
2+900,293,-3.069405079
2+900,294,-3.069405079
2+900,295,-3.069405079
2+900,296,-3.069405079
2+900,297,-3.069405079
2+900,298,-3.069405079
2+900,299,-3.069405079
2+900,300,-3.069405079
2+900,301,-3.069405079
2+900,302,-3.069405079
2+900,303,-3.069405079
2+900,304,-3.069405079
2+900,305,-2.953644753
2+900,306,-2.953644753
2+900,307,-2.953644753
2+900,308,-2.953644753
2+900,309,-2.953644753
2+900,310,-2.886178493
2+900,311,-2.886178493
2+900,312,-2.886178493
2+900,313,-2.886178493
2+900,314,-2.886178493
2+900,315,-2.886178493
2+900,316,-2.755491972
2+900,317,-2.755491972
2+900,318,-2.755491972
2+900,319,-2.755491972
2+900,320,-2.755491972
2+900,321,-2.755491972
2+900,322,-2.755491972
2+900,323,-2.755491972
2+900,324,-2.755491972
2+900,325,-2.755491972
2+900,326,-2.755491972
2+900,327,-2.755491972
2+900,328,-2.605226755
2+900,329,-2.605226755
2+900,330,-2.594277382
2+900,331,-2.594277382
2+900,332,-2.594277382
2+900,333,-2.594277382
2+900,334,-2.594277382
2+900,335,-2.594277382
2+900,336,-2.594277382
2+900,337,-2.594277382
2+900,338,-2.594277382
2+900,339,-2.406445026
2+900,340,-2.406445026
2+900,341,-2.406445026
2+900,342,-2.406445026
2+900,343,-2.406445026
2+900,344,-2.406445026
2+900,345,-2.406445026
2+900,346,-2.406445026
2+900,347,-2.406445026
2+900,348,-2.406445026
2+900,349,-2.406445026
2+900,350,-2.337749958
2+900,351,-2.080587626
2+900,352,-2.080587626
2+900,353,-2.080587626
2+900,354,-2.080587626
2+900,355,-2.080587626
2+900,356,-2.080587626
2+900,357,-2.080587626
2+900,358,-2.080587626
2+900,359,-2.080587626
2+900,360,-2.080587626
2+900,361,-2.080587626
2+900,362,-1.807654619
2+900,363,-1.807654619
2+900,364,-1.807654619
2+900,365,-1.807654619
2+900,366,-1.807654619
2+900,367,-1.807654619
2+900,368,-1.807654619
2+900,369,-1.807654619
2+900,370,-1.807654619
2+900,371,-1.701810122
2+900,372,-1.701810122
2+900,373,-1.701810122
2+900,374,-1.453888416
2+900,375,-1.453888416
2+900,376,-1.453888416
2+900,377,-1.453888416
2+900,378,-1.453888416
2+900,379,-1.453888416
2+900,380,-1.453888416
2+900,381,-1.453888416
2+900,382,-1.453888416
2+900,383,-1.453888416
2+900,384,-1.453888416
2+900,385,-1.286523581
2+900,386,-1.286523581
2+900,387,-1.286523581
2+900,388,-1.286523581
2+900,389,-1.286523581
2+900,390,-1.286523581
2+900,391,-1.259939194
2+900,392,-1.259939194
2+900,393,-1.259939194
2+900,394,-1.259939194
2+900,395,-1.259939194
2+900,396,-1.259939194
2+900,397,-1.295020103
2+900,398,-1.295020103
2+900,399,-1.295020103
2+900,400,-1.295020103
2+900,401,-1.295020103
2+900,402,-1.295020103
2+900,403,-1.295020103
2+900,404,-1.295020103
2+900,405,-1.295020103
2+900,406,-1.295020103
2+900,407,-1.295020103
2+900,408,-1.446221948
2+900,409,-1.446221948
2+900,410,-1.446221948
2+900,411,-1.581382871
2+900,412,-1.581382871
2+900,413,-1.581382871
2+900,414,-1.581382871
2+900,415,-1.581382871
2+900,416,-1.581382871
2+900,417,-1.581382871
2+900,418,-1.581382871
2+900,419,-1.581382871
2+900,420,-1.737959862
2+900,421,-1.737959862
2+900,422,-1.737959862
2+900,423,-1.737959862
2+900,424,-1.737959862
2+900,425,-1.737959862
2+900,426,-1.737959862
2+900,427,-1.737959862
2+900,428,-1.737959862
2+900,429,-1.737959862
2+900,430,-1.737959862
2+900,431,-1.737909555
2+900,432,-1.492443442
2+900,433,-1.492443442
2+900,434,-1.492443442
2+900,435,-1.492443442
2+900,436,-1.492443442
2+900,437,-1.492443442
2+900,438,-1.492443442
2+900,439,-1.492443442
2+900,440,-1.492443442
2+900,441,-1.492443442
2+900,442,-1.492443442
2+900,443,-1.110329509
2+900,444,-1.110329509
2+900,445,-1.110329509
2+900,446,-1.110329509
2+900,447,-1.110329509
2+900,448,-1.110329509
2+900,449,-1.110329509
2+900,450,-1.110329509
2+900,451,-1.110329509
2+900,452,-0.786432147
2+900,453,-0.786432147
2+900,454,-0.000682034
2+900,455,-0.000682034
2+900,456,-0.000682034
2+900,457,-0.000682034
2+900,458,-0.000682034
2+900,459,-0.000682034
2+900,460,-0.000682034
2+900,461,-0.000682034
2+900,462,-0.000682034
2+900,463,-0.000682034
2+900,464,-0.000682034
2+900,465,-0.000682034
2+900,466,0.872483253
2+900,467,0.872483253
2+900,468,0.872483253
2+900,469,0.872483253
2+900,470,0.872483253
2+900,471,0.872483253
2+900,472,1.431358695
2+900,473,1.431358695
2+900,474,1.431358695
2+900,475,1.431358695
2+900,476,1.431358695
2+900,477,2.443280697
2+900,478,2.443280697
2+900,479,2.443280697
2+900,480,2.443280697
2+900,481,2.443280697
2+900,482,2.443280697
2+900,483,2.443280697
2+900,484,2.443280697
2+900,485,2.443280697
2+900,486,2.443280697
2+900,487,2.443280697
2+900,488,2.443280697
2+900,489,2.850215435
2+900,490,2.850215435
2+900,491,2.850215435
2+900,492,3.029654503
2+900,493,3.029654503
2+900,494,3.029654503
2+900,495,3.029654503
2+900,496,3.029654503
2+900,497,3.029654503
2+900,498,3.029654503
2+900,499,3.029654503
2+900,500,3.029654503
3+000,0,3.029654503
3+000,1,3.029654503
3+000,2,3.029654503
3+000,3,3.029654503
3+000,4,3.029654503
3+000,5,3.029654503
3+000,6,3.029654503
3+000,7,3.029654503
3+000,8,3.029654503
3+000,9,3.029654503
3+000,10,3.029654503
3+000,11,3.029654503
3+000,12,3.029654503
3+000,13,3.029654503
3+000,14,3.029654503
3+000,15,3.029654503
3+000,16,3.029654503
3+000,17,3.029654503
3+000,18,3.029654503
3+000,19,3.029654503
3+000,20,3.029654503
3+000,21,-5.113910675
3+000,22,-5.113910675
3+000,23,-5.113910675
3+000,24,-5.113910675
3+000,25,-5.113910675
3+000,26,-5.113910675
3+000,27,-5.113910675
3+000,28,-5.113910675
3+000,29,-5.113910675
3+000,30,-5.113910675
3+000,31,-5.113910675
3+000,32,-5.087874889
3+000,33,-5.051885128
3+000,34,-5.051885128
3+000,35,-5.051885128
3+000,36,-5.051885128
3+000,37,-5.051885128
3+000,38,-5.051885128
3+000,39,-5.051885128
3+000,40,-5.051885128
3+000,41,-5.051885128
3+000,42,-5.051885128
3+000,43,-5.051885128
3+000,44,-5.048564911
3+000,45,-5.048564911
3+000,46,-5.048564911
3+000,47,-5.048564911
3+000,48,-5.048564911
3+000,49,-5.048564911
3+000,50,-5.048564911
3+000,51,-5.048564911
3+000,52,-5.048564911
3+000,53,-5.048564911
3+000,54,-5.032914162
3+000,55,-5.008217812
3+000,56,-5.008217812
3+000,57,-5.008217812
3+000,58,-5.008217812
3+000,59,-5.008217812
3+000,60,-5.008217812
3+000,61,-5.008217812
3+000,62,-5.008217812
3+000,63,-5.008217812
3+000,64,-5.008217812
3+000,65,-5.008217812
3+000,66,-4.973637581
3+000,67,-4.973637581
3+000,68,-4.973637581
3+000,69,-4.973637581
3+000,70,-4.973637581
3+000,71,-4.973637581
3+000,72,-4.973637581
3+000,73,-4.973637581
3+000,74,-4.941868782
3+000,75,-4.941868782
3+000,76,-4.941868782
3+000,77,-4.941868782
3+000,78,-4.890841961
3+000,79,-4.890841961
3+000,80,-4.890841961
3+000,81,-4.890841961
3+000,82,-4.890841961
3+000,83,-4.890841961
3+000,84,-4.890841961
3+000,85,-4.890841961
3+000,86,-4.890841961
3+000,87,-4.890841961
3+000,88,-4.890841961
3+000,89,-4.827577591
3+000,90,-4.827577591
3+000,91,-4.827577591
3+000,92,-4.827577591
3+000,93,-4.827577591
3+000,94,-4.827577591
3+000,95,-4.794775963
3+000,96,-4.794775963
3+000,97,-4.794775963
3+000,98,-4.794775963
3+000,99,-4.794775963
3+000,100,-4.794775963
3+000,101,-4.720032692
3+000,102,-4.720032692
3+000,103,-4.720032692
3+000,104,-4.720032692
3+000,105,-4.720032692
3+000,106,-4.720032692
3+000,107,-4.720032692
3+000,108,-4.720032692
3+000,109,-4.720032692
3+000,110,-4.720032692
3+000,111,-4.720032692
3+000,112,-4.635734558
3+000,113,-4.635734558
3+000,114,-4.635734558
3+000,115,-4.635734558
3+000,116,-4.611006737
3+000,117,-4.611006737
3+000,118,-4.611006737
3+000,119,-4.611006737
3+000,120,-4.611006737
3+000,121,-4.611006737
3+000,122,-4.611006737
3+000,123,-4.611006737
3+000,124,-4.519722939
3+000,125,-4.519722939
3+000,126,-4.519722939
3+000,127,-4.519722939
3+000,128,-4.519722939
3+000,129,-4.519722939
3+000,130,-4.519722939
3+000,131,-4.519722939
3+000,132,-4.519722939
3+000,133,-4.519722939
3+000,134,-4.519722939
3+000,135,-4.419273376
3+000,136,-4.407824516
3+000,137,-4.407824516
3+000,138,-4.407824516
3+000,139,-4.407824516
3+000,140,-4.407824516
3+000,141,-4.407824516
3+000,142,-4.407824516
3+000,143,-4.407824516
3+000,144,-4.407824516
3+000,145,-4.407824516
3+000,146,-4.300885201
3+000,147,-4.300885201
3+000,148,-4.300885201
3+000,149,-4.300885201
3+000,150,-4.300885201
3+000,151,-4.300885201
3+000,152,-4.300885201
3+000,153,-4.300885201
3+000,154,-4.300885201
3+000,155,-4.300885201
3+000,156,-4.300885201
3+000,157,-4.301692963
3+000,158,-4.188961983
3+000,159,-4.188961983
3+000,160,-4.188961983
3+000,161,-4.188961983
3+000,162,-4.188961983
3+000,163,-4.188961983
3+000,164,-4.188961983
3+000,165,-4.188961983
3+000,166,-4.188961983
3+000,167,-4.188961983
3+000,168,-4.188961983
3+000,169,-4.064908981
3+000,170,-4.064908981
3+000,171,-4.064908981
3+000,172,-4.064908981
3+000,173,-4.064908981
3+000,174,-4.064908981
3+000,175,-4.064908981
3+000,176,-4.064908981
3+000,177,-4.08660984
3+000,178,-4.08660984
3+000,179,-4.08660984
3+000,180,-4.08660984
3+000,181,-3.95874691
3+000,182,-3.95874691
3+000,183,-3.95874691
3+000,184,-3.95874691
3+000,185,-3.95874691
3+000,186,-3.95874691
3+000,187,-3.95874691
3+000,188,-3.95874691
3+000,189,-3.95874691
3+000,190,-3.95874691
3+000,191,-3.95874691
3+000,192,-3.820853233
3+000,193,-3.820853233
3+000,194,-3.820853233
3+000,195,-3.820853233
3+000,196,-3.820853233
3+000,197,-3.820853233
3+000,198,-3.870055676
3+000,199,-3.870055676
3+000,200,-3.870055676
3+000,201,-3.870055676
3+000,202,-3.870055676
3+000,203,-3.870055676
3+000,204,-3.733054638
3+000,205,-3.733054638
3+000,206,-3.733054638
3+000,207,-3.733054638
3+000,208,-3.733054638
3+000,209,-3.733054638
3+000,210,-3.733054638
3+000,211,-3.733054638
3+000,212,-3.733054638
3+000,213,-3.733054638
3+000,214,-3.733054638
3+000,215,-3.590355873
3+000,216,-3.590355873
3+000,217,-3.590355873
3+000,218,-3.669452667
3+000,219,-3.669452667
3+000,220,-3.669452667
3+000,221,-3.669452667
3+000,222,-3.669452667
3+000,223,-3.669452667
3+000,224,-3.669452667
3+000,225,-3.669452667
3+000,226,-3.5348804
3+000,227,-3.5348804
3+000,228,-3.5348804
3+000,229,-3.5348804
3+000,230,-3.5348804
3+000,231,-3.5348804
3+000,232,-3.5348804
3+000,233,-3.5348804
3+000,234,-3.5348804
3+000,235,-3.5348804
3+000,236,-3.5348804
3+000,237,-3.5348804
3+000,238,-3.403681755
3+000,239,-3.506588936
3+000,240,-3.506588936
3+000,241,-3.506588936
3+000,242,-3.506588936
3+000,243,-3.506588936
3+000,244,-3.506588936
3+000,245,-3.506588936
3+000,246,-3.506588936
3+000,247,-3.506588936
3+000,248,-3.506588936
3+000,249,-3.397467852
3+000,250,-3.397467852
3+000,251,-3.397467852
3+000,252,-3.397467852
3+000,253,-3.397467852
3+000,254,-3.397467852
3+000,255,-3.397467852
3+000,256,-3.397467852
3+000,257,-3.397467852
3+000,258,-3.397467852
3+000,259,-3.499654531
3+000,260,-3.499654531
3+000,261,-3.352051735
3+000,262,-3.352051735
3+000,263,-3.352051735
3+000,264,-3.352051735
3+000,265,-3.352051735
3+000,266,-3.352051735
3+000,267,-3.352051735
3+000,268,-3.352051735
3+000,269,-3.352051735
3+000,270,-3.352051735
3+000,271,-3.352051735
3+000,272,-3.18477726
3+000,273,-3.18477726
3+000,274,-3.18477726
3+000,275,-3.18477726
3+000,276,-3.18477726
3+000,277,-3.18477726
3+000,278,-3.18477726
3+000,279,-3.18477726
3+000,280,-3.249070644
3+000,281,-3.249070644
3+000,282,-3.249070644
3+000,283,-3.249070644
3+000,284,-3.078139067
3+000,285,-3.078139067
3+000,286,-3.078139067
3+000,287,-3.078139067
3+000,288,-3.078139067
3+000,289,-3.078139067
3+000,290,-3.078139067
3+000,291,-3.078139067
3+000,292,-3.078139067
3+000,293,-3.078139067
3+000,294,-3.078139067
3+000,295,-2.931132555
3+000,296,-2.931132555
3+000,297,-2.931132555
3+000,298,-2.931132555
3+000,299,-2.931132555
3+000,300,-2.931132555
3+000,301,-3.102218151
3+000,302,-3.102218151
3+000,303,-3.102218151
3+000,304,-3.102218151
3+000,305,-3.102218151
3+000,306,-2.994931698
3+000,307,-2.994931698
3+000,308,-2.994931698
3+000,309,-2.994931698
3+000,310,-2.994931698
3+000,311,-2.994931698
3+000,312,-2.994931698
3+000,313,-2.994931698
3+000,314,-2.994931698
3+000,315,-2.994931698
3+000,316,-2.994931698
3+000,317,-2.994931698
3+000,318,-2.925468445
3+000,319,-2.925468445
3+000,320,-2.925468445
3+000,321,-2.868090868
3+000,322,-2.868090868
3+000,323,-2.868090868
3+000,324,-2.868090868
3+000,325,-2.868090868
3+000,326,-2.868090868
3+000,327,-2.868090868
3+000,328,-2.868090868
3+000,329,-2.719115257
3+000,330,-2.719115257
3+000,331,-2.719115257
3+000,332,-2.719115257
3+000,333,-2.719115257
3+000,334,-2.719115257
3+000,335,-2.719115257
3+000,336,-2.719115257
3+000,337,-2.719115257
3+000,338,-2.719115257
3+000,339,-2.719115257
3+000,340,-2.719115257
3+000,341,-2.521636009
3+000,342,-2.451564789
3+000,343,-2.451564789
3+000,344,-2.451564789
3+000,345,-2.451564789
3+000,346,-2.451564789
3+000,347,-2.451564789
3+000,348,-2.451564789
3+000,349,-2.451564789
3+000,350,-2.451564789
3+000,351,-2.451564789
3+000,352,-2.236938
3+000,353,-2.236938
3+000,354,-2.236938
3+000,355,-2.236938
3+000,356,-2.236938
3+000,357,-2.236938
3+000,358,-2.236938
3+000,359,-2.236938
3+000,360,-2.236938
3+000,361,-2.236938
3+000,362,-2.131028891
3+000,363,-2.131028891
3+000,364,-1.933088779
3+000,365,-1.933088779
3+000,366,-1.933088779
3+000,367,-1.933088779
3+000,368,-1.933088779
3+000,369,-1.933088779
3+000,370,-1.933088779
3+000,371,-1.933088779
3+000,372,-1.933088779
3+000,373,-1.933088779
3+000,374,-1.933088779
3+000,375,-1.772263169
3+000,376,-1.772263169
3+000,377,-1.772263169
3+000,378,-1.772263169
3+000,379,-1.772263169
3+000,380,-1.772263169
3+000,381,-1.772263169
3+000,382,-1.772263169
3+000,383,-1.655261517
3+000,384,-1.655261517
3+000,385,-1.655261517
3+000,386,-1.655261517
3+000,387,-1.571839809
3+000,388,-1.571839809
3+000,389,-1.571839809
3+000,390,-1.571839809
3+000,391,-1.571839809
3+000,392,-1.571839809
3+000,393,-1.571839809
3+000,394,-1.571839809
3+000,395,-1.571839809
3+000,396,-1.571839809
3+000,397,-1.571839809
3+000,398,-1.574015975
3+000,399,-1.574015975
3+000,400,-1.574015975
3+000,401,-1.574015975
3+000,402,-1.574015975
3+000,403,-1.42334342
3+000,404,-1.42334342
3+000,405,-1.42334342
3+000,406,-1.42334342
3+000,407,-1.42334342
3+000,408,-1.42334342
3+000,409,-1.320667148
3+000,410,-1.320667148
3+000,411,-1.320667148
3+000,412,-1.320667148
3+000,413,-1.320667148
3+000,414,-1.320667148
3+000,415,-1.320667148
3+000,416,-1.320667148
3+000,417,-1.320667148
3+000,418,-1.320667148
3+000,419,-1.320667148
3+000,420,-1.320667148
3+000,421,-1.207821846
3+000,422,-1.207821846
3+000,423,-1.207821846
3+000,424,-1.112781525
3+000,425,-1.112781525
3+000,426,-1.112781525
3+000,427,-1.112781525
3+000,428,-1.112781525
3+000,429,-1.112781525
3+000,430,-1.112781525
3+000,431,-1.112781525
3+000,432,-0.979039431
3+000,433,-0.979039431
3+000,434,-0.979039431
3+000,435,-0.979039431
3+000,436,-0.979039431
3+000,437,-0.979039431
3+000,438,-0.979039431
3+000,439,-0.979039431
3+000,440,-0.979039431
3+000,441,-0.979039431
3+000,442,-0.979039431
3+000,443,-0.979039431
3+000,444,-1.279245853
3+000,445,-1.279245853
3+000,446,-1.279245853
3+000,447,-1.279245853
3+000,448,-1.279245853
3+000,449,-1.279245853
3+000,450,-1.279245853
3+000,451,-1.279245853
3+000,452,-1.279245853
3+000,453,-1.279245853
3+000,454,-1.279245853
3+000,455,-0.128949568
3+000,456,-0.128949568
3+000,457,-0.128949568
3+000,458,-0.128949568
3+000,459,-0.128949568
3+000,460,-0.128949568
3+000,461,-0.128949568
3+000,462,-0.128949568
3+000,463,-0.128949568
3+000,464,-0.128949568
3+000,465,0.437192619
3+000,466,0.437192619
3+000,467,1.451399565
3+000,468,1.451399565
3+000,469,1.451399565
3+000,470,1.451399565
3+000,471,1.451399565
3+000,472,1.451399565
3+000,473,1.451399565
3+000,474,1.451399565
3+000,475,1.451399565
3+000,476,1.451399565
3+000,477,1.451399565
3+000,478,2.281882048
3+000,479,2.281882048
3+000,480,2.281882048
3+000,481,2.281882048
3+000,482,2.281882048
3+000,483,2.281882048
3+000,484,2.281882048
3+000,485,2.281882048
3+000,486,2.560181618
3+000,487,2.560181618
3+000,488,2.560181618
3+000,489,2.85637331
3+000,490,2.85637331
3+000,491,2.85637331
3+000,492,2.85637331
3+000,493,2.85637331
3+000,494,2.85637331
3+000,495,2.85637331
3+000,496,2.85637331
3+000,497,2.85637331
3+000,498,2.85637331
3+000,499,2.85637331
3+000,500,2.85637331
3+100,0,2.85637331
3+100,1,2.85637331
3+100,2,2.85637331
3+100,3,2.85637331
3+100,4,2.85637331
3+100,5,2.85637331
3+100,6,2.85637331
3+100,7,2.85637331
3+100,8,2.85637331
3+100,9,2.85637331
3+100,10,2.85637331
3+100,11,2.85637331
3+100,12,2.85637331
3+100,13,2.85637331
3+100,14,2.85637331
3+100,15,2.85637331
3+100,16,2.85637331
3+100,17,2.85637331
3+100,18,2.85637331
3+100,19,2.85637331
3+100,20,2.85637331
3+100,21,2.85637331
3+100,22,2.85637331
3+100,23,2.85637331
3+100,24,2.85637331
3+100,25,2.85637331
3+100,26,-5.217047691
3+100,27,-5.217047691
3+100,28,-5.217047691
3+100,29,-5.217047691
3+100,30,-5.160225868
3+100,31,-5.160225868
3+100,32,-5.160225868
3+100,33,-5.160225868
3+100,34,-5.160225868
3+100,35,-5.160225868
3+100,36,-5.160225868
3+100,37,-5.160225868
3+100,38,-5.160225868
3+100,39,-5.160225868
3+100,40,-5.160225868
3+100,41,-5.149691105
3+100,42,-5.149691105
3+100,43,-5.149691105
3+100,44,-5.149691105
3+100,45,-5.149691105
3+100,46,-5.10353756
3+100,47,-5.10353756
3+100,48,-5.10353756
3+100,49,-5.10353756
3+100,50,-5.10353756
3+100,51,-5.10353756
3+100,52,-5.10353756
3+100,53,-5.102879524
3+100,54,-5.102879524
3+100,55,-5.102879524
3+100,56,-5.102879524
3+100,57,-5.102879524
3+100,58,-5.102879524
3+100,59,-5.102879524
3+100,60,-5.102879524
3+100,61,-5.102879524
3+100,62,-5.102879524
3+100,63,-5.102879524
3+100,64,-5.076230526
3+100,65,-5.076230526
3+100,66,-5.076230526
3+100,67,-5.03455162
3+100,68,-5.03455162
3+100,69,-5.03455162
3+100,70,-5.03455162
3+100,71,-5.03455162
3+100,72,-5.03455162
3+100,73,-5.03455162
3+100,74,-5.03455162
3+100,75,-5.03455162
3+100,76,-4.98280859
3+100,77,-4.98280859
3+100,78,-4.98280859
3+100,79,-4.98280859
3+100,80,-4.98280859
3+100,81,-4.98280859
3+100,82,-4.98280859
3+100,83,-4.98280859
3+100,84,-4.98280859
3+100,85,-4.98280859
3+100,86,-4.98280859
3+100,87,-4.920959473
3+100,88,-4.864059448
3+100,89,-4.864059448
3+100,90,-4.864059448
3+100,91,-4.864059448
3+100,92,-4.864059448
3+100,93,-4.864059448
3+100,94,-4.864059448
3+100,95,-4.864059448
3+100,96,-4.864059448
3+100,97,-4.864059448
3+100,98,-4.787910461
3+100,99,-4.787910461
3+100,100,-4.787910461
3+100,101,-4.787910461
3+100,102,-4.787910461
3+100,103,-4.787910461
3+100,104,-4.787910461
3+100,105,-4.787910461
3+100,106,-4.787910461
3+100,107,-4.787910461
3+100,108,-4.787910461
3+100,109,-4.719890594
3+100,110,-4.63129282
3+100,111,-4.63129282
3+100,112,-4.63129282
3+100,113,-4.63129282
3+100,114,-4.63129282
3+100,115,-4.63129282
3+100,116,-4.63129282
3+100,117,-4.63129282
3+100,118,-4.63129282
3+100,119,-4.63129282
3+100,120,-4.63129282
3+100,121,-4.538778305
3+100,122,-4.538778305
3+100,123,-4.538778305
3+100,124,-4.538778305
3+100,125,-4.538778305
3+100,126,-4.538778305
3+100,127,-4.538778305
3+100,128,-4.538778305
3+100,129,-4.538778305
3+100,130,-4.454391479
3+100,131,-4.454391479
3+100,132,-4.35225296
3+100,133,-4.35225296
3+100,134,-4.35225296
3+100,135,-4.35225296
3+100,136,-4.35225296
3+100,137,-4.35225296
3+100,138,-4.35225296
3+100,139,-4.35225296
3+100,140,-4.35225296
3+100,141,-4.35225296
3+100,142,-4.35225296
3+100,143,-4.35225296
3+100,144,-4.249099731
3+100,145,-4.249099731
3+100,146,-4.249099731
3+100,147,-4.249099731
3+100,148,-4.249099731
3+100,149,-4.249099731
3+100,150,-4.249099731
3+100,151,-4.151329041
3+100,152,-4.151329041
3+100,153,-4.151329041
3+100,154,-4.151329041
3+100,155,-4.042194366
3+100,156,-4.042194366
3+100,157,-4.042194366
3+100,158,-4.042194366
3+100,159,-4.042194366
3+100,160,-4.042194366
3+100,161,-4.042194366
3+100,162,-4.042194366
3+100,163,-4.042194366
3+100,164,-4.042194366
3+100,165,-4.042194366
3+100,166,-4.042194366
3+100,167,-3.937336445
3+100,168,-3.937336445
3+100,169,-3.937336445
3+100,170,-3.937336445
3+100,171,-3.937336445
3+100,172,-3.827589989
3+100,173,-3.827589989
3+100,174,-3.827589989
3+100,175,-3.827589989
3+100,176,-3.827589989
3+100,177,-3.827589989
3+100,178,-3.722001076
3+100,179,-3.722001076
3+100,180,-3.722001076
3+100,181,-3.722001076
3+100,182,-3.722001076
3+100,183,-3.722001076
3+100,184,-3.722001076
3+100,185,-3.722001076
3+100,186,-3.722001076
3+100,187,-3.722001076
3+100,188,-3.722001076
3+100,189,-3.627497196
3+100,190,-3.627497196
3+100,191,-3.627497196
3+100,192,-3.507398129
3+100,193,-3.507398129
3+100,194,-3.507398129
3+100,195,-3.507398129
3+100,196,-3.507398129
3+100,197,-3.507398129
3+100,198,-3.507398129
3+100,199,-3.507398129
3+100,200,-3.507398129
3+100,201,-3.41844368
3+100,202,-3.41844368
3+100,203,-3.41844368
3+100,204,-3.41844368
3+100,205,-3.41844368
3+100,206,-3.41844368
3+100,207,-3.41844368
3+100,208,-3.41844368
3+100,209,-3.41844368
3+100,210,-3.41844368
3+100,211,-3.41844368
3+100,212,-3.346212864
3+100,213,-3.224773884
3+100,214,-3.224773884
3+100,215,-3.224773884
3+100,216,-3.224773884
3+100,217,-3.224773884
3+100,218,-3.224773884
3+100,219,-3.224773884
3+100,220,-3.224773884
3+100,221,-3.224773884
3+100,222,-3.224773884
3+100,223,-3.224773884
3+100,224,-3.168168545
3+100,225,-3.168168545
3+100,226,-3.168168545
3+100,227,-3.168168545
3+100,228,-3.168168545
3+100,229,-3.168168545
3+100,230,-3.168168545
3+100,231,-3.168168545
3+100,232,-3.168168545
3+100,233,-3.168168545
3+100,234,-3.062890768
3+100,235,-3.033994675
3+100,236,-3.033994675
3+100,237,-3.033994675
3+100,238,-3.033994675
3+100,239,-3.033994675
3+100,240,-3.033994675
3+100,241,-3.033994675
3+100,242,-3.033994675
3+100,243,-3.033994675
3+100,244,-3.033994675
3+100,245,-3.033994675
3+100,246,-3.033326626
3+100,247,-3.033326626
3+100,248,-3.033326626
3+100,249,-3.033326626
3+100,250,-3.033326626
3+100,251,-3.033326626
3+100,252,-3.033326626
3+100,253,-3.033326626
3+100,254,-3.033326626
3+100,255,-2.945979595
3+100,256,-2.945979595
3+100,257,-2.945979595
3+100,258,-2.970433474
3+100,259,-2.970433474
3+100,260,-2.970433474
3+100,261,-2.970433474
3+100,262,-2.970433474
3+100,263,-2.970433474
3+100,264,-2.970433474
3+100,265,-2.970433474
3+100,266,-2.970433474
3+100,267,-2.970433474
3+100,268,-2.970433474
3+100,269,-3.082732201
3+100,270,-3.082732201
3+100,271,-3.082732201
3+100,272,-3.082732201
3+100,273,-3.082732201
3+100,274,-3.082732201
3+100,275,-3.082732201
3+100,276,-3.135582924
3+100,277,-3.135582924
3+100,278,-3.135582924
3+100,279,-3.135582924
3+100,280,-3.331677437
3+100,281,-3.331677437
3+100,282,-3.331677437
3+100,283,-3.331677437
3+100,284,-3.331677437
3+100,285,-3.331677437
3+100,286,-3.331677437
3+100,287,-3.331677437
3+100,288,-3.331677437
3+100,289,-3.331677437
3+100,290,-3.331677437
3+100,291,-3.331677437
3+100,292,-3.487056732
3+100,293,-3.487056732
3+100,294,-3.487056732
3+100,295,-3.487056732
3+100,296,-3.487056732
3+100,297,-3.496644497
3+100,298,-3.496644497
3+100,299,-3.496644497
3+100,300,-3.496644497
3+100,301,-3.496644497
3+100,302,-3.496644497
3+100,303,-3.456617832
3+100,304,-3.456617832
3+100,305,-3.456617832
3+100,306,-3.456617832
3+100,307,-3.456617832
3+100,308,-3.456617832
3+100,309,-3.456617832
3+100,310,-3.456617832
3+100,311,-3.456617832
3+100,312,-3.456617832
3+100,313,-3.456617832
3+100,314,-3.456617832
3+100,315,-3.355864048
3+100,316,-3.355864048
3+100,317,-3.153542519
3+100,318,-3.153542519
3+100,319,-3.153542519
3+100,320,-3.153542519
3+100,321,-3.153542519
3+100,322,-3.153542519
3+100,323,-3.153542519
3+100,324,-3.153542519
3+100,325,-3.153542519
3+100,326,-2.989611387
3+100,327,-2.989611387
3+100,328,-2.989611387
3+100,329,-2.989611387
3+100,330,-2.989611387
3+100,331,-2.989611387
3+100,332,-2.989611387
3+100,333,-2.989611387
3+100,334,-2.989611387
3+100,335,-2.989611387
3+100,336,-2.989611387
3+100,337,-2.816996098
3+100,338,-2.546285391
3+100,339,-2.546285391
3+100,340,-2.546285391
3+100,341,-2.546285391
3+100,342,-2.546285391
3+100,343,-2.546285391
3+100,344,-2.546285391
3+100,345,-2.546285391
3+100,346,-2.546285391
3+100,347,-2.546285391
3+100,348,-2.546285391
3+100,349,-2.360780954
3+100,350,-2.360780954
3+100,351,-2.360780954
3+100,352,-2.360780954
3+100,353,-2.360780954
3+100,354,-2.360780954
3+100,355,-2.360780954
3+100,356,-2.360780954
3+100,357,-2.360780954
3+100,358,-2.360780954
3+100,359,-2.059726954
3+100,360,-1.813746929
3+100,361,-1.813746929
3+100,362,-1.813746929
3+100,363,-1.813746929
3+100,364,-1.813746929
3+100,365,-1.813746929
3+100,366,-1.813746929
3+100,367,-1.813746929
3+100,368,-1.813746929
3+100,369,-1.813746929
3+100,370,-1.813746929
3+100,371,-1.813746929
3+100,372,-1.813746929
3+100,373,-1.813746929
3+100,374,-1.813746929
3+100,375,-1.813746929
3+100,376,-1.813746929
3+100,377,-1.813746929
3+100,378,-1.813746929
3+100,379,-1.813746929
3+100,380,-1.591206074
3+100,381,-1.591206074
3+100,382,-1.591206074
3+100,383,-1.400017023
3+100,384,-1.400017023
3+100,385,-1.400017023
3+100,386,-1.400017023
3+100,387,-1.400017023
3+100,388,-1.400017023
3+100,389,-1.400017023
3+100,390,-1.400017023
3+100,391,-1.400017023
3+100,392,-1.400017023
3+100,393,-1.400017023
3+100,394,-1.309351325
3+100,395,-1.309351325
3+100,396,-1.309351325
3+100,397,-1.309351325
3+100,398,-1.309351325
3+100,399,-1.309351325
3+100,400,-1.309351325
3+100,401,-1.403548837
3+100,402,-1.403548837
3+100,403,-1.403548837
3+100,404,-1.403548837
3+100,405,-1.403548837
3+100,406,-1.797418714
3+100,407,-1.797418714
3+100,408,-1.797418714
3+100,409,-1.797418714
3+100,410,-1.797418714
3+100,411,-1.797418714
3+100,412,-1.797418714
3+100,413,-1.797418714
3+100,414,-1.797418714
3+100,415,-1.797418714
3+100,416,-1.797418714
3+100,417,-2.291717529
3+100,418,-2.291717529
3+100,419,-2.291717529
3+100,420,-2.291717529
3+100,421,-2.291717529
3+100,422,-2.641416311
3+100,423,-2.641416311
3+100,424,-2.641416311
3+100,425,-2.641416311
3+100,426,-2.641416311
3+100,427,-2.641416311
3+100,428,-2.23774457
3+100,429,-2.23774457
3+100,430,-2.23774457
3+100,431,-2.23774457
3+100,432,-2.23774457
3+100,433,-2.23774457
3+100,434,-2.23774457
3+100,435,-2.23774457
3+100,436,-2.23774457
3+100,437,-2.23774457
3+100,438,-2.23774457
3+100,439,-2.23774457
3+100,440,-1.829984307
3+100,441,-1.829984307
3+100,442,-1.596371412
3+100,443,-1.596371412
3+100,444,-1.596371412
3+100,445,-1.596371412
3+100,446,-1.596371412
3+100,447,-1.596371412
3+100,448,-1.596371412
3+100,449,-1.596371412
3+100,450,-1.596371412
3+100,451,-1.210730195
3+100,452,-1.210730195
3+100,453,-1.210730195
3+100,454,-1.210730195
3+100,455,-1.210730195
3+100,456,-1.210730195
3+100,457,-1.210730195
3+100,458,-1.210730195
3+100,459,-1.210730195
3+100,460,-1.210730195
3+100,461,-1.210730195
3+100,462,-1.210730195
3+100,463,-0.540188015
3+100,464,-0.540188015
3+100,465,-0.540188015
3+100,466,-0.540188015
3+100,467,-0.540188015
3+100,468,-0.540188015
3+100,469,-0.540188015
3+100,470,-0.540188015
3+100,471,-0.540188015
3+100,472,-0.540188015
3+100,473,-0.540188015
3+100,474,-0.207910329
3+100,475,-0.207910329
3+100,476,-0.207910329
3+100,477,-0.207910329
3+100,478,-0.207910329
3+100,479,-0.207910329
3+100,480,-0.207910329
3+100,481,-0.207910329
3+100,482,-0.207910329
3+100,483,-0.207910329
3+100,484,0.199797839
3+100,485,0.223130077
3+100,486,0.223130077
3+100,487,0.223130077
3+100,488,0.223130077
3+100,489,0.223130077
3+100,490,0.223130077
3+100,491,0.223130077
3+100,492,0.223130077
3+100,493,0.223130077
3+100,494,0.223130077
3+100,495,0.223130077
3+100,496,0.223130077
3+100,497,0.865493655
3+100,498,0.865493655
3+100,499,0.865493655
3+100,500,0.865493655
3+200,0,0.865493655
3+200,1,0.865493655
3+200,2,0.865493655
3+200,3,0.865493655
3+200,4,0.865493655
3+200,5,0.865493655
3+200,6,0.865493655
3+200,7,0.865493655
3+200,8,0.865493655
3+200,9,0.865493655
3+200,10,0.865493655
3+200,11,0.865493655
3+200,12,0.865493655
3+200,13,0.865493655
3+200,14,0.865493655
3+200,15,0.865493655
3+200,16,0.865493655
3+200,17,0.865493655
3+200,18,0.865493655
3+200,19,0.865493655
3+200,20,0.865493655
3+200,21,0.865493655
3+200,22,0.865493655
3+200,23,0.865493655
3+200,24,-5.163535118
3+200,25,-5.163535118
3+200,26,-5.12475872
3+200,27,-5.12475872
3+200,28,-5.12475872
3+200,29,-5.12475872
3+200,30,-5.12475872
3+200,31,-5.12475872
3+200,32,-5.12475872
3+200,33,-5.12475872
3+200,34,-5.12475872
3+200,35,-5.12475872
3+200,36,-5.12475872
3+200,37,-5.128793716
3+200,38,-5.128793716
3+200,39,-5.128793716
3+200,40,-5.128793716
3+200,41,-5.128793716
3+200,42,-5.128793716
3+200,43,-5.128793716
3+200,44,-5.128793716
3+200,45,-5.003863335
3+200,46,-5.003863335
3+200,47,-5.003863335
3+200,48,-5.003863335
3+200,49,-5.017711163
3+200,50,-5.017711163
3+200,51,-5.017711163
3+200,52,-5.017711163
3+200,53,-5.017711163
3+200,54,-5.017711163
3+200,55,-5.017711163
3+200,56,-5.017711163
3+200,57,-5.017711163
3+200,58,-5.017711163
3+200,59,-5.017711163
3+200,60,-5.004242897
3+200,61,-5.004242897
3+200,62,-5.004242897
3+200,63,-5.004242897
3+200,64,-5.004242897
3+200,65,-5.004242897
3+200,66,-4.984925747
3+200,67,-4.984925747
3+200,68,-4.984925747
3+200,69,-4.984925747
3+200,70,-4.984925747
3+200,71,-4.951981544
3+200,72,-4.951981544
3+200,73,-4.951981544
3+200,74,-4.951981544
3+200,75,-4.951981544
3+200,76,-4.951981544
3+200,77,-4.951981544
3+200,78,-4.951981544
3+200,79,-4.951981544
3+200,80,-4.951981544
3+200,81,-4.951981544
3+200,82,-4.951981544
3+200,83,-4.906949043
3+200,84,-4.906949043
3+200,85,-4.906949043
3+200,86,-4.906949043
3+200,87,-4.89419651
3+200,88,-4.89419651
3+200,89,-4.89419651
3+200,90,-4.89419651
3+200,91,-4.89419651
3+200,92,-4.89419651
3+200,93,-4.89419651
3+200,94,-4.836996078
3+200,95,-4.836996078
3+200,96,-4.836996078
3+200,97,-4.836996078
3+200,98,-4.836996078
3+200,99,-4.836996078
3+200,100,-4.836996078
3+200,101,-4.836996078
3+200,102,-4.836996078
3+200,103,-4.836996078
3+200,104,-4.836996078
3+200,105,-4.836996078
3+200,106,-4.772679329
3+200,107,-4.772679329
3+200,108,-4.755099297
3+200,109,-4.755099297
3+200,110,-4.755099297
3+200,111,-4.755099297
3+200,112,-4.755099297
3+200,113,-4.755099297
3+200,114,-4.755099297
3+200,115,-4.755099297
3+200,116,-4.755099297
3+200,117,-4.684045315
3+200,118,-4.684045315
3+200,119,-4.684045315
3+200,120,-4.684045315
3+200,121,-4.684045315
3+200,122,-4.684045315
3+200,123,-4.684045315
3+200,124,-4.684045315
3+200,125,-4.684045315
3+200,126,-4.684045315
3+200,127,-4.684045315
3+200,128,-4.609665871
3+200,129,-4.586373806
3+200,130,-4.586373806
3+200,131,-4.586373806
3+200,132,-4.586373806
3+200,133,-4.586373806
3+200,134,-4.586373806
3+200,135,-4.586373806
3+200,136,-4.586373806
3+200,137,-4.586373806
3+200,138,-4.586373806
3+200,139,-4.586373806
3+200,140,-4.510061264
3+200,141,-4.510061264
3+200,142,-4.510061264
3+200,143,-4.510061264
3+200,144,-4.510061264
3+200,145,-4.510061264
3+200,146,-4.510061264
3+200,147,-4.510061264
3+200,148,-4.510061264
3+200,149,-4.510061264
3+200,150,-4.476067543
3+200,151,-4.401050568
3+200,152,-4.401050568
3+200,153,-4.401050568
3+200,154,-4.401050568
3+200,155,-4.401050568
3+200,156,-4.401050568
3+200,157,-4.401050568
3+200,158,-4.401050568
3+200,159,-4.401050568
3+200,160,-4.401050568
3+200,161,-4.401050568
3+200,162,-4.323039055
3+200,163,-4.323039055
3+200,164,-4.323039055
3+200,165,-4.323039055
3+200,166,-4.323039055
3+200,167,-4.323039055
3+200,168,-4.323039055
3+200,169,-4.323039055
3+200,170,-4.290552139
3+200,171,-4.290552139
3+200,172,-4.290552139
3+200,173,-4.290552139
3+200,174,-4.211052895
3+200,175,-4.211052895
3+200,176,-4.211052895
3+200,177,-4.211052895
3+200,178,-4.211052895
3+200,179,-4.211052895
3+200,180,-4.211052895
3+200,181,-4.211052895
3+200,182,-4.211052895
3+200,183,-4.211052895
3+200,184,-4.211052895
3+200,185,-4.118927956
3+200,186,-4.118927956
3+200,187,-4.118927956
3+200,188,-4.118927956
3+200,189,-4.118927956
3+200,190,-4.118927956
3+200,191,-4.092220306
3+200,192,-4.092220306
3+200,193,-4.092220306
3+200,194,-4.092220306
3+200,195,-4.092220306
3+200,196,-4.092220306
3+200,197,-3.985575199
3+200,198,-3.985575199
3+200,199,-3.985575199
3+200,200,-3.985575199
3+200,201,-3.985575199
3+200,202,-3.985575199
3+200,203,-3.985575199
3+200,204,-3.985575199
3+200,205,-3.985575199
3+200,206,-3.985575199
3+200,207,-3.985575199
3+200,208,-3.853900909
3+200,209,-3.853900909
3+200,210,-3.853900909
3+200,211,-3.853900909
3+200,212,-3.838234186
3+200,213,-3.838234186
3+200,214,-3.838234186
3+200,215,-3.838234186
3+200,216,-3.838234186
3+200,217,-3.838234186
3+200,218,-3.838234186
3+200,219,-3.680010319
3+200,220,-3.680010319
3+200,221,-3.680010319
3+200,222,-3.680010319
3+200,223,-3.680010319
3+200,224,-3.680010319
3+200,225,-3.680010319
3+200,226,-3.680010319
3+200,227,-3.680010319
3+200,228,-3.680010319
3+200,229,-3.680010319
3+200,230,-3.680010319
3+200,231,-3.500835419
3+200,232,-3.500835419
3+200,233,-3.492570877
3+200,234,-3.492570877
3+200,235,-3.492570877
3+200,236,-3.492570877
3+200,237,-3.492570877
3+200,238,-3.492570877
3+200,239,-3.492570877
3+200,240,-3.492570877
3+200,241,-3.492570877
3+200,242,-3.285421371
3+200,243,-3.285421371
3+200,244,-3.285421371
3+200,245,-3.285421371
3+200,246,-3.285421371
3+200,247,-3.285421371
3+200,248,-3.285421371
3+200,249,-3.285421371
3+200,250,-3.285421371
3+200,251,-3.285421371
3+200,252,-3.285421371
3+200,253,-3.285421371
3+200,254,-3.081238031
3+200,255,-3.081238031
3+200,256,-3.081238031
3+200,257,-3.081238031
3+200,258,-3.081238031
3+200,259,-3.081238031
3+200,260,-3.081238031
3+200,261,-3.081238031
3+200,262,-3.081238031
3+200,263,-3.081238031
3+200,264,-3.081238031
3+200,265,-2.917649269
3+200,266,-2.917649269
3+200,267,-2.917649269
3+200,268,-2.917649269
3+200,269,-2.917649269
3+200,270,-2.917649269
3+200,271,-2.917649269
3+200,272,-2.917649269
3+200,273,-2.917649269
3+200,274,-2.917649269
3+200,275,-2.998187065
3+200,276,-2.942551613
3+200,277,-2.942551613
3+200,278,-2.942551613
3+200,279,-2.942551613
3+200,280,-2.942551613
3+200,281,-2.942551613
3+200,282,-2.942551613
3+200,283,-2.942551613
3+200,284,-2.942551613
3+200,285,-2.942551613
3+200,286,-2.942551613
3+200,287,-2.942551613
3+200,288,-2.900948763
3+200,289,-2.900948763
3+200,290,-2.900948763
3+200,291,-2.900948763
3+200,292,-2.900948763
3+200,293,-2.900948763
3+200,294,-2.900948763
3+200,295,-3.003267288
3+200,296,-3.003267288
3+200,297,-3.003267288
3+200,298,-3.003267288
3+200,299,-2.883794785
3+200,300,-2.883794785
3+200,301,-2.883794785
3+200,302,-2.883794785
3+200,303,-2.883794785
3+200,304,-2.883794785
3+200,305,-2.883794785
3+200,306,-2.883794785
3+200,307,-2.883794785
3+200,308,-2.883794785
3+200,309,-2.883794785
3+200,310,-2.755729437
3+200,311,-2.755729437
3+200,312,-2.755729437
3+200,313,-2.755729437
3+200,314,-2.755729437
3+200,315,-2.755729437
3+200,316,-2.809617996
3+200,317,-2.809617996
3+200,318,-2.809617996
3+200,319,-2.809617996
3+200,320,-2.809617996
3+200,321,-2.809617996
3+200,322,-2.665951252
3+200,323,-2.665951252
3+200,324,-2.665951252
3+200,325,-2.665951252
3+200,326,-2.665951252
3+200,327,-2.665951252
3+200,328,-2.665951252
3+200,329,-2.665951252
3+200,330,-2.665951252
3+200,331,-2.665951252
3+200,332,-2.665951252
3+200,333,-2.514204979
3+200,334,-2.514204979
3+200,335,-2.514204979
3+200,336,-2.514204979
3+200,337,-2.582088709
3+200,338,-2.582088709
3+200,339,-2.582088709
3+200,340,-2.582088709
3+200,341,-2.582088709
3+200,342,-2.582088709
3+200,343,-2.582088709
3+200,344,-2.582088709
3+200,345,-2.430077553
3+200,346,-2.430077553
3+200,347,-2.430077553
3+200,348,-2.430077553
3+200,349,-2.430077553
3+200,350,-2.430077553
3+200,351,-2.430077553
3+200,352,-2.430077553
3+200,353,-2.430077553
3+200,354,-2.430077553
3+200,355,-2.430077553
3+200,356,-2.280850649
3+200,357,-2.280850649
3+200,358,-2.35228467
3+200,359,-2.35228467
3+200,360,-2.35228467
3+200,361,-2.35228467
3+200,362,-2.35228467
3+200,363,-2.35228467
3+200,364,-2.35228467
3+200,365,-2.35228467
3+200,366,-2.35228467
3+200,367,-2.219608307
3+200,368,-2.219608307
3+200,369,-2.219608307
3+200,370,-2.219608307
3+200,371,-2.219608307
3+200,372,-2.219608307
3+200,373,-2.219608307
3+200,374,-2.219608307
3+200,375,-2.219608307
3+200,376,-2.219608307
3+200,377,-2.219608307
3+200,378,-2.219608307
3+200,379,-1.912618995
3+200,380,-1.912618995
3+200,381,-1.912618995
3+200,382,-1.912618995
3+200,383,-1.912618995
3+200,384,-1.912618995
3+200,385,-1.912618995
3+200,386,-1.912618995
3+200,387,-1.912618995
3+200,388,-1.912618995
3+200,389,-1.912618995
3+200,390,-1.91425395
3+200,391,-1.91425395
3+200,392,-1.91425395
3+200,393,-1.91425395
3+200,394,-1.91425395
3+200,395,-1.91425395
3+200,396,-1.91425395
3+200,397,-1.91425395
3+200,398,-1.91425395
3+200,399,-1.91425395
3+200,400,-1.827271104
3+200,401,-1.827271104
3+200,402,-1.831649542
3+200,403,-1.831649542
3+200,404,-1.831649542
3+200,405,-1.831649542
3+200,406,-1.831649542
3+200,407,-1.831649542
3+200,408,-1.831649542
3+200,409,-1.831649542
3+200,410,-1.831649542
3+200,411,-1.831649542
3+200,412,-1.831649542
3+200,413,-1.839949012
3+200,414,-1.839949012
3+200,415,-1.839949012
3+200,416,-1.839949012
3+200,417,-1.839949012
3+200,418,-1.839949012
3+200,419,-1.839949012
3+200,420,-1.839949012
3+200,421,-1.87084651
3+200,422,-1.87084651
3+200,423,-1.87084651
3+200,424,-1.618877888
3+200,425,-1.618877888
3+200,426,-1.618877888
3+200,427,-1.618877888
3+200,428,-1.618877888
3+200,429,-1.618877888
3+200,430,-1.618877888
3+200,431,-1.618877888
3+200,432,-1.618877888
3+200,433,-1.618877888
3+200,434,-1.618877888
3+200,435,-1.618877888
3+200,436,-1.093425751
3+200,437,-1.093425751
3+200,438,-1.093425751
3+200,439,-1.093425751
3+200,440,-1.093425751
3+200,441,-1.486566663
3+200,442,-1.486566663
3+200,443,-1.486566663
3+200,444,-1.486566663
3+200,445,-1.486566663
3+200,446,-1.486566663
3+200,447,-0.72259742
3+200,448,-0.72259742
3+200,449,-0.72259742
3+200,450,-0.72259742
3+200,451,-0.72259742
3+200,452,-0.72259742
3+200,453,-0.72259742
3+200,454,-0.72259742
3+200,455,-0.72259742
3+200,456,-0.72259742
3+200,457,-0.72259742
3+200,458,0.138333172
3+200,459,0.138333172
3+200,460,0.138333172
3+200,461,0.138333172
3+200,462,0.362031072
3+200,463,0.362031072
3+200,464,0.362031072
3+200,465,0.362031072
3+200,466,0.362031072
3+200,467,0.362031072
3+200,468,0.362031072
3+200,469,0.362031072
3+200,470,1.33872807
3+200,471,1.33872807
3+200,472,1.33872807
3+200,473,1.33872807
3+200,474,1.33872807
3+200,475,1.33872807
3+200,476,1.33872807
3+200,477,1.33872807
3+200,478,1.33872807
3+200,479,1.33872807
3+200,480,1.33872807
3+200,481,2.125164509
3+200,482,2.125164509
3+200,483,2.383048773
3+200,484,2.383048773
3+200,485,2.383048773
3+200,486,2.383048773
3+200,487,2.383048773
3+200,488,2.383048773
3+200,489,2.383048773
3+200,490,2.383048773
3+200,491,2.383048773
3+200,492,2.383048773
3+200,493,2.746938705
3+200,494,2.746938705
3+200,495,2.746938705
3+200,496,2.746938705
3+200,497,2.746938705
3+200,498,2.746938705
3+200,499,2.746938705
3+200,500,2.746938705
3+300,0,2.746938705
3+300,1,2.746938705
3+300,2,2.746938705
3+300,3,2.746938705
3+300,4,2.746938705
3+300,5,2.746938705
3+300,6,2.746938705
3+300,7,2.746938705
3+300,8,2.746938705
3+300,9,2.746938705
3+300,10,2.746938705
3+300,11,2.746938705
3+300,12,2.746938705
3+300,13,2.746938705
3+300,14,2.746938705
3+300,15,2.746938705
3+300,16,2.746938705
3+300,17,2.746938705
3+300,18,2.746938705
3+300,19,2.746938705
3+300,20,2.746938705
3+300,21,2.746938705
3+300,22,-5.121965408
3+300,23,-5.076044083
3+300,24,-5.076044083
3+300,25,-5.076044083
3+300,26,-5.076044083
3+300,27,-5.076044083
3+300,28,-5.076044083
3+300,29,-5.076044083
3+300,30,-5.076044083
3+300,31,-5.076044083
3+300,32,-5.076044083
3+300,33,-5.004303455
3+300,34,-5.004303455
3+300,35,-5.004303455
3+300,36,-5.004303455
3+300,37,-5.004303455
3+300,38,-5.004303455
3+300,39,-5.004303455
3+300,40,-5.004303455
3+300,41,-5.004303455
3+300,42,-5.004303455
3+300,43,-5.004303455
3+300,44,-5.019720078
3+300,45,-4.979454517
3+300,46,-4.979454517
3+300,47,-4.979454517
3+300,48,-4.979454517
3+300,49,-4.979454517
3+300,50,-4.979454517
3+300,51,-4.979454517
3+300,52,-4.979454517
3+300,53,-4.979454517
3+300,54,-4.979454517
3+300,55,-4.979454517
3+300,56,-4.945821285
3+300,57,-4.945821285
3+300,58,-4.945821285
3+300,59,-4.945821285
3+300,60,-4.945821285
3+300,61,-4.945821285
3+300,62,-4.945821285
3+300,63,-4.945821285
3+300,64,-4.945821285
3+300,65,-4.92274189
3+300,66,-4.92274189
3+300,67,-4.86681509
3+300,68,-4.86681509
3+300,69,-4.86681509
3+300,70,-4.86681509
3+300,71,-4.86681509
3+300,72,-4.86681509
3+300,73,-4.86681509
3+300,74,-4.86681509
3+300,75,-4.86681509
3+300,76,-4.86681509
3+300,77,-4.86681509
3+300,78,-4.86681509
3+300,79,-4.808300972
3+300,80,-4.808300972
3+300,81,-4.808300972
3+300,82,-4.808300972
3+300,83,-4.808300972
3+300,84,-4.808300972
3+300,85,-4.808300972
3+300,86,-4.780639172
3+300,87,-4.780639172
3+300,88,-4.780639172
3+300,89,-4.780639172
3+300,90,-4.71029377
3+300,91,-4.71029377
3+300,92,-4.71029377
3+300,93,-4.71029377
3+300,94,-4.71029377
3+300,95,-4.71029377
3+300,96,-4.71029377
3+300,97,-4.71029377
3+300,98,-4.71029377
3+300,99,-4.71029377
3+300,100,-4.71029377
3+300,101,-4.633718491
3+300,102,-4.633718491
3+300,103,-4.633718491
3+300,104,-4.633718491
3+300,105,-4.633718491
3+300,106,-4.633718491
3+300,107,-4.610170364
3+300,108,-4.610170364
3+300,109,-4.610170364
3+300,110,-4.610170364
3+300,111,-4.610170364
3+300,112,-4.610170364
3+300,113,-4.530834198
3+300,114,-4.530834198
3+300,115,-4.530834198
3+300,116,-4.530834198
3+300,117,-4.530834198
3+300,118,-4.530834198
3+300,119,-4.530834198
3+300,120,-4.530834198
3+300,121,-4.530834198
3+300,122,-4.530834198
3+300,123,-4.530834198
3+300,124,-4.448428154
3+300,125,-4.448428154
3+300,126,-4.448428154
3+300,127,-4.448428154
3+300,128,-4.427185059
3+300,129,-4.427185059
3+300,130,-4.427185059
3+300,131,-4.427185059
3+300,132,-4.427185059
3+300,133,-4.427185059
3+300,134,-4.427185059
3+300,135,-4.427185059
3+300,136,-4.342950821
3+300,137,-4.342950821
3+300,138,-4.342950821
3+300,139,-4.342950821
3+300,140,-4.342950821
3+300,141,-4.342950821
3+300,142,-4.342950821
3+300,143,-4.342950821
3+300,144,-4.342950821
3+300,145,-4.342950821
3+300,146,-4.342950821
3+300,147,-4.256747246
3+300,148,-4.23385334
3+300,149,-4.23385334
3+300,150,-4.23385334
3+300,151,-4.23385334
3+300,152,-4.23385334
3+300,153,-4.23385334
3+300,154,-4.23385334
3+300,155,-4.23385334
3+300,156,-4.23385334
3+300,157,-4.23385334
3+300,158,-4.144264221
3+300,159,-4.144264221
3+300,160,-4.144264221
3+300,161,-4.144264221
3+300,162,-4.144264221
3+300,163,-4.144264221
3+300,164,-4.144264221
3+300,165,-4.144264221
3+300,166,-4.144264221
3+300,167,-4.144264221
3+300,168,-4.144264221
3+300,169,-4.119537354
3+300,170,-4.025414944
3+300,171,-4.025414944
3+300,172,-4.025414944
3+300,173,-4.025414944
3+300,174,-4.025414944
3+300,175,-4.025414944
3+300,176,-4.025414944
3+300,177,-4.025414944
3+300,178,-4.025414944
3+300,179,-4.025414944
3+300,180,-4.025414944
3+300,181,-3.929528952
3+300,182,-3.929528952
3+300,183,-3.929528952
3+300,184,-3.929528952
3+300,185,-3.929528952
3+300,186,-3.929528952
3+300,187,-3.929528952
3+300,188,-3.929528952
3+300,189,-3.929528952
3+300,190,-3.900137901
3+300,191,-3.900137901
3+300,192,-3.900137901
3+300,193,-3.800143242
3+300,194,-3.800143242
3+300,195,-3.800143242
3+300,196,-3.800143242
3+300,197,-3.800143242
3+300,198,-3.800143242
3+300,199,-3.800143242
3+300,200,-3.800143242
3+300,201,-3.800143242
3+300,202,-3.800143242
3+300,203,-3.800143242
3+300,204,-3.701638222
3+300,205,-3.701638222
3+300,206,-3.701638222
3+300,207,-3.701638222
3+300,208,-3.701638222
3+300,209,-3.701638222
3+300,210,-3.701638222
3+300,211,-3.66619277
3+300,212,-3.66619277
3+300,213,-3.66619277
3+300,214,-3.66619277
3+300,215,-3.566688061
3+300,216,-3.566688061
3+300,217,-3.566688061
3+300,218,-3.566688061
3+300,219,-3.566688061
3+300,220,-3.566688061
3+300,221,-3.566688061
3+300,222,-3.566688061
3+300,223,-3.566688061
3+300,224,-3.566688061
3+300,225,-3.566688061
3+300,226,-3.566688061
3+300,227,-3.474206448
3+300,228,-3.474206448
3+300,229,-3.474206448
3+300,230,-3.474206448
3+300,231,-3.474206448
3+300,232,-3.431123257
3+300,233,-3.431123257
3+300,234,-3.431123257
3+300,235,-3.431123257
3+300,236,-3.431123257
3+300,237,-3.431123257
3+300,238,-3.343319416
3+300,239,-3.343319416
3+300,240,-3.343319416
3+300,241,-3.343319416
3+300,242,-3.343319416
3+300,243,-3.343319416
3+300,244,-3.343319416
3+300,245,-3.343319416
3+300,246,-3.343319416
3+300,247,-3.343319416
3+300,248,-3.343319416
3+300,249,-3.268152714
3+300,250,-3.268152714
3+300,251,-3.268152714
3+300,252,-3.268152714
3+300,253,-3.220834255
3+300,254,-3.220834255
3+300,255,-3.220834255
3+300,256,-3.220834255
3+300,257,-3.220834255
3+300,258,-3.220834255
3+300,259,-3.220834255
3+300,260,-3.220834255
3+300,261,-3.165210724
3+300,262,-3.165210724
3+300,263,-3.165210724
3+300,264,-3.165210724
3+300,265,-3.165210724
3+300,266,-3.165210724
3+300,267,-3.165210724
3+300,268,-3.165210724
3+300,269,-3.165210724
3+300,270,-3.165210724
3+300,271,-3.165210724
3+300,272,-3.081947088
3+300,273,-3.014621019
3+300,274,-3.014621019
3+300,275,-3.014621019
3+300,276,-3.014621019
3+300,277,-3.014621019
3+300,278,-3.014621019
3+300,279,-3.014621019
3+300,280,-3.014621019
3+300,281,-3.014621019
3+300,282,-3.014621019
3+300,283,-3.014621019
3+300,284,-2.914544582
3+300,285,-2.914544582
3+300,286,-2.914544582
3+300,287,-2.914544582
3+300,288,-2.914544582
3+300,289,-2.914544582
3+300,290,-2.914544582
3+300,291,-2.914544582
3+300,292,-2.914544582
3+300,293,-2.914544582
3+300,294,-2.805699587
3+300,295,-2.718350887
3+300,296,-2.718350887
3+300,297,-2.718350887
3+300,298,-2.718350887
3+300,299,-2.718350887
3+300,300,-2.718350887
3+300,301,-2.718350887
3+300,302,-2.718350887
3+300,303,-2.718350887
3+300,304,-2.718350887
3+300,305,-2.718350887
3+300,306,-2.639764071
3+300,307,-2.639764071
3+300,308,-2.639764071
3+300,309,-2.639764071
3+300,310,-2.639764071
3+300,311,-2.639764071
3+300,312,-2.639764071
3+300,313,-2.639764071
3+300,314,-2.639764071
3+300,315,-2.519585609
3+300,316,-2.519585609
3+300,317,-2.519585609
3+300,318,-2.395578384
3+300,319,-2.395578384
3+300,320,-2.395578384
3+300,321,-2.395578384
3+300,322,-2.395578384
3+300,323,-2.395578384
3+300,324,-2.395578384
3+300,325,-2.395578384
3+300,326,-2.395578384
3+300,327,-2.395578384
3+300,328,-2.395578384
3+300,329,-2.266508579
3+300,330,-2.266508579
3+300,331,-2.266508579
3+300,332,-2.266508579
3+300,333,-2.266508579
3+300,334,-2.266508579
3+300,335,-2.266508579
3+300,336,-2.091412306
3+300,337,-2.091412306
3+300,338,-2.091412306
3+300,339,-2.091412306
3+300,340,-2.091412306
3+300,341,-1.895502567
3+300,342,-1.895502567
3+300,343,-1.895502567
3+300,344,-1.895502567
3+300,345,-1.895502567
3+300,346,-1.895502567
3+300,347,-1.895502567
3+300,348,-1.895502567
3+300,349,-1.895502567
3+300,350,-1.895502567
3+300,351,-1.895502567
3+300,352,-1.678698778
3+300,353,-1.678698778
3+300,354,-1.678698778
3+300,355,-1.678698778
3+300,356,-1.678698778
3+300,357,-1.501505613
3+300,358,-1.501505613
3+300,359,-1.501505613
3+300,360,-1.501505613
3+300,361,-1.501505613
3+300,362,-1.501505613
3+300,363,-1.440915465
3+300,364,-1.440915465
3+300,365,-1.440915465
3+300,366,-1.440915465
3+300,367,-1.440915465
3+300,368,-1.440915465
3+300,369,-1.440915465
3+300,370,-1.440915465
3+300,371,-1.440915465
3+300,372,-1.440915465
3+300,373,-1.440915465
3+300,374,-1.440915465
3+300,375,-1.614417791
3+300,376,-1.614417791
3+300,377,-1.614417791
3+300,378,-1.629249811
3+300,379,-1.629249811
3+300,380,-1.629249811
3+300,381,-1.629249811
3+300,382,-1.629249811
3+300,383,-1.629249811
3+300,384,-1.629249811
3+300,385,-1.629249811
3+300,386,-2.149569273
3+300,387,-2.149569273
3+300,388,-2.149569273
3+300,389,-2.149569273
3+300,390,-2.149569273
3+300,391,-2.149569273
3+300,392,-2.149569273
3+300,393,-2.149569273
3+300,394,-2.149569273
3+300,395,-2.149569273
3+300,396,-2.149569273
3+300,397,-2.38215518
3+300,398,-2.38215518
3+300,399,-2.42419672
3+300,400,-2.42419672
3+300,401,-2.42419672
3+300,402,-2.42419672
3+300,403,-2.42419672
3+300,404,-2.42419672
3+300,405,-2.42419672
3+300,406,-2.42419672
3+300,407,-2.42419672
3+300,408,-2.42419672
3+300,409,-2.646137476
3+300,410,-2.646137476
3+300,411,-2.646137476
3+300,412,-2.646137476
3+300,413,-2.646137476
3+300,414,-2.646137476
3+300,415,-2.646137476
3+300,416,-2.646137476
3+300,417,-2.646137476
3+300,418,-2.646137476
3+300,419,-2.645028353
3+300,420,-2.146015644
3+300,421,-2.146015644
3+300,422,-2.146015644
3+300,423,-2.146015644
3+300,424,-2.146015644
3+300,425,-2.146015644
3+300,426,-2.146015644
3+300,427,-2.146015644
3+300,428,-2.146015644
3+300,429,-2.146015644
3+300,430,-2.146015644
3+300,431,-2.146015644
3+300,432,-1.458391428
3+300,433,-1.458391428
3+300,434,-1.458391428
3+300,435,-1.458391428
3+300,436,-1.458391428
3+300,437,-1.458391428
3+300,438,-1.458391428
3+300,439,-1.458391428
3+300,440,-0.897440195
3+300,441,-0.897440195
3+300,442,-0.897440195
3+300,443,0.139410689
3+300,444,0.139410689
3+300,445,0.139410689
3+300,446,0.139410689
3+300,447,0.139410689
3+300,448,0.139410689
3+300,449,0.139410689
3+300,450,0.139410689
3+300,451,0.139410689
3+300,452,0.139410689
3+300,453,0.139410689
3+300,454,1.083650351
3+300,455,1.083650351
3+300,456,1.083650351
3+300,457,1.083650351
3+300,458,1.083650351
3+300,459,1.083650351
3+300,460,1.083650351
3+300,461,1.516828179
3+300,462,1.516828179
3+300,463,1.516828179
3+300,464,1.516828179
3+300,465,1.516828179
3+300,466,2.27061224
3+300,467,2.27061224
3+300,468,2.27061224
3+300,469,2.27061224
3+300,470,2.27061224
3+300,471,2.27061224
3+300,472,2.27061224
3+300,473,2.27061224
3+300,474,2.27061224
3+300,475,2.27061224
3+300,476,2.27061224
3+300,477,2.602286816
3+300,478,2.602286816
3+300,479,2.602286816
3+300,480,2.602286816
3+300,481,2.602286816
3+300,482,2.777311325
3+300,483,2.777311325
3+300,484,2.777311325
3+300,485,2.777311325
3+300,486,2.777311325
3+300,487,2.777311325
3+300,488,2.777311325
3+300,489,3.028419256
3+300,490,3.028419256
3+300,491,3.028419256
3+300,492,3.028419256
3+300,493,3.028419256
3+300,494,3.028419256
3+300,495,3.028419256
3+300,496,3.028419256
3+300,497,3.028419256
3+300,498,3.028419256
3+300,499,3.028419256
3+300,500,3.028419256
3+400,0,3.028419256
3+400,1,3.028419256
3+400,2,3.028419256
3+400,3,3.028419256
3+400,4,3.028419256
3+400,5,3.028419256
3+400,6,3.028419256
3+400,7,3.028419256
3+400,8,3.028419256
3+400,9,3.028419256
3+400,10,3.028419256
3+400,11,3.028419256
3+400,12,3.028419256
3+400,13,3.028419256
3+400,14,3.028419256
3+400,15,3.028419256
3+400,16,3.028419256
3+400,17,3.028419256
3+400,18,-4.674278259
3+400,19,-4.674278259
3+400,20,-4.674278259
3+400,21,-4.674278259
3+400,22,-4.614424706
3+400,23,-4.614424706
3+400,24,-4.614424706
3+400,25,-4.614424706
3+400,26,-4.614424706
3+400,27,-4.614424706
3+400,28,-4.614424706
3+400,29,-4.499568462
3+400,30,-4.499568462
3+400,31,-4.499568462
3+400,32,-4.499568462
3+400,33,-4.499568462
3+400,34,-4.499568462
3+400,35,-4.499568462
3+400,36,-4.499568462
3+400,37,-4.499568462
3+400,38,-4.499568462
3+400,39,-4.499568462
3+400,40,-4.39706707
3+400,41,-4.39706707
3+400,42,-4.39706707
3+400,43,-4.35378933
3+400,44,-4.35378933
3+400,45,-4.35378933
3+400,46,-4.35378933
3+400,47,-4.35378933
3+400,48,-4.35378933
3+400,49,-4.35378933
3+400,50,-4.35378933
3+400,51,-4.35378933
3+400,52,-4.277132988
3+400,53,-4.277132988
3+400,54,-4.277132988
3+400,55,-4.277132988
3+400,56,-4.277132988
3+400,57,-4.277132988
3+400,58,-4.277132988
3+400,59,-4.277132988
3+400,60,-4.277132988
3+400,61,-4.277132988
3+400,62,-4.277132988
3+400,63,-4.308772087
3+400,64,-4.339972496
3+400,65,-4.339972496
3+400,66,-4.339972496
3+400,67,-4.339972496
3+400,68,-4.339972496
3+400,69,-4.339972496
3+400,70,-4.339972496
3+400,71,-4.339972496
3+400,72,-4.339972496
3+400,73,-4.339972496
3+400,74,-4.339972496
3+400,75,-4.47513485
3+400,76,-4.47513485
3+400,77,-4.47513485
3+400,78,-4.47513485
3+400,79,-4.47513485
3+400,80,-4.47513485
3+400,81,-4.47513485
3+400,82,-4.47513485
3+400,83,-4.47513485
3+400,84,-4.47513485
3+400,85,-4.441261292
3+400,86,-4.473570347
3+400,87,-4.473570347
3+400,88,-4.473570347
3+400,89,-4.473570347
3+400,90,-4.473570347
3+400,91,-4.473570347
3+400,92,-4.473570347
3+400,93,-4.473570347
3+400,94,-4.473570347
3+400,95,-4.473570347
3+400,96,-4.473570347
3+400,97,-4.465771198
3+400,98,-4.465771198
3+400,99,-4.465771198
3+400,100,-4.465771198
3+400,101,-4.465771198
3+400,102,-4.465771198
3+400,103,-4.465771198
3+400,104,-4.465771198
3+400,105,-4.465771198
3+400,106,-4.410696983
3+400,107,-4.410696983
3+400,108,-4.410696983
3+400,109,-4.364680767
3+400,110,-4.364680767
3+400,111,-4.364680767
3+400,112,-4.364680767
3+400,113,-4.364680767
3+400,114,-4.364680767
3+400,115,-4.364680767
3+400,116,-4.364680767
3+400,117,-4.364680767
3+400,118,-4.364680767
3+400,119,-4.364680767
3+400,120,-4.304197311
3+400,121,-4.304197311
3+400,122,-4.304197311
3+400,123,-4.304197311
3+400,124,-4.304197311
3+400,125,-4.304197311
3+400,126,-4.259173393
3+400,127,-4.259173393
3+400,128,-4.259173393
3+400,129,-4.259173393
3+400,130,-4.259173393
3+400,131,-4.259173393
3+400,132,-4.191969872
3+400,133,-4.191969872
3+400,134,-4.191969872
3+400,135,-4.191969872
3+400,136,-4.191969872
3+400,137,-4.191969872
3+400,138,-4.191969872
3+400,139,-4.191969872
3+400,140,-4.191969872
3+400,141,-4.191969872
3+400,142,-4.191969872
3+400,143,-4.123085976
3+400,144,-4.123085976
3+400,145,-4.123085976
3+400,146,-4.123085976
3+400,147,-4.086495876
3+400,148,-4.086495876
3+400,149,-4.086495876
3+400,150,-4.086495876
3+400,151,-4.086495876
3+400,152,-4.086495876
3+400,153,-4.086495876
3+400,154,-4.015746117
3+400,155,-4.015746117
3+400,156,-4.015746117
3+400,157,-4.015746117
3+400,158,-4.015746117
3+400,159,-4.015746117
3+400,160,-4.015746117
3+400,161,-4.015746117
3+400,162,-4.015746117
3+400,163,-4.015746117
3+400,164,-4.015746117
3+400,165,-4.015746117
3+400,166,-3.942540407
3+400,167,-3.942540407
3+400,168,-3.907486439
3+400,169,-3.907486439
3+400,170,-3.907486439
3+400,171,-3.907486439
3+400,172,-3.907486439
3+400,173,-3.907486439
3+400,174,-3.907486439
3+400,175,-3.907486439
3+400,176,-3.907486439
3+400,177,-3.827340364
3+400,178,-3.827340364
3+400,179,-3.827340364
3+400,180,-3.827340364
3+400,181,-3.827340364
3+400,182,-3.827340364
3+400,183,-3.827340364
3+400,184,-3.827340364
3+400,185,-3.827340364
3+400,186,-3.827340364
3+400,187,-3.827340364
3+400,188,-3.742055416
3+400,189,-3.706293344
3+400,190,-3.706293344
3+400,191,-3.706293344
3+400,192,-3.706293344
3+400,193,-3.706293344
3+400,194,-3.706293344
3+400,195,-3.706293344
3+400,196,-3.706293344
3+400,197,-3.706293344
3+400,198,-3.706293344
3+400,199,-3.706293344
3+400,200,-3.616188049
3+400,201,-3.616188049
3+400,202,-3.616188049
3+400,203,-3.616188049
3+400,204,-3.616188049
3+400,205,-3.616188049
3+400,206,-3.616188049
3+400,207,-3.616188049
3+400,208,-3.616188049
3+400,209,-3.616188049
3+400,210,-3.584098816
3+400,211,-3.495315075
3+400,212,-3.495315075
3+400,213,-3.495315075
3+400,214,-3.495315075
3+400,215,-3.495315075
3+400,216,-3.495315075
3+400,217,-3.495315075
3+400,218,-3.495315075
3+400,219,-3.495315075
3+400,220,-3.495315075
3+400,221,-3.495315075
3+400,222,-3.495315075
3+400,223,-3.412612438
3+400,224,-3.412612438
3+400,225,-3.412612438
3+400,226,-3.412612438
3+400,227,-3.412612438
3+400,228,-3.412612438
3+400,229,-3.412612438
3+400,230,-3.412612438
3+400,231,-3.383841276
3+400,232,-3.383841276
3+400,233,-3.383841276
3+400,234,-3.30762291
3+400,235,-3.30762291
3+400,236,-3.30762291
3+400,237,-3.30762291
3+400,238,-3.30762291
3+400,239,-3.30762291
3+400,240,-3.30762291
3+400,241,-3.30762291
3+400,242,-3.30762291
3+400,243,-3.30762291
3+400,244,-3.30762291
3+400,245,-3.250674486
3+400,246,-3.250674486
3+400,247,-3.250674486
3+400,248,-3.250674486
3+400,249,-3.250674486
3+400,250,-3.250674486
3+400,251,-3.2020123
3+400,252,-3.2020123
3+400,253,-3.2020123
3+400,254,-3.2020123
3+400,255,-3.2020123
3+400,256,-3.2020123
3+400,257,-3.193346739
3+400,258,-3.193346739
3+400,259,-3.193346739
3+400,260,-3.193346739
3+400,261,-3.193346739
3+400,262,-3.193346739
3+400,263,-3.193346739
3+400,264,-3.193346739
3+400,265,-3.193346739
3+400,266,-3.193346739
3+400,267,-3.193346739
3+400,268,-3.179558039
3+400,269,-3.179558039
3+400,270,-3.179558039
3+400,271,-3.179558039
3+400,272,-3.147091866
3+400,273,-3.147091866
3+400,274,-3.147091866
3+400,275,-3.147091866
3+400,276,-3.147091866
3+400,277,-3.147091866
3+400,278,-3.147091866
3+400,279,-3.147091866
3+400,280,-3.110793114
3+400,281,-3.110793114
3+400,282,-3.110793114
3+400,283,-3.110793114
3+400,284,-3.110793114
3+400,285,-3.110793114
3+400,286,-3.110793114
3+400,287,-3.110793114
3+400,288,-3.110793114
3+400,289,-3.110793114
3+400,290,-3.110793114
3+400,291,-3.053699493
3+400,292,-3.053699493
3+400,293,-3.029837608
3+400,294,-3.029837608
3+400,295,-3.029837608
3+400,296,-3.029837608
3+400,297,-3.029837608
3+400,298,-3.029837608
3+400,299,-3.029837608
3+400,300,-3.029837608
3+400,301,-3.029837608
3+400,302,-2.944943428
3+400,303,-2.944943428
3+400,304,-2.944943428
3+400,305,-2.944943428
3+400,306,-2.944943428
3+400,307,-2.944943428
3+400,308,-2.944943428
3+400,309,-2.944943428
3+400,310,-2.944943428
3+400,311,-2.944943428
3+400,312,-2.944943428
3+400,313,-2.944943428
3+400,314,-2.81324482
3+400,315,-2.81324482
3+400,316,-2.81324482
3+400,317,-2.81324482
3+400,318,-2.81324482
3+400,319,-2.81324482
3+400,320,-2.81324482
3+400,321,-2.81324482
3+400,322,-2.81324482
3+400,323,-2.81324482
3+400,324,-2.81324482
3+400,325,-2.692094564
3+400,326,-2.692094564
3+400,327,-2.692094564
3+400,328,-2.692094564
3+400,329,-2.692094564
3+400,330,-2.692094564
3+400,331,-2.692094564
3+400,332,-2.692094564
3+400,333,-2.692094564
3+400,334,-2.692094564
3+400,335,-2.681615353
3+400,336,-2.564314365
3+400,337,-2.564314365
3+400,338,-2.564314365
3+400,339,-2.564314365
3+400,340,-2.564314365
3+400,341,-2.564314365
3+400,342,-2.564314365
3+400,343,-2.564314365
3+400,344,-2.564314365
3+400,345,-2.564314365
3+400,346,-2.564314365
3+400,347,-2.564314365
3+400,348,-2.441874981
3+400,349,-2.441874981
3+400,350,-2.441874981
3+400,351,-2.441874981
3+400,352,-2.441874981
3+400,353,-2.441874981
3+400,354,-2.441874981
3+400,355,-2.441874981
3+400,356,-2.450708866
3+400,357,-2.450708866
3+400,358,-2.450708866
3+400,359,-2.266833782
3+400,360,-2.266833782
3+400,361,-2.266833782
3+400,362,-2.266833782
3+400,363,-2.266833782
3+400,364,-2.266833782
3+400,365,-2.266833782
3+400,366,-2.266833782
3+400,367,-2.266833782
3+400,368,-2.266833782
3+400,369,-2.266833782
3+400,370,-2.266833782
3+400,371,-2.109423876
3+400,372,-2.109423876
3+400,373,-2.109423876
3+400,374,-2.109423876
3+400,375,-2.109423876
3+400,376,-2.109423876
3+400,377,-2.032099247
3+400,378,-2.032099247
3+400,379,-2.032099247
3+400,380,-2.032099247
3+400,381,-2.032099247
3+400,382,-1.996079206
3+400,383,-1.996079206
3+400,384,-1.996079206
3+400,385,-1.996079206
3+400,386,-1.996079206
3+400,387,-1.996079206
3+400,388,-1.996079206
3+400,389,-1.996079206
3+400,390,-1.996079206
3+400,391,-1.996079206
3+400,392,-1.996079206
3+400,393,-1.950041771
3+400,394,-1.950041771
3+400,395,-1.950041771
3+400,396,-1.950041771
3+400,397,-1.867162228
3+400,398,-1.867162228
3+400,399,-1.867162228
3+400,400,-1.867162228
3+400,401,-1.867162228
3+400,402,-1.867162228
3+400,403,-1.867162228
3+400,404,-1.867162228
3+400,405,-1.799948215
3+400,406,-1.799948215
3+400,407,-1.799948215
3+400,408,-1.799948215
3+400,409,-1.799948215
3+400,410,-1.799948215
3+400,411,-1.799948215
3+400,412,-1.799948215
3+400,413,-1.799948215
3+400,414,-1.799948215
3+400,415,-1.799948215
3+400,416,-1.673264027
3+400,417,-1.673264027
3+400,418,-1.638269305
3+400,419,-1.638269305
3+400,420,-1.638269305
3+400,421,-1.638269305
3+400,422,-1.638269305
3+400,423,-1.638269305
3+400,424,-1.638269305
3+400,425,-1.638269305
3+400,426,-1.638269305
3+400,427,-1.638269305
3+400,428,-1.437511802
3+400,429,-1.437511802
3+400,430,-1.437511802
3+400,431,-1.437511802
3+400,432,-1.437511802
3+400,433,-1.437511802
3+400,434,-1.437511802
3+400,435,-1.437511802
3+400,436,-1.437511802
3+400,437,-1.437511802
3+400,438,-1.437511802
3+400,439,-0.876666903
3+400,440,-0.876666903
3+400,441,-0.876666903
3+400,442,-0.876666903
3+400,443,-0.876666903
3+400,444,-0.876666903
3+400,445,-0.876666903
3+400,446,-0.876666903
3+400,447,-0.876666903
3+400,448,-0.876666903
3+400,449,-0.876666903
3+400,450,0.12475872
3+400,451,0.12475872
3+400,452,0.12475872
3+400,453,0.12475872
3+400,454,0.12475872
3+400,455,0.12475872
3+400,456,0.12475872
3+400,457,0.12475872
3+400,458,0.12475872
3+400,459,0.12475872
3+400,460,0.450430751
3+400,461,0.450430751
3+400,462,1.362913609
3+400,463,1.362913609
3+400,464,1.362913609
3+400,465,1.362913609
3+400,466,1.362913609
3+400,467,1.362913609
3+400,468,1.362913609
3+400,469,1.362913609
3+400,470,1.362913609
3+400,471,1.362913609
3+400,472,1.362913609
3+400,473,2.066549301
3+400,474,2.066549301
3+400,475,2.066549301
3+400,476,2.066549301
3+400,477,2.066549301
3+400,478,2.066549301
3+400,479,2.066549301
3+400,480,2.066549301
3+400,481,2.267281532
3+400,482,2.267281532
3+400,483,2.267281532
3+400,484,2.682283401
3+400,485,2.682283401
3+400,486,2.682283401
3+400,487,2.682283401
3+400,488,2.682283401
3+400,489,2.682283401
3+400,490,2.682283401
3+400,491,2.682283401
3+400,492,2.682283401
3+400,493,2.682283401
3+400,494,2.682283401
3+400,495,2.682283401
3+400,496,2.682283401
3+400,497,2.682283401
3+400,498,2.682283401
3+400,499,2.682283401
3+400,500,2.682283401
3+500,0,2.682283401
3+500,1,2.682283401
3+500,2,2.682283401
3+500,3,2.682283401
3+500,4,2.682283401
3+500,5,2.682283401
3+500,6,2.682283401
3+500,7,2.682283401
3+500,8,2.682283401
3+500,9,2.682283401
3+500,10,2.682283401
3+500,11,2.682283401
3+500,12,2.682283401
3+500,13,2.682283401
3+500,14,2.682283401
3+500,15,2.682283401
3+500,16,2.682283401
3+500,17,2.682283401
3+500,18,2.682283401
3+500,19,2.682283401
3+500,20,2.682283401
3+500,21,-4.903675079
3+500,22,-4.903675079
3+500,23,-4.903675079
3+500,24,-4.903675079
3+500,25,-4.824781418
3+500,26,-4.824781418
3+500,27,-4.824781418
3+500,28,-4.824781418
3+500,29,-4.824781418
3+500,30,-4.824781418
3+500,31,-4.824781418
3+500,32,-4.824781418
3+500,33,-4.824781418
3+500,34,-4.824781418
3+500,35,-4.824781418
3+500,36,-4.733714581
3+500,37,-4.733714581
3+500,38,-4.733714581
3+500,39,-4.733714581
3+500,40,-4.733714581
3+500,41,-4.733714581
3+500,42,-4.735560417
3+500,43,-4.735560417
3+500,44,-4.735560417
3+500,45,-4.735560417
3+500,46,-4.735560417
3+500,47,-4.735560417
3+500,48,-4.62403965
3+500,49,-4.62403965
3+500,50,-4.62403965
3+500,51,-4.62403965
3+500,52,-4.62403965
3+500,53,-4.62403965
3+500,54,-4.62403965
3+500,55,-4.62403965
3+500,56,-4.62403965
3+500,57,-4.62403965
3+500,58,-4.62403965
3+500,59,-4.514075279
3+500,60,-4.514075279
3+500,61,-4.514075279
3+500,62,-4.514075279
3+500,63,-4.499829292
3+500,64,-4.499829292
3+500,65,-4.499829292
3+500,66,-4.499829292
3+500,67,-4.499829292
3+500,68,-4.499829292
3+500,69,-4.499829292
3+500,70,-4.384655952
3+500,71,-4.384655952
3+500,72,-4.384655952
3+500,73,-4.384655952
3+500,74,-4.384655952
3+500,75,-4.384655952
3+500,76,-4.384655952
3+500,77,-4.384655952
3+500,78,-4.384655952
3+500,79,-4.384655952
3+500,80,-4.384655952
3+500,81,-4.384655952
3+500,82,-4.306956291
3+500,83,-4.306956291
3+500,84,-4.23357296
3+500,85,-4.23357296
3+500,86,-4.23357296
3+500,87,-4.23357296
3+500,88,-4.23357296
3+500,89,-4.23357296
3+500,90,-4.23357296
3+500,91,-4.23357296
3+500,92,-4.23357296
3+500,93,-4.298947811
3+500,94,-4.298947811
3+500,95,-4.298947811
3+500,96,-4.298947811
3+500,97,-4.298947811
3+500,98,-4.298947811
3+500,99,-4.298947811
3+500,100,-4.298947811
3+500,101,-4.298947811
3+500,102,-4.298947811
3+500,103,-4.298947811
3+500,104,-4.317907333
3+500,105,-4.309684753
3+500,106,-4.309684753
3+500,107,-4.309684753
3+500,108,-4.309684753
3+500,109,-4.309684753
3+500,110,-4.309684753
3+500,111,-4.309684753
3+500,112,-4.309684753
3+500,113,-4.309684753
3+500,114,-4.309684753
3+500,115,-4.309684753
3+500,116,-4.295920372
3+500,117,-4.295920372
3+500,118,-4.295920372
3+500,119,-4.295920372
3+500,120,-4.295920372
3+500,121,-4.295920372
3+500,122,-4.295920372
3+500,123,-4.295920372
3+500,124,-4.295920372
3+500,125,-4.272305489
3+500,126,-4.272305489
3+500,127,-4.235564232
3+500,128,-4.235564232
3+500,129,-4.235564232
3+500,130,-4.235564232
3+500,131,-4.235564232
3+500,132,-4.235564232
3+500,133,-4.235564232
3+500,134,-4.235564232
3+500,135,-4.235564232
3+500,136,-4.235564232
3+500,137,-4.235564232
3+500,138,-4.235564232
3+500,139,-4.191418648
3+500,140,-4.191418648
3+500,141,-4.191418648
3+500,142,-4.191418648
3+500,143,-4.191418648
3+500,144,-4.191418648
3+500,145,-4.191418648
3+500,146,-4.152803421
3+500,147,-4.152803421
3+500,148,-4.152803421
3+500,149,-4.152803421
3+500,150,-4.096160889
3+500,151,-4.096160889
3+500,152,-4.096160889
3+500,153,-4.096160889
3+500,154,-4.096160889
3+500,155,-4.096160889
3+500,156,-4.096160889
3+500,157,-4.096160889
3+500,158,-4.096160889
3+500,159,-4.096160889
3+500,160,-4.096160889
3+500,161,-4.096160889
3+500,162,-4.034203053
3+500,163,-4.034203053
3+500,164,-4.034203053
3+500,165,-4.034203053
3+500,166,-4.034203053
3+500,167,-3.985214949
3+500,168,-3.985214949
3+500,169,-3.985214949
3+500,170,-3.985214949
3+500,171,-3.985214949
3+500,172,-3.985214949
3+500,173,-3.915915966
3+500,174,-3.915915966
3+500,175,-3.915915966
3+500,176,-3.915915966
3+500,177,-3.915915966
3+500,178,-3.915915966
3+500,179,-3.915915966
3+500,180,-3.915915966
3+500,181,-3.915915966
3+500,182,-3.915915966
3+500,183,-3.915915966
3+500,184,-3.84559536
3+500,185,-3.84559536
3+500,186,-3.84559536
3+500,187,-3.84559536
3+500,188,-3.787195206
3+500,189,-3.787195206
3+500,190,-3.787195206
3+500,191,-3.787195206
3+500,192,-3.787195206
3+500,193,-3.787195206
3+500,194,-3.787195206
3+500,195,-3.787195206
3+500,196,-3.715734005
3+500,197,-3.715734005
3+500,198,-3.715734005
3+500,199,-3.715734005
3+500,200,-3.715734005
3+500,201,-3.715734005
3+500,202,-3.715734005
3+500,203,-3.715734005
3+500,204,-3.715734005
3+500,205,-3.715734005
3+500,206,-3.715734005
3+500,207,-3.647834778
3+500,208,-3.647834778
3+500,209,-3.584084988
3+500,210,-3.584084988
3+500,211,-3.584084988
3+500,212,-3.584084988
3+500,213,-3.584084988
3+500,214,-3.584084988
3+500,215,-3.584084988
3+500,216,-3.584084988
3+500,217,-3.584084988
3+500,218,-3.52094841
3+500,219,-3.52094841
3+500,220,-3.52094841
3+500,221,-3.52094841
3+500,222,-3.52094841
3+500,223,-3.52094841
3+500,224,-3.52094841
3+500,225,-3.52094841
3+500,226,-3.52094841
3+500,227,-3.52094841
3+500,228,-3.52094841
3+500,229,-3.52094841
3+500,230,-3.404603481
3+500,231,-3.404603481
3+500,232,-3.404603481
3+500,233,-3.404603481
3+500,234,-3.404603481
3+500,235,-3.404603481
3+500,236,-3.404603481
3+500,237,-3.404603481
3+500,238,-3.404603481
3+500,239,-3.404603481
3+500,240,-3.404603481
3+500,241,-3.353826523
3+500,242,-3.353826523
3+500,243,-3.353826523
3+500,244,-3.353826523
3+500,245,-3.353826523
3+500,246,-3.353826523
3+500,247,-3.353826523
3+500,248,-3.353826523
3+500,249,-3.353826523
3+500,250,-3.311218739
3+500,251,-3.311218739
3+500,252,-3.311218739
3+500,253,-3.269094944
3+500,254,-3.269094944
3+500,255,-3.269094944
3+500,256,-3.269094944
3+500,257,-3.269094944
3+500,258,-3.269094944
3+500,259,-3.269094944
3+500,260,-3.269094944
3+500,261,-3.269094944
3+500,262,-3.269094944
3+500,263,-3.269094944
3+500,264,-3.23607564
3+500,265,-3.23607564
3+500,266,-3.23607564
3+500,267,-3.23607564
3+500,268,-3.23607564
3+500,269,-3.23607564
3+500,270,-3.23607564
3+500,271,-3.230819225
3+500,272,-3.230819225
3+500,273,-3.230819225
3+500,274,-3.230819225
3+500,275,-3.139890194
3+500,276,-3.139890194
3+500,277,-3.139890194
3+500,278,-3.139890194
3+500,279,-3.139890194
3+500,280,-3.139890194
3+500,281,-3.139890194
3+500,282,-3.139890194
3+500,283,-3.139890194
3+500,284,-3.139890194
3+500,285,-3.139890194
3+500,286,-3.139890194
3+500,287,-3.03443861
3+500,288,-3.03443861
3+500,289,-3.03443861
3+500,290,-3.03443861
3+500,291,-3.03443861
3+500,292,-2.98499012
3+500,293,-2.98499012
3+500,294,-2.98499012
3+500,295,-2.98499012
3+500,296,-2.98499012
3+500,297,-2.98499012
3+500,298,-2.850413799
3+500,299,-2.850413799
3+500,300,-2.850413799
3+500,301,-2.850413799
3+500,302,-2.850413799
3+500,303,-2.850413799
3+500,304,-2.850413799
3+500,305,-2.850413799
3+500,306,-2.850413799
3+500,307,-2.850413799
3+500,308,-2.850413799
3+500,309,-2.850413799
3+500,310,-2.702580929
3+500,311,-2.702580929
3+500,312,-2.702580929
3+500,313,-2.629889488
3+500,314,-2.629889488
3+500,315,-2.629889488
3+500,316,-2.629889488
3+500,317,-2.629889488
3+500,318,-2.629889488
3+500,319,-2.629889488
3+500,320,-2.629889488
3+500,321,-2.460429668
3+500,322,-2.460429668
3+500,323,-2.460429668
3+500,324,-2.460429668
3+500,325,-2.460429668
3+500,326,-2.460429668
3+500,327,-2.460429668
3+500,328,-2.460429668
3+500,329,-2.460429668
3+500,330,-2.460429668
3+500,331,-2.460429668
3+500,332,-2.280774832
3+500,333,-2.280774832
3+500,334,-2.209456921
3+500,335,-2.209456921
3+500,336,-2.209456921
3+500,337,-2.209456921
3+500,338,-2.209456921
3+500,339,-2.209456921
3+500,340,-2.209456921
3+500,341,-2.209456921
3+500,342,-2.209456921
3+500,343,-2.209456921
3+500,344,-1.97757411
3+500,345,-1.97757411
3+500,346,-1.97757411
3+500,347,-1.97757411
3+500,348,-1.97757411
3+500,349,-1.97757411
3+500,350,-1.97757411
3+500,351,-1.97757411
3+500,352,-1.97757411
3+500,353,-1.97757411
3+500,354,-1.97757411
3+500,355,-1.800344229
3+500,356,-1.800344229
3+500,357,-1.800344229
3+500,358,-1.800344229
3+500,359,-1.800344229
3+500,360,-1.800344229
3+500,361,-1.800344229
3+500,362,-1.800344229
3+500,363,-1.800344229
3+500,364,-1.800344229
3+500,365,-1.800344229
3+500,366,-1.657539129
3+500,367,-1.657539129
3+500,368,-1.657539129
3+500,369,-1.657539129
3+500,370,-1.657539129
3+500,371,-1.657539129
3+500,372,-1.657539129
3+500,373,-1.657539129
3+500,374,-1.657539129
3+500,375,-1.714371681
3+500,376,-1.714371681
3+500,377,-1.714371681
3+500,378,-1.633601189
3+500,379,-1.633601189
3+500,380,-1.633601189
3+500,381,-1.633601189
3+500,382,-1.633601189
3+500,383,-1.633601189
3+500,384,-1.633601189
3+500,385,-1.633601189
3+500,386,-1.633601189
3+500,387,-1.633601189
3+500,388,-1.633601189
3+500,389,-1.568514466
3+500,390,-1.568514466
3+500,391,-1.568514466
3+500,392,-1.568514466
3+500,393,-1.568514466
3+500,394,-1.568514466
3+500,395,-1.568514466
3+500,396,-1.679435968
3+500,397,-1.679435968
3+500,398,-1.679435968
3+500,399,-1.679435968
3+500,400,-1.679435968
3+500,401,-1.606482983
3+500,402,-1.606482983
3+500,403,-1.606482983
3+500,404,-1.606482983
3+500,405,-1.606482983
3+500,406,-1.606482983
3+500,407,-1.606482983
3+500,408,-1.606482983
3+500,409,-1.606482983
3+500,410,-1.606482983
3+500,411,-1.606482983
3+500,412,-1.507126093
3+500,413,-1.507126093
3+500,414,-1.507126093
3+500,415,-1.507126093
3+500,416,-1.507126093
3+500,417,-1.499388576
3+500,418,-1.499388576
3+500,419,-1.499388576
3+500,420,-1.499388576
3+500,421,-1.499388576
3+500,422,-1.499388576
3+500,423,-1.23734951
3+500,424,-1.23734951
3+500,425,-1.23734951
3+500,426,-1.23734951
3+500,427,-1.23734951
3+500,428,-1.23734951
3+500,429,-1.23734951
3+500,430,-1.23734951
3+500,431,-1.23734951
3+500,432,-1.23734951
3+500,433,-1.23734951
3+500,434,-1.23734951
3+500,435,-0.82970804
3+500,436,-0.82970804
3+500,437,-0.82970804
3+500,438,-0.403310239
3+500,439,-0.403310239
3+500,440,-0.403310239
3+500,441,-0.403310239
3+500,442,-0.403310239
3+500,443,-0.403310239
3+500,444,-0.403310239
3+500,445,-0.403310239
3+500,446,0.49360913
3+500,447,0.49360913
3+500,448,0.49360913
3+500,449,0.49360913
3+500,450,0.49360913
3+500,451,0.49360913
3+500,452,0.49360913
3+500,453,0.49360913
3+500,454,0.49360913
3+500,455,0.49360913
3+500,456,0.49360913
3+500,457,0.49360913
3+500,458,1.352086067
3+500,459,1.696372747
3+500,460,1.696372747
3+500,461,1.696372747
3+500,462,1.696372747
3+500,463,1.696372747
3+500,464,1.696372747
3+500,465,1.696372747
3+500,466,1.696372747
3+500,467,1.696372747
3+500,468,1.696372747
3+500,469,2.217046738
3+500,470,2.217046738
3+500,471,2.217046738
3+500,472,2.217046738
3+500,473,2.217046738
3+500,474,2.217046738
3+500,475,2.217046738
3+500,476,2.217046738
3+500,477,2.217046738
3+500,478,2.217046738
3+500,479,2.217046738
3+500,480,2.679324389
3+500,481,2.679324389
3+500,482,2.679324389
3+500,483,2.679324389
3+500,484,2.679324389
3+500,485,2.679324389
3+500,486,2.679324389
3+500,487,2.679324389
3+500,488,2.679324389
3+500,489,2.679324389
3+500,490,2.679324389
3+500,491,2.679324389
3+500,492,2.679324389
3+500,493,2.679324389
3+500,494,2.679324389
3+500,495,2.679324389
3+500,496,2.679324389
3+500,497,2.679324389
3+500,498,2.679324389
3+500,499,2.679324389
3+500,500,2.679324389
3+600,0,2.679324389
3+600,1,2.679324389
3+600,2,2.679324389
3+600,3,2.679324389
3+600,4,2.679324389
3+600,5,2.679324389
3+600,6,2.679324389
3+600,7,2.679324389
3+600,8,2.679324389
3+600,9,2.679324389
3+600,10,2.679324389
3+600,11,2.679324389
3+600,12,2.679324389
3+600,13,2.679324389
3+600,14,2.679324389
3+600,15,2.679324389
3+600,16,2.679324389
3+600,17,2.679324389
3+600,18,2.679324389
3+600,19,2.679324389
3+600,20,2.679324389
3+600,21,-4.659730911
3+600,22,-4.659730911
3+600,23,-4.659730911
3+600,24,-4.659730911
3+600,25,-4.659730911
3+600,26,-4.659730911
3+600,27,-4.659730911
3+600,28,-4.659730911
3+600,29,-4.659730911
3+600,30,-4.659730911
3+600,31,-4.659730911
3+600,32,-4.6077528
3+600,33,-4.6077528
3+600,34,-4.6077528
3+600,35,-4.6077528
3+600,36,-4.6077528
3+600,37,-4.6077528
3+600,38,-4.6077528
3+600,39,-4.6077528
3+600,40,-4.6077528
3+600,41,-4.601360321
3+600,42,-4.601360321
3+600,43,-4.601360321
3+600,44,-4.5467453
3+600,45,-4.5467453
3+600,46,-4.5467453
3+600,47,-4.5467453
3+600,48,-4.5467453
3+600,49,-4.5467453
3+600,50,-4.5467453
3+600,51,-4.5467453
3+600,52,-4.5467453
3+600,53,-4.5467453
3+600,54,-4.5467453
3+600,55,-4.490788937
3+600,56,-4.490788937
3+600,57,-4.490788937
3+600,58,-4.490788937
3+600,59,-4.490788937
3+600,60,-4.490788937
3+600,61,-4.490788937
3+600,62,-4.481947422
3+600,63,-4.481947422
3+600,64,-4.481947422
3+600,65,-4.481947422
3+600,66,-4.419475079
3+600,67,-4.419475079
3+600,68,-4.419475079
3+600,69,-4.419475079
3+600,70,-4.419475079
3+600,71,-4.419475079
3+600,72,-4.419475079
3+600,73,-4.419475079
3+600,74,-4.419475079
3+600,75,-4.419475079
3+600,76,-4.419475079
3+600,77,-4.419475079
3+600,78,-4.358469486
3+600,79,-4.358469486
3+600,80,-4.358469486
3+600,81,-4.358469486
3+600,82,-4.337412834
3+600,83,-4.337412834
3+600,84,-4.337412834
3+600,85,-4.337412834
3+600,86,-4.337412834
3+600,87,-4.337412834
3+600,88,-4.337412834
3+600,89,-4.274699688
3+600,90,-4.274699688
3+600,91,-4.274699688
3+600,92,-4.274699688
3+600,93,-4.274699688
3+600,94,-4.274699688
3+600,95,-4.274699688
3+600,96,-4.274699688
3+600,97,-4.274699688
3+600,98,-4.274699688
3+600,99,-4.274699688
3+600,100,-4.274699688
3+600,101,-4.205906868
3+600,102,-4.205906868
3+600,103,-4.225831032
3+600,104,-4.225831032
3+600,105,-4.225831032
3+600,106,-4.225831032
3+600,107,-4.225831032
3+600,108,-4.225831032
3+600,109,-4.225831032
3+600,110,-4.225831032
3+600,111,-4.225831032
3+600,112,-4.202745438
3+600,113,-4.202745438
3+600,114,-4.202745438
3+600,115,-4.202745438
3+600,116,-4.202745438
3+600,117,-4.202745438
3+600,118,-4.202745438
3+600,119,-4.202745438
3+600,120,-4.202745438
3+600,121,-4.202745438
3+600,122,-4.202745438
3+600,123,-4.19529438
3+600,124,-4.200643539
3+600,125,-4.200643539
3+600,126,-4.200643539
3+600,127,-4.200643539
3+600,128,-4.200643539
3+600,129,-4.200643539
3+600,130,-4.200643539
3+600,131,-4.200643539
3+600,132,-4.200643539
3+600,133,-4.200643539
3+600,134,-4.200643539
3+600,135,-4.184073448
3+600,136,-4.184073448
3+600,137,-4.184073448
3+600,138,-4.184073448
3+600,139,-4.184073448
3+600,140,-4.184073448
3+600,141,-4.184073448
3+600,142,-4.184073448
3+600,143,-4.184073448
3+600,144,-4.184073448
3+600,145,-4.179663658
3+600,146,-4.151889801
3+600,147,-4.151889801
3+600,148,-4.151889801
3+600,149,-4.151889801
3+600,150,-4.151889801
3+600,151,-4.151889801
3+600,152,-4.151889801
3+600,153,-4.151889801
3+600,154,-4.151889801
3+600,155,-4.151889801
3+600,156,-4.151889801
3+600,157,-4.121342182
3+600,158,-4.121342182
3+600,159,-4.121342182
3+600,160,-4.121342182
3+600,161,-4.121342182
3+600,162,-4.121342182
3+600,163,-4.121342182
3+600,164,-4.121342182
3+600,165,-4.121342182
3+600,166,-4.09663105
3+600,167,-4.09663105
3+600,168,-4.09663105
3+600,169,-4.056659222
3+600,170,-4.056659222
3+600,171,-4.056659222
3+600,172,-4.056659222
3+600,173,-4.056659222
3+600,174,-4.056659222
3+600,175,-4.056659222
3+600,176,-4.056659222
3+600,177,-4.056659222
3+600,178,-4.056659222
3+600,179,-4.056659222
3+600,180,-4.014657974
3+600,181,-4.014657974
3+600,182,-4.014657974
3+600,183,-4.014657974
3+600,184,-4.014657974
3+600,185,-4.014657974
3+600,186,-4.014657974
3+600,187,-3.977402687
3+600,188,-3.977402687
3+600,189,-3.977402687
3+600,190,-3.977402687
3+600,191,-3.977402687
3+600,192,-3.934001446
3+600,193,-3.934001446
3+600,194,-3.934001446
3+600,195,-3.934001446
3+600,196,-3.934001446
3+600,197,-3.934001446
3+600,198,-3.934001446
3+600,199,-3.934001446
3+600,200,-3.934001446
3+600,201,-3.934001446
3+600,202,-3.934001446
3+600,203,-3.892794371
3+600,204,-3.892794371
3+600,205,-3.892794371
3+600,206,-3.892794371
3+600,207,-3.892794371
3+600,208,-3.850161791
3+600,209,-3.850161791
3+600,210,-3.850161791
3+600,211,-3.850161791
3+600,212,-3.850161791
3+600,213,-3.850161791
3+600,214,-3.815451622
3+600,215,-3.815451622
3+600,216,-3.815451622
3+600,217,-3.815451622
3+600,218,-3.815451622
3+600,219,-3.815451622
3+600,220,-3.815451622
3+600,221,-3.815451622
3+600,222,-3.815451622
3+600,223,-3.815451622
3+600,224,-3.815451622
3+600,225,-3.815451622
3+600,226,-3.784007072
3+600,227,-3.784007072
3+600,228,-3.737123489
3+600,229,-3.737123489
3+600,230,-3.737123489
3+600,231,-3.737123489
3+600,232,-3.737123489
3+600,233,-3.737123489
3+600,234,-3.737123489
3+600,235,-3.737123489
3+600,236,-3.737123489
3+600,237,-3.715912819
3+600,238,-3.715912819
3+600,239,-3.715912819
3+600,240,-3.715912819
3+600,241,-3.715912819
3+600,242,-3.715912819
3+600,243,-3.715912819
3+600,244,-3.715912819
3+600,245,-3.715912819
3+600,246,-3.715912819
3+600,247,-3.715912819
3+600,248,-3.715912819
3+600,249,-3.636852741
3+600,250,-3.636852741
3+600,251,-3.636852741
3+600,252,-3.636852741
3+600,253,-3.636852741
3+600,254,-3.636852741
3+600,255,-3.636852741
3+600,256,-3.636852741
3+600,257,-3.636852741
3+600,258,-3.636852741
3+600,259,-3.636852741
3+600,260,-3.639805079
3+600,261,-3.639805079
3+600,262,-3.639805079
3+600,263,-3.639805079
3+600,264,-3.639805079
3+600,265,-3.639805079
3+600,266,-3.639805079
3+600,267,-3.639805079
3+600,268,-3.639805079
3+600,269,-3.639805079
3+600,270,-3.520431042
3+600,271,-3.593366146
3+600,272,-3.593366146
3+600,273,-3.593366146
3+600,274,-3.593366146
3+600,275,-3.593366146
3+600,276,-3.593366146
3+600,277,-3.593366146
3+600,278,-3.593366146
3+600,279,-3.593366146
3+600,280,-3.593366146
3+600,281,-3.593366146
3+600,282,-3.593366146
3+600,283,-3.495283842
3+600,284,-3.495283842
3+600,285,-3.495283842
3+600,286,-3.495283842
3+600,287,-3.495283842
3+600,288,-3.495283842
3+600,289,-3.495283842
3+600,290,-3.495283842
3+600,291,-3.380565643
3+600,292,-3.380565643
3+600,293,-3.380565643
3+600,294,-3.259147882
3+600,295,-3.259147882
3+600,296,-3.259147882
3+600,297,-3.259147882
3+600,298,-3.259147882
3+600,299,-3.259147882
3+600,300,-3.259147882
3+600,301,-3.259147882
3+600,302,-3.259147882
3+600,303,-3.259147882
3+600,304,-3.259147882
3+600,305,-3.114486217
3+600,306,-3.114486217
3+600,307,-3.114486217
3+600,308,-3.114486217
3+600,309,-3.114486217
3+600,310,-3.114486217
3+600,311,-3.114486217
3+600,312,-3.022051096
3+600,313,-3.022051096
3+600,314,-3.022051096
3+600,315,-3.022051096
3+600,316,-3.022051096
3+600,317,-2.759776354
3+600,318,-2.759776354
3+600,319,-2.759776354
3+600,320,-2.759776354
3+600,321,-2.759776354
3+600,322,-2.759776354
3+600,323,-2.759776354
3+600,324,-2.759776354
3+600,325,-2.759776354
3+600,326,-2.759776354
3+600,327,-2.759776354
3+600,328,-2.630006313
3+600,329,-2.630006313
3+600,330,-2.630006313
3+600,331,-2.630006313
3+600,332,-2.630006313
3+600,333,-2.474035501
3+600,334,-2.474035501
3+600,335,-2.474035501
3+600,336,-2.474035501
3+600,337,-2.474035501
3+600,338,-2.474035501
3+600,339,-2.474035501
3+600,340,-2.354329109
3+600,341,-2.354329109
3+600,342,-2.354329109
3+600,343,-2.354329109
3+600,344,-2.354329109
3+600,345,-2.354329109
3+600,346,-2.354329109
3+600,347,-2.354329109
3+600,348,-2.354329109
3+600,349,-2.354329109
3+600,350,-2.354329109
3+600,351,-2.257880211
3+600,352,-2.257880211
3+600,353,-2.067264557
3+600,354,-2.067264557
3+600,355,-2.067264557
3+600,356,-2.067264557
3+600,357,-2.067264557
3+600,358,-2.067264557
3+600,359,-2.067264557
3+600,360,-2.067264557
3+600,361,-2.067264557
3+600,362,-1.99541986
3+600,363,-1.99541986
3+600,364,-1.99541986
3+600,365,-1.99541986
3+600,366,-1.99541986
3+600,367,-1.99541986
3+600,368,-1.99541986
3+600,369,-1.99541986
3+600,370,-1.99541986
3+600,371,-1.99541986
3+600,372,-1.99541986
3+600,373,-1.99541986
3+600,374,-1.740844488
3+600,375,-1.740844488
3+600,376,-1.740844488
3+600,377,-1.740844488
3+600,378,-1.740844488
3+600,379,-1.740844488
3+600,380,-1.740844488
3+600,381,-1.740844488
3+600,382,-1.740844488
3+600,383,-1.740844488
3+600,384,-1.740844488
3+600,385,-1.744154334
3+600,386,-1.744154334
3+600,387,-1.744154334
3+600,388,-1.744154334
3+600,389,-1.744154334
3+600,390,-1.744154334
3+600,391,-1.744154334
3+600,392,-1.744154334
3+600,393,-1.744154334
3+600,394,-1.744154334
3+600,395,-1.515960693
3+600,396,-1.515960693
3+600,397,-1.585914612
3+600,398,-1.585914612
3+600,399,-1.585914612
3+600,400,-1.585914612
3+600,401,-1.585914612
3+600,402,-1.585914612
3+600,403,-1.585914612
3+600,404,-1.585914612
3+600,405,-1.585914612
3+600,406,-1.585914612
3+600,407,-1.585914612
3+600,408,-1.71079421
3+600,409,-1.71079421
3+600,410,-1.71079421
3+600,411,-1.71079421
3+600,412,-1.71079421
3+600,413,-1.71079421
3+600,414,-1.71079421
3+600,415,-1.71079421
3+600,416,-1.601433516
3+600,417,-1.601433516
3+600,418,-1.601433516
3+600,419,-1.703168988
3+600,420,-1.703168988
3+600,421,-1.703168988
3+600,422,-1.703168988
3+600,423,-1.703168988
3+600,424,-1.703168988
3+600,425,-1.703168988
3+600,426,-1.703168988
3+600,427,-1.703168988
3+600,428,-1.703168988
3+600,429,-1.703168988
3+600,430,-1.703168988
3+600,431,-1.569131732
3+600,432,-1.569131732
3+600,433,-1.569131732
3+600,434,-1.569131732
3+600,435,-1.569131732
3+600,436,-1.569131732
3+600,437,-1.208326221
3+600,438,-1.208326221
3+600,439,-1.208326221
3+600,440,-1.208326221
3+600,441,-1.208326221
3+600,442,-0.515384734
3+600,443,-0.515384734
3+600,444,-0.515384734
3+600,445,-0.515384734
3+600,446,-0.515384734
3+600,447,-0.515384734
3+600,448,-0.515384734
3+600,449,-0.515384734
3+600,450,-0.515384734
3+600,451,-0.515384734
3+600,452,-0.515384734
3+600,453,0.389042497
3+600,454,0.389042497
3+600,455,0.389042497
3+600,456,0.389042497
3+600,457,0.389042497
3+600,458,1.129900217
3+600,459,1.129900217
3+600,460,1.129900217
3+600,461,1.129900217
3+600,462,1.129900217
3+600,463,1.129900217
3+600,464,1.129900217
3+600,465,1.954632878
3+600,466,1.954632878
3+600,467,1.954632878
3+600,468,1.954632878
3+600,469,1.954632878
3+600,470,1.954632878
3+600,471,1.954632878
3+600,472,1.954632878
3+600,473,1.954632878
3+600,474,1.954632878
3+600,475,1.954632878
3+600,476,2.385137796
3+600,477,2.385137796
3+600,478,2.574044228
3+600,479,2.574044228
3+600,480,2.574044228
3+600,481,2.574044228
3+600,482,2.574044228
3+600,483,2.574044228
3+600,484,2.574044228
3+600,485,2.574044228
3+600,486,2.574044228
3+600,487,2.574044228
3+600,488,2.86425972
3+600,489,2.86425972
3+600,490,2.86425972
3+600,491,2.86425972
3+600,492,2.86425972
3+600,493,2.86425972
3+600,494,2.86425972
3+600,495,2.86425972
3+600,496,2.86425972
3+600,497,2.86425972
3+600,498,2.86425972
3+600,499,2.86425972
3+600,500,2.86425972
3+700,0,2.86425972
3+700,1,2.86425972
3+700,2,2.86425972
3+700,3,2.86425972
3+700,4,2.86425972
3+700,5,2.86425972
3+700,6,2.86425972
3+700,7,2.86425972
3+700,8,2.86425972
3+700,9,2.86425972
3+700,10,2.86425972
3+700,11,2.86425972
3+700,12,2.86425972
3+700,13,2.86425972
3+700,14,2.86425972
3+700,15,2.86425972
3+700,16,2.86425972
3+700,17,2.86425972
3+700,18,2.86425972
3+700,19,-4.719480991
3+700,20,-4.719480991
3+700,21,-4.719480991
3+700,22,-4.719480991
3+700,23,-4.719480991
3+700,24,-4.719480991
3+700,25,-4.719480991
3+700,26,-4.719480991
3+700,27,-4.719480991
3+700,28,-4.702386856
3+700,29,-4.702386856
3+700,30,-4.702386856
3+700,31,-4.702386856
3+700,32,-4.702386856
3+700,33,-4.702386856
3+700,34,-4.702386856
3+700,35,-4.702386856
3+700,36,-4.702386856
3+700,37,-4.702386856
3+700,38,-4.702386856
3+700,39,-4.702386856
3+700,40,-4.651950836
3+700,41,-4.651950836
3+700,42,-4.651950836
3+700,43,-4.651950836
3+700,44,-4.651950836
3+700,45,-4.651950836
3+700,46,-4.651950836
3+700,47,-4.651950836
3+700,48,-4.651950836
3+700,49,-4.651950836
3+700,50,-4.651950836
3+700,51,-4.641153336
3+700,52,-4.641153336
3+700,53,-4.641153336
3+700,54,-4.641153336
3+700,55,-4.641153336
3+700,56,-4.641153336
3+700,57,-4.641153336
3+700,58,-4.641153336
3+700,59,-4.641153336
3+700,60,-4.597805977
3+700,61,-4.597805977
3+700,62,-4.588567734
3+700,63,-4.588567734
3+700,64,-4.588567734
3+700,65,-4.588567734
3+700,66,-4.588567734
3+700,67,-4.588567734
3+700,68,-4.588567734
3+700,69,-4.588567734
3+700,70,-4.588567734
3+700,71,-4.588567734
3+700,72,-4.588567734
3+700,73,-4.588567734
3+700,74,-4.580200195
3+700,75,-4.580200195
3+700,76,-4.580200195
3+700,77,-4.580200195
3+700,78,-4.580200195
3+700,79,-4.580200195
3+700,80,-4.580200195
3+700,81,-4.521105289
3+700,82,-4.521105289
3+700,83,-4.521105289
3+700,84,-4.521105289
3+700,85,-4.50166893
3+700,86,-4.50166893
3+700,87,-4.50166893
3+700,88,-4.50166893
3+700,89,-4.50166893
3+700,90,-4.50166893
3+700,91,-4.50166893
3+700,92,-4.50166893
3+700,93,-4.50166893
3+700,94,-4.50166893
3+700,95,-4.50166893
3+700,96,-4.50191021
3+700,97,-4.50191021
3+700,98,-4.50191021
3+700,99,-4.50191021
3+700,100,-4.50191021
3+700,101,-4.50191021
3+700,102,-4.466171741
3+700,103,-4.466171741
3+700,104,-4.466171741
3+700,105,-4.466171741
3+700,106,-4.466171741
3+700,107,-4.466171741
3+700,108,-4.457663536
3+700,109,-4.457663536
3+700,110,-4.457663536
3+700,111,-4.457663536
3+700,112,-4.457663536
3+700,113,-4.457663536
3+700,114,-4.457663536
3+700,115,-4.457663536
3+700,116,-4.457663536
3+700,117,-4.457663536
3+700,118,-4.457663536
3+700,119,-4.421061039
3+700,120,-4.421061039
3+700,121,-4.421061039
3+700,122,-4.421061039
3+700,123,-4.393772125
3+700,124,-4.393772125
3+700,125,-4.393772125
3+700,126,-4.393772125
3+700,127,-4.393772125
3+700,128,-4.393772125
3+700,129,-4.393772125
3+700,130,-4.393772125
3+700,131,-4.35601902
3+700,132,-4.35601902
3+700,133,-4.35601902
3+700,134,-4.35601902
3+700,135,-4.35601902
3+700,136,-4.35601902
3+700,137,-4.35601902
3+700,138,-4.35601902
3+700,139,-4.35601902
3+700,140,-4.35601902
3+700,141,-4.35601902
3+700,142,-4.310002804
3+700,143,-4.310002804
3+700,144,-4.284675121
3+700,145,-4.284675121
3+700,146,-4.284675121
3+700,147,-4.284675121
3+700,148,-4.284675121
3+700,149,-4.284675121
3+700,150,-4.284675121
3+700,151,-4.284675121
3+700,152,-4.284675121
3+700,153,-4.235838413
3+700,154,-4.235838413
3+700,155,-4.235838413
3+700,156,-4.235838413
3+700,157,-4.235838413
3+700,158,-4.235838413
3+700,159,-4.235838413
3+700,160,-4.235838413
3+700,161,-4.235838413
3+700,162,-4.235838413
3+700,163,-4.235838413
3+700,164,-4.235838413
3+700,165,-4.153476715
3+700,166,-4.153476715
3+700,167,-4.153476715
3+700,168,-4.153476715
3+700,169,-4.153476715
3+700,170,-4.153476715
3+700,171,-4.153476715
3+700,172,-4.153476715
3+700,173,-4.153476715
3+700,174,-4.153476715
3+700,175,-4.153476715
3+700,176,-4.093647003
3+700,177,-4.093647003
3+700,178,-4.093647003
3+700,179,-4.093647003
3+700,180,-4.093647003
3+700,181,-4.093647003
3+700,182,-4.093647003
3+700,183,-4.093647003
3+700,184,-4.093647003
3+700,185,-4.093647003
3+700,186,-4.063175201
3+700,187,-4.063175201
3+700,188,-3.998855114
3+700,189,-3.998855114
3+700,190,-3.998855114
3+700,191,-3.998855114
3+700,192,-3.998855114
3+700,193,-3.998855114
3+700,194,-3.998855114
3+700,195,-3.998855114
3+700,196,-3.998855114
3+700,197,-3.998855114
3+700,198,-3.998855114
3+700,199,-3.929109812
3+700,200,-3.929109812
3+700,201,-3.929109812
3+700,202,-3.929109812
3+700,203,-3.929109812
3+700,204,-3.929109812
3+700,205,-3.929109812
3+700,206,-3.901023865
3+700,207,-3.901023865
3+700,208,-3.901023865
3+700,209,-3.901023865
3+700,210,-3.831490517
3+700,211,-3.831490517
3+700,212,-3.831490517
3+700,213,-3.831490517
3+700,214,-3.831490517
3+700,215,-3.831490517
3+700,216,-3.831490517
3+700,217,-3.831490517
3+700,218,-3.831490517
3+700,219,-3.831490517
3+700,220,-3.831490517
3+700,221,-3.831490517
3+700,222,-3.754271269
3+700,223,-3.754271269
3+700,224,-3.754271269
3+700,225,-3.754271269
3+700,226,-3.754271269
3+700,227,-3.739613533
3+700,228,-3.739613533
3+700,229,-3.739613533
3+700,230,-3.739613533
3+700,231,-3.739613533
3+700,232,-3.739613533
3+700,233,-3.666703701
3+700,234,-3.666703701
3+700,235,-3.666703701
3+700,236,-3.666703701
3+700,237,-3.666703701
3+700,238,-3.666703701
3+700,239,-3.666703701
3+700,240,-3.666703701
3+700,241,-3.666703701
3+700,242,-3.666703701
3+700,243,-3.666703701
3+700,244,-3.579294205
3+700,245,-3.579294205
3+700,246,-3.579294205
3+700,247,-3.579294205
3+700,248,-3.601811409
3+700,249,-3.601811409
3+700,250,-3.601811409
3+700,251,-3.601811409
3+700,252,-3.601811409
3+700,253,-3.601811409
3+700,254,-3.601811409
3+700,255,-3.601811409
3+700,256,-3.489794731
3+700,257,-3.489794731
3+700,258,-3.489794731
3+700,259,-3.489794731
3+700,260,-3.489794731
3+700,261,-3.489794731
3+700,262,-3.489794731
3+700,263,-3.489794731
3+700,264,-3.489794731
3+700,265,-3.489794731
3+700,266,-3.489794731
3+700,267,-3.334852695
3+700,268,-3.334852695
3+700,269,-3.447375774
3+700,270,-3.447375774
3+700,271,-3.447375774
3+700,272,-3.447375774
3+700,273,-3.447375774
3+700,274,-3.447375774
3+700,275,-3.447375774
3+700,276,-3.447375774
3+700,277,-3.447375774
3+700,278,-3.447375774
3+700,279,-3.294312716
3+700,280,-3.294312716
3+700,281,-3.294312716
3+700,282,-3.294312716
3+700,283,-3.294312716
3+700,284,-3.294312716
3+700,285,-3.294312716
3+700,286,-3.294312716
3+700,287,-3.294312716
3+700,288,-3.294312716
3+700,289,-3.294312716
3+700,290,-3.200906277
3+700,291,-3.200906277
3+700,292,-3.200906277
3+700,293,-3.200906277
3+700,294,-3.200906277
3+700,295,-3.200906277
3+700,296,-3.200906277
3+700,297,-3.200906277
3+700,298,-3.200906277
3+700,299,-3.200906277
3+700,300,-3.200906277
3+700,301,-3.057434082
3+700,302,-3.057434082
3+700,303,-3.057434082
3+700,304,-3.057434082
3+700,305,-3.057434082
3+700,306,-3.057434082
3+700,307,-3.057434082
3+700,308,-3.057434082
3+700,309,-3.057434082
3+700,310,-3.057434082
3+700,311,-3.019951344
3+700,312,-3.019951344
3+700,313,-2.898035288
3+700,314,-2.898035288
3+700,315,-2.898035288
3+700,316,-2.898035288
3+700,317,-2.898035288
3+700,318,-2.898035288
3+700,319,-2.898035288
3+700,320,-2.898035288
3+700,321,-2.898035288
3+700,322,-2.898035288
3+700,323,-2.898035288
3+700,324,-2.766247034
3+700,325,-2.766247034
3+700,326,-2.766247034
3+700,327,-2.766247034
3+700,328,-2.766247034
3+700,329,-2.766247034
3+700,330,-2.766247034
3+700,331,-2.734171152
3+700,332,-2.734171152
3+700,333,-2.734171152
3+700,334,-2.734171152
3+700,335,-2.734171152
3+700,336,-2.60067749
3+700,337,-2.60067749
3+700,338,-2.60067749
3+700,339,-2.60067749
3+700,340,-2.60067749
3+700,341,-2.60067749
3+700,342,-2.60067749
3+700,343,-2.60067749
3+700,344,-2.60067749
3+700,345,-2.60067749
3+700,346,-2.60067749
3+700,347,-2.458972931
3+700,348,-2.458972931
3+700,349,-2.458972931
3+700,350,-2.458972931
3+700,351,-2.458972931
3+700,352,-2.441550016
3+700,353,-2.441550016
3+700,354,-2.441550016
3+700,355,-2.441550016
3+700,356,-2.441550016
3+700,357,-2.441550016
3+700,358,-2.306980371
3+700,359,-2.306980371
3+700,360,-2.306980371
3+700,361,-2.306980371
3+700,362,-2.306980371
3+700,363,-2.306980371
3+700,364,-2.306980371
3+700,365,-2.306980371
3+700,366,-2.306980371
3+700,367,-2.306980371
3+700,368,-2.306980371
3+700,369,-2.306980371
3+700,370,-2.173278332
3+700,371,-2.173278332
3+700,372,-2.173278332
3+700,373,-2.164834023
3+700,374,-2.164834023
3+700,375,-2.164834023
3+700,376,-2.164834023
3+700,377,-2.164834023
3+700,378,-2.164834023
3+700,379,-2.164834023
3+700,380,-2.164834023
3+700,381,-2.053303003
3+700,382,-2.053303003
3+700,383,-2.053303003
3+700,384,-2.053303003
3+700,385,-2.053303003
3+700,386,-2.053303003
3+700,387,-2.053303003
3+700,388,-2.053303003
3+700,389,-2.053303003
3+700,390,-2.053303003
3+700,391,-2.053303003
3+700,392,-1.952137232
3+700,393,-1.952137232
3+700,394,-1.841178894
3+700,395,-1.841178894
3+700,396,-1.841178894
3+700,397,-1.841178894
3+700,398,-1.841178894
3+700,399,-1.841178894
3+700,400,-1.841178894
3+700,401,-1.841178894
3+700,402,-1.841178894
3+700,403,-1.841178894
3+700,404,-1.824941754
3+700,405,-1.824941754
3+700,406,-1.824941754
3+700,407,-1.824941754
3+700,408,-1.824941754
3+700,409,-1.824941754
3+700,410,-1.824941754
3+700,411,-1.824941754
3+700,412,-1.824941754
3+700,413,-1.824941754
3+700,414,-1.824941754
3+700,415,-1.789385796
3+700,416,-1.789385796
3+700,417,-1.789385796
3+700,418,-1.789385796
3+700,419,-1.789385796
3+700,420,-1.789385796
3+700,421,-1.789385796
3+700,422,-1.789385796
3+700,423,-1.789385796
3+700,424,-1.789385796
3+700,425,-1.789385796
3+700,426,-1.789385796
3+700,427,-1.72898984
3+700,428,-1.72898984
3+700,429,-1.72898984
3+700,430,-1.72898984
3+700,431,-1.72898984
3+700,432,-1.72898984
3+700,433,-1.72898984
3+700,434,-1.72898984
3+700,435,-1.72898984
3+700,436,-1.567312837
3+700,437,-1.567312837
3+700,438,-1.109673858
3+700,439,-1.109673858
3+700,440,-1.109673858
3+700,441,-1.109673858
3+700,442,-1.109673858
3+700,443,-1.109673858
3+700,444,-1.109673858
3+700,445,-1.109673858
3+700,446,-1.109673858
3+700,447,-1.109673858
3+700,448,-1.109673858
3+700,449,-0.088772669
3+700,450,-0.088772669
3+700,451,-0.088772669
3+700,452,-0.088772669
3+700,453,-0.088772669
3+700,454,-0.088772669
3+700,455,-0.088772669
3+700,456,0.287184656
3+700,457,0.287184656
3+700,458,0.287184656
3+700,459,0.287184656
3+700,460,0.287184656
3+700,461,1.315629125
3+700,462,1.315629125
3+700,463,1.315629125
3+700,464,1.315629125
3+700,465,1.315629125
3+700,466,1.315629125
3+700,467,1.315629125
3+700,468,1.315629125
3+700,469,1.315629125
3+700,470,1.315629125
3+700,471,1.315629125
3+700,472,2.037510872
3+700,473,2.037510872
3+700,474,2.037510872
3+700,475,2.037510872
3+700,476,2.037510872
3+700,477,2.200049162
3+700,478,2.200049162
3+700,479,2.200049162
3+700,480,2.200049162
3+700,481,2.200049162
3+700,482,2.200049162
3+700,483,2.580049038
3+700,484,2.580049038
3+700,485,2.580049038
3+700,486,2.580049038
3+700,487,2.580049038
3+700,488,2.580049038
3+700,489,2.580049038
3+700,490,2.580049038
3+700,491,2.580049038
3+700,492,2.580049038
3+700,493,2.580049038
3+700,494,2.580049038
3+700,495,2.580049038
3+700,496,2.580049038
3+700,497,2.580049038
3+700,498,2.580049038
3+700,499,2.580049038
3+700,500,2.580049038
3+800,0,2.580049038
3+800,1,2.580049038
3+800,2,2.580049038
3+800,3,2.580049038
3+800,4,2.580049038
3+800,5,2.580049038
3+800,6,2.580049038
3+800,7,2.580049038
3+800,8,2.580049038
3+800,9,2.580049038
3+800,10,2.580049038
3+800,11,2.580049038
3+800,12,2.580049038
3+800,13,2.580049038
3+800,14,2.580049038
3+800,15,2.580049038
3+800,16,2.580049038
3+800,17,2.580049038
3+800,18,2.580049038
3+800,19,2.580049038
3+800,20,2.580049038
3+800,21,2.580049038
3+800,22,2.580049038
3+800,23,2.580049038
3+800,24,2.580049038
3+800,25,2.580049038
3+800,26,-4.698624611
3+800,27,-4.698624611
3+800,28,-4.677070618
3+800,29,-4.677070618
3+800,30,-4.677070618
3+800,31,-4.677070618
3+800,32,-4.677070618
3+800,33,-4.677070618
3+800,34,-4.677070618
3+800,35,-4.677070618
3+800,36,-4.677070618
3+800,37,-4.641783714
3+800,38,-4.641783714
3+800,39,-4.641783714
3+800,40,-4.641783714
3+800,41,-4.641783714
3+800,42,-4.641783714
3+800,43,-4.641783714
3+800,44,-4.641783714
3+800,45,-4.641783714
3+800,46,-4.641783714
3+800,47,-4.641783714
3+800,48,-4.62131691
3+800,49,-4.58321476
3+800,50,-4.58321476
3+800,51,-4.58321476
3+800,52,-4.58321476
3+800,53,-4.58321476
3+800,54,-4.58321476
3+800,55,-4.58321476
3+800,56,-4.58321476
3+800,57,-4.58321476
3+800,58,-4.58321476
3+800,59,-4.58321476
3+800,60,-4.546917915
3+800,61,-4.546917915
3+800,62,-4.546917915
3+800,63,-4.546917915
3+800,64,-4.546917915
3+800,65,-4.546917915
3+800,66,-4.546917915
3+800,67,-4.523885727
3+800,68,-4.523885727
3+800,69,-4.523885727
3+800,70,-4.523885727
3+800,71,-4.523885727
3+800,72,-4.486952782
3+800,73,-4.486952782
3+800,74,-4.486952782
3+800,75,-4.486952782
3+800,76,-4.486952782
3+800,77,-4.486952782
3+800,78,-4.486952782
3+800,79,-4.486952782
3+800,80,-4.486952782
3+800,81,-4.486952782
3+800,82,-4.486952782
3+800,83,-4.486952782
3+800,84,-4.45977354
3+800,85,-4.45977354
3+800,86,-4.45977354
3+800,87,-4.439390182
3+800,88,-4.439390182
3+800,89,-4.439390182
3+800,90,-4.439390182
3+800,91,-4.439390182
3+800,92,-4.439390182
3+800,93,-4.439390182
3+800,94,-4.439390182
3+800,95,-4.434145927
3+800,96,-4.434145927
3+800,97,-4.434145927
3+800,98,-4.434145927
3+800,99,-4.434145927
3+800,100,-4.434145927
3+800,101,-4.434145927
3+800,102,-4.434145927
3+800,103,-4.434145927
3+800,104,-4.434145927
3+800,105,-4.434145927
3+800,106,-4.430753231
3+800,107,-4.451971054
3+800,108,-4.451971054
3+800,109,-4.451971054
3+800,110,-4.451971054
3+800,111,-4.451971054
3+800,112,-4.451971054
3+800,113,-4.451971054
3+800,114,-4.451971054
3+800,115,-4.451971054
3+800,116,-4.451971054
3+800,117,-4.451971054
3+800,118,-4.451971054
3+800,119,-4.497345448
3+800,120,-4.497345448
3+800,121,-4.497345448
3+800,122,-4.497345448
3+800,123,-4.497345448
3+800,124,-4.497345448
3+800,125,-4.497345448
3+800,126,-4.485369682
3+800,127,-4.485369682
3+800,128,-4.485369682
3+800,129,-4.485369682
3+800,130,-4.45375061
3+800,131,-4.45375061
3+800,132,-4.45375061
3+800,133,-4.45375061
3+800,134,-4.45375061
3+800,135,-4.45375061
3+800,136,-4.45375061
3+800,137,-4.45375061
3+800,138,-4.45375061
3+800,139,-4.45375061
3+800,140,-4.45375061
3+800,141,-4.45375061
3+800,142,-4.409410954
3+800,143,-4.409410954
3+800,144,-4.409410954
3+800,145,-4.360399246
3+800,146,-4.360399246
3+800,147,-4.360399246
3+800,148,-4.360399246
3+800,149,-4.360399246
3+800,150,-4.360399246
3+800,151,-4.360399246
3+800,152,-4.360399246
3+800,153,-4.30082655
3+800,154,-4.30082655
3+800,155,-4.30082655
3+800,156,-4.30082655
3+800,157,-4.30082655
3+800,158,-4.30082655
3+800,159,-4.30082655
3+800,160,-4.30082655
3+800,161,-4.30082655
3+800,162,-4.30082655
3+800,163,-4.30082655
3+800,164,-4.30082655
3+800,165,-4.173047066
3+800,166,-4.173047066
3+800,167,-4.173047066
3+800,168,-4.173047066
3+800,169,-4.173047066
3+800,170,-4.173047066
3+800,171,-4.173047066
3+800,172,-4.173047066
3+800,173,-4.173047066
3+800,174,-4.173047066
3+800,175,-4.173047066
3+800,176,-4.173047066
3+800,177,-4.101672649
3+800,178,-4.101672649
3+800,179,-4.101672649
3+800,180,-4.101672649
3+800,181,-4.101672649
3+800,182,-4.101672649
3+800,183,-4.101672649
3+800,184,-4.035088062
3+800,185,-4.035088062
3+800,186,-4.035088062
3+800,187,-4.035088062
3+800,188,-3.961663961
3+800,189,-3.961663961
3+800,190,-3.961663961
3+800,191,-3.961663961
3+800,192,-3.961663961
3+800,193,-3.961663961
3+800,194,-3.961663961
3+800,195,-3.961663961
3+800,196,-3.961663961
3+800,197,-3.961663961
3+800,198,-3.961663961
3+800,199,-3.961663961
3+800,200,-3.892719746
3+800,201,-3.892719746
3+800,202,-3.892719746
3+800,203,-3.892719746
3+800,204,-3.819449663
3+800,205,-3.819449663
3+800,206,-3.819449663
3+800,207,-3.819449663
3+800,208,-3.819449663
3+800,209,-3.819449663
3+800,210,-3.819449663
3+800,211,-3.819449663
3+800,212,-3.752495766
3+800,213,-3.752495766
3+800,214,-3.752495766
3+800,215,-3.752495766
3+800,216,-3.752495766
3+800,217,-3.752495766
3+800,218,-3.752495766
3+800,219,-3.752495766
3+800,220,-3.752495766
3+800,221,-3.752495766
3+800,222,-3.752495766
3+800,223,-3.692547798
3+800,224,-3.61074996
3+800,225,-3.61074996
3+800,226,-3.61074996
3+800,227,-3.61074996
3+800,228,-3.61074996
3+800,229,-3.61074996
3+800,230,-3.61074996
3+800,231,-3.61074996
3+800,232,-3.61074996
3+800,233,-3.61074996
3+800,234,-3.61074996
3+800,235,-3.553384781
3+800,236,-3.553384781
3+800,237,-3.553384781
3+800,238,-3.553384781
3+800,239,-3.553384781
3+800,240,-3.553384781
3+800,241,-3.553384781
3+800,242,-3.553384781
3+800,243,-3.467382431
3+800,244,-3.467382431
3+800,245,-3.467382431
3+800,246,-3.412595987
3+800,247,-3.412595987
3+800,248,-3.412595987
3+800,249,-3.412595987
3+800,250,-3.412595987
3+800,251,-3.412595987
3+800,252,-3.412595987
3+800,253,-3.412595987
3+800,254,-3.412595987
3+800,255,-3.412595987
3+800,256,-3.412595987
3+800,257,-3.412595987
3+800,258,-3.36723876
3+800,259,-3.36723876
3+800,260,-3.36723876
3+800,261,-3.36723876
3+800,262,-3.36723876
3+800,263,-3.274729729
3+800,264,-3.274729729
3+800,265,-3.274729729
3+800,266,-3.274729729
3+800,267,-3.274729729
3+800,268,-3.274729729
3+800,269,-3.274729729
3+800,270,-3.169676304
3+800,271,-3.169676304
3+800,272,-3.169676304
3+800,273,-3.169676304
3+800,274,-3.169676304
3+800,275,-3.169676304
3+800,276,-3.169676304
3+800,277,-3.169676304
3+800,278,-3.169676304
3+800,279,-3.169676304
3+800,280,-3.169676304
3+800,281,-3.133836746
3+800,282,-3.131429911
3+800,283,-3.131429911
3+800,284,-3.131429911
3+800,285,-3.131429911
3+800,286,-3.131429911
3+800,287,-3.131429911
3+800,288,-3.131429911
3+800,289,-3.131429911
3+800,290,-3.131429911
3+800,291,-3.131429911
3+800,292,-3.131429911
3+800,293,-3.080870628
3+800,294,-3.080870628
3+800,295,-3.080870628
3+800,296,-3.080870628
3+800,297,-3.080870628
3+800,298,-3.080870628
3+800,299,-3.080870628
3+800,300,-3.080870628
3+800,301,-3.080870628
3+800,302,-3.026652336
3+800,303,-3.026652336
3+800,304,-3.026652336
3+800,305,-2.940917492
3+800,306,-2.940917492
3+800,307,-2.940917492
3+800,308,-2.940917492
3+800,309,-2.940917492
3+800,310,-2.940917492
3+800,311,-2.940917492
3+800,312,-2.940917492
3+800,313,-2.940917492
3+800,314,-2.940917492
3+800,315,-2.940917492
3+800,316,-2.826014042
3+800,317,-2.826014042
3+800,318,-2.826014042
3+800,319,-2.826014042
3+800,320,-2.826014042
3+800,321,-2.704651833
3+800,322,-2.704651833
3+800,323,-2.704651833
3+800,324,-2.704651833
3+800,325,-2.704651833
3+800,326,-2.704651833
3+800,327,-2.704651833
3+800,328,-2.553481102
3+800,329,-2.553481102
3+800,330,-2.553481102
3+800,331,-2.553481102
3+800,332,-2.553481102
3+800,333,-2.553481102
3+800,334,-2.553481102
3+800,335,-2.553481102
3+800,336,-2.553481102
3+800,337,-2.553481102
3+800,338,-2.553481102
3+800,339,-2.400284767
3+800,340,-2.400284767
3+800,341,-2.24110651
3+800,342,-2.24110651
3+800,343,-2.24110651
3+800,344,-2.24110651
3+800,345,-2.24110651
3+800,346,-2.24110651
3+800,347,-2.24110651
3+800,348,-2.24110651
3+800,349,-2.24110651
3+800,350,-2.24110651
3+800,351,-2.083537817
3+800,352,-2.083537817
3+800,353,-2.083537817
3+800,354,-2.083537817
3+800,355,-2.083537817
3+800,356,-2.083537817
3+800,357,-2.083537817
3+800,358,-2.083537817
3+800,359,-2.083537817
3+800,360,-1.914723635
3+800,361,-1.914723635
3+800,362,-1.914723635
3+800,363,-1.768728256
3+800,364,-1.768728256
3+800,365,-1.768728256
3+800,366,-1.768728256
3+800,367,-1.768728256
3+800,368,-1.768728256
3+800,369,-1.768728256
3+800,370,-1.768728256
3+800,371,-1.768728256
3+800,372,-1.768728256
3+800,373,-1.768728256
3+800,374,-1.658375144
3+800,375,-1.658375144
3+800,376,-1.658375144
3+800,377,-1.658375144
3+800,378,-1.658375144
3+800,379,-1.658375144
3+800,380,-1.49078691
3+800,381,-1.49078691
3+800,382,-1.49078691
3+800,383,-1.49078691
3+800,384,-1.49078691
3+800,385,-1.49078691
3+800,386,-1.429336786
3+800,387,-1.429336786
3+800,388,-1.429336786
3+800,389,-1.429336786
3+800,390,-1.429336786
3+800,391,-1.429336786
3+800,392,-1.429336786
3+800,393,-1.429336786
3+800,394,-1.429336786
3+800,395,-1.429336786
3+800,396,-1.429336786
3+800,397,-1.429336786
3+800,398,-1.417446375
3+800,399,-1.300473809
3+800,400,-1.300473809
3+800,401,-1.300473809
3+800,402,-1.300473809
3+800,403,-1.300473809
3+800,404,-1.300473809
3+800,405,-1.300473809
3+800,406,-1.300473809
3+800,407,-1.300473809
3+800,408,-1.300473809
3+800,409,-1.379802227
3+800,410,-1.379802227
3+800,411,-1.379802227
3+800,412,-1.379802227
3+800,413,-1.379802227
3+800,414,-1.379802227
3+800,415,-1.379802227
3+800,416,-1.379802227
3+800,417,-1.379802227
3+800,418,-1.379802227
3+800,419,-1.249662638
3+800,420,-1.249662638
3+800,421,-1.356791854
3+800,422,-1.356791854
3+800,423,-1.356791854
3+800,424,-1.356791854
3+800,425,-1.356791854
3+800,426,-1.356791854
3+800,427,-1.356791854
3+800,428,-1.356791854
3+800,429,-1.356791854
3+800,430,-1.356791854
3+800,431,-1.356791854
3+800,432,-1.456715584
3+800,433,-1.456715584
3+800,434,-1.456715584
3+800,435,-1.456715584
3+800,436,-1.456715584
3+800,437,-1.456715584
3+800,438,-1.456715584
3+800,439,-1.095617056
3+800,440,-1.095617056
3+800,441,-1.095617056
3+800,442,-1.095617056
3+800,443,-1.095617056
3+800,444,-0.652816117
3+800,445,-0.652816117
3+800,446,-0.652816117
3+800,447,-0.652816117
3+800,448,-0.652816117
3+800,449,-0.652816117
3+800,450,-0.652816117
3+800,451,-0.652816117
3+800,452,-0.652816117
3+800,453,-0.652816117
3+800,454,-0.652816117
3+800,455,-0.652816117
3+800,456,-0.126764342
3+800,457,-0.126764342
3+800,458,0.883572817
3+800,459,0.883572817
3+800,460,0.883572817
3+800,461,0.883572817
3+800,462,0.883572817
3+800,463,0.883572817
3+800,464,0.883572817
3+800,465,0.883572817
3+800,466,0.883572817
3+800,467,1.424754977
3+800,468,1.424754977
3+800,469,1.424754977
3+800,470,1.424754977
3+800,471,1.424754977
3+800,472,1.424754977
3+800,473,1.424754977
3+800,474,1.424754977
3+800,475,1.424754977
3+800,476,1.424754977
3+800,477,1.424754977
3+800,478,2.247370958
3+800,479,2.624713898
3+800,480,2.624713898
3+800,481,2.624713898
3+800,482,2.624713898
3+800,483,2.624713898
3+800,484,2.624713898
3+800,485,2.624713898
3+800,486,2.624713898
3+800,487,2.624713898
3+800,488,2.624713898
3+800,489,2.624713898
3+800,490,2.624713898
3+800,491,2.923763752
3+800,492,2.923763752
3+800,493,2.923763752
3+800,494,2.923763752
3+800,495,2.923763752
3+800,496,2.923763752
3+800,497,2.923763752
3+800,498,2.923763752
3+800,499,2.923763752
3+800,500,2.923763752
3+900,0,2.923763752
3+900,1,2.923763752
3+900,2,2.923763752
3+900,3,2.923763752
3+900,4,2.923763752
3+900,5,2.923763752
3+900,6,2.923763752
3+900,7,2.923763752
3+900,8,2.923763752
3+900,9,2.923763752
3+900,10,2.923763752
3+900,11,2.923763752
3+900,12,2.923763752
3+900,13,2.923763752
3+900,14,2.923763752
3+900,15,2.923763752
3+900,16,2.923763752
3+900,17,2.923763752
3+900,18,-4.926597595
3+900,19,-4.926597595
3+900,20,-4.926597595
3+900,21,-4.926597595
3+900,22,-4.926597595
3+900,23,-4.893880367
3+900,24,-4.893880367
3+900,25,-4.893880367
3+900,26,-4.893880367
3+900,27,-4.893880367
3+900,28,-4.893880367
3+900,29,-4.893880367
3+900,30,-4.892122269
3+900,31,-4.892122269
3+900,32,-4.892122269
3+900,33,-4.892122269
3+900,34,-4.892122269
3+900,35,-4.892122269
3+900,36,-4.892122269
3+900,37,-4.892122269
3+900,38,-4.892122269
3+900,39,-4.892122269
3+900,40,-4.892122269
3+900,41,-4.892122269
3+900,42,-4.859230995
3+900,43,-4.859230995
3+900,44,-4.859230995
3+900,45,-4.859230995
3+900,46,-4.859230995
3+900,47,-4.859230995
3+900,48,-4.859230995
3+900,49,-4.859230995
3+900,50,-4.859230995
3+900,51,-4.859230995
3+900,52,-4.859230995
3+900,53,-4.859230995
3+900,54,-4.85999918
3+900,55,-4.85999918
3+900,56,-4.85999918
3+900,57,-4.85999918
3+900,58,-4.85999918
3+900,59,-4.85999918
3+900,60,-4.828625679
3+900,61,-4.828625679
3+900,62,-4.828625679
3+900,63,-4.828625679
3+900,64,-4.828625679
3+900,65,-4.828625679
3+900,66,-4.8321805
3+900,67,-4.8321805
3+900,68,-4.8321805
3+900,69,-4.8321805
3+900,70,-4.8321805
3+900,71,-4.8321805
3+900,72,-4.8321805
3+900,73,-4.8321805
3+900,74,-4.8321805
3+900,75,-4.8321805
3+900,76,-4.8321805
3+900,77,-4.836222649
3+900,78,-4.836222649
3+900,79,-4.811431408
3+900,80,-4.811431408
3+900,81,-4.811431408
3+900,82,-4.811431408
3+900,83,-4.811431408
3+900,84,-4.811431408
3+900,85,-4.811431408
3+900,86,-4.811431408
3+900,87,-4.811431408
3+900,88,-4.811431408
3+900,89,-4.814572811
3+900,90,-4.814572811
3+900,91,-4.814572811
3+900,92,-4.814572811
3+900,93,-4.814572811
3+900,94,-4.814572811
3+900,95,-4.814572811
3+900,96,-4.814572811
3+900,97,-4.78674221
3+900,98,-4.78674221
3+900,99,-4.78674221
3+900,100,-4.78674221
3+900,101,-4.784314632
3+900,102,-4.784314632
3+900,103,-4.784314632
3+900,104,-4.784314632
3+900,105,-4.784314632
3+900,106,-4.784314632
3+900,107,-4.784314632
3+900,108,-4.784314632
3+900,109,-4.784314632
3+900,110,-4.784314632
3+900,111,-4.784314632
3+900,112,-4.784314632
3+900,113,-4.735936165
3+900,114,-4.735936165
3+900,115,-4.735936165
3+900,116,-4.75688982
3+900,117,-4.75688982
3+900,118,-4.75688982
3+900,119,-4.75688982
3+900,120,-4.75688982
3+900,121,-4.75688982
3+900,122,-4.75688982
3+900,123,-4.75688982
3+900,124,-4.75688982
3+900,125,-4.692843437
3+900,126,-4.692843437
3+900,127,-4.692843437
3+900,128,-4.692843437
3+900,129,-4.692843437
3+900,130,-4.692843437
3+900,131,-4.692843437
3+900,132,-4.692843437
3+900,133,-4.692843437
3+900,134,-4.651362419
3+900,135,-4.651362419
3+900,136,-4.651362419
3+900,137,-4.603134155
3+900,138,-4.603134155
3+900,139,-4.603134155
3+900,140,-4.603134155
3+900,141,-4.603134155
3+900,142,-4.603134155
3+900,143,-4.603134155
3+900,144,-4.603134155
3+900,145,-4.603134155
3+900,146,-4.603134155
3+900,147,-4.603134155
3+900,148,-4.603134155
3+900,149,-4.553617001
3+900,150,-4.553617001
3+900,151,-4.553617001
3+900,152,-4.492689133
3+900,153,-4.492689133
3+900,154,-4.492689133
3+900,155,-4.492689133
3+900,156,-4.492689133
3+900,157,-4.492689133
3+900,158,-4.492689133
3+900,159,-4.492689133
3+900,160,-4.492689133
3+900,161,-4.430840492
3+900,162,-4.430840492
3+900,163,-4.430840492
3+900,164,-4.430840492
3+900,165,-4.430840492
3+900,166,-4.430840492
3+900,167,-4.430840492
3+900,168,-4.430840492
3+900,169,-4.430840492
3+900,170,-4.430840492
3+900,171,-4.362253189
3+900,172,-4.362253189
3+900,173,-4.284382343
3+900,174,-4.284382343
3+900,175,-4.284382343
3+900,176,-4.284382343
3+900,177,-4.284382343
3+900,178,-4.284382343
3+900,179,-4.284382343
3+900,180,-4.284382343
3+900,181,-4.284382343
3+900,182,-4.284382343
3+900,183,-4.284382343
3+900,184,-4.193544865
3+900,185,-4.193544865
3+900,186,-4.193544865
3+900,187,-4.193544865
3+900,188,-4.193544865
3+900,189,-4.116717339
3+900,190,-4.116717339
3+900,191,-4.116717339
3+900,192,-4.116717339
3+900,193,-4.116717339
3+900,194,-4.116717339
3+900,195,-4.116717339
3+900,196,-4.008517265
3+900,197,-4.008517265
3+900,198,-4.008517265
3+900,199,-4.008517265
3+900,200,-4.008517265
3+900,201,-4.008517265
3+900,202,-4.008517265
3+900,203,-4.008517265
3+900,204,-4.008517265
3+900,205,-4.008517265
3+900,206,-4.008517265
3+900,207,-4.008517265
3+900,208,-3.808861256
3+900,209,-3.808861256
3+900,210,-3.808861256
3+900,211,-3.808861256
3+900,212,-3.808861256
3+900,213,-3.808861256
3+900,214,-3.808861256
3+900,215,-3.808861256
3+900,216,-3.808861256
3+900,217,-3.808861256
3+900,218,-3.808861256
3+900,219,-3.808861256
3+900,220,-3.679928064
3+900,221,-3.679928064
3+900,222,-3.679928064
3+900,223,-3.679928064
3+900,224,-3.679928064
3+900,225,-3.679928064
3+900,226,-3.601736307
3+900,227,-3.601736307
3+900,228,-3.601736307
3+900,229,-3.601736307
3+900,230,-3.601736307
3+900,231,-3.601736307
3+900,232,-3.46728754
3+900,233,-3.46728754
3+900,234,-3.46728754
3+900,235,-3.46728754
3+900,236,-3.46728754
3+900,237,-3.46728754
3+900,238,-3.46728754
3+900,239,-3.46728754
3+900,240,-3.46728754
3+900,241,-3.46728754
3+900,242,-3.46728754
3+900,243,-3.46728754
3+900,244,-3.259559155
3+900,245,-3.191261768
3+900,246,-3.191261768
3+900,247,-3.191261768
3+900,248,-3.191261768
3+900,249,-3.191261768
3+900,250,-3.191261768
3+900,251,-3.191261768
3+900,252,-3.191261768
3+900,253,-3.191261768
3+900,254,-3.191261768
3+900,255,-3.191261768
3+900,256,-3.063628674
3+900,257,-3.063628674
3+900,258,-3.063628674
3+900,259,-3.063628674
3+900,260,-3.063628674
3+900,261,-3.063628674
3+900,262,-3.063628674
3+900,263,-3.007967472
3+900,264,-3.007967472
3+900,265,-3.007967472
3+900,266,-3.007967472
3+900,267,-3.007967472
3+900,268,-2.897502661
3+900,269,-2.897502661
3+900,270,-2.897502661
3+900,271,-2.897502661
3+900,272,-2.897502661
3+900,273,-2.897502661
3+900,274,-2.897502661
3+900,275,-2.897502661
3+900,276,-2.897502661
3+900,277,-2.897502661
3+900,278,-2.897502661
3+900,279,-2.897502661
3+900,280,-2.914446354
3+900,281,-2.903529882
3+900,282,-2.903529882
3+900,283,-2.903529882
3+900,284,-2.903529882
3+900,285,-2.903529882
3+900,286,-2.903529882
3+900,287,-2.903529882
3+900,288,-2.903529882
3+900,289,-2.903529882
3+900,290,-2.903529882
3+900,291,-2.903529882
3+900,292,-3.075150013
3+900,293,-3.075150013
3+900,294,-3.075150013
3+900,295,-3.075150013
3+900,296,-3.075150013
3+900,297,-3.075150013
3+900,298,-3.075150013
3+900,299,-3.075150013
3+900,300,-3.070100307
3+900,301,-3.070100307
3+900,302,-3.070100307
3+900,303,-3.078793764
3+900,304,-3.078793764
3+900,305,-3.078793764
3+900,306,-3.078793764
3+900,307,-3.078793764
3+900,308,-3.078793764
3+900,309,-3.078793764
3+900,310,-3.078793764
3+900,311,-3.078793764
3+900,312,-3.078793764
3+900,313,-3.078793764
3+900,314,-3.078793764
3+900,315,-3.062310219
3+900,316,-3.062310219
3+900,317,-3.062310219
3+900,318,-2.993550062
3+900,319,-2.993550062
3+900,320,-2.993550062
3+900,321,-2.993550062
3+900,322,-2.993550062
3+900,323,-2.993550062
3+900,324,-2.993550062
3+900,325,-2.993550062
3+900,326,-2.993550062
3+900,327,-2.953090668
3+900,328,-2.953090668
3+900,329,-2.953090668
3+900,330,-2.953090668
3+900,331,-2.953090668
3+900,332,-2.953090668
3+900,333,-2.953090668
3+900,334,-2.953090668
3+900,335,-2.953090668
3+900,336,-2.953090668
3+900,337,-2.889013767
3+900,338,-2.889013767
3+900,339,-2.838084936
3+900,340,-2.838084936
3+900,341,-2.838084936
3+900,342,-2.838084936
3+900,343,-2.838084936
3+900,344,-2.838084936
3+900,345,-2.838084936
3+900,346,-2.838084936
3+900,347,-2.838084936
3+900,348,-2.838084936
3+900,349,-2.838084936
3+900,350,-2.838084936
3+900,351,-2.77541399
3+900,352,-2.77541399
3+900,353,-2.77541399
3+900,354,-2.77541399
3+900,355,-2.718209982
3+900,356,-2.718209982
3+900,357,-2.718209982
3+900,358,-2.718209982
3+900,359,-2.718209982
3+900,360,-2.718209982
3+900,361,-2.718209982
3+900,362,-2.718209982
3+900,363,-2.630829811
3+900,364,-2.630829811
3+900,365,-2.630829811
3+900,366,-2.630829811
3+900,367,-2.630829811
3+900,368,-2.630829811
3+900,369,-2.630829811
3+900,370,-2.630829811
3+900,371,-2.630829811
3+900,372,-2.630829811
3+900,373,-2.630829811
3+900,374,-2.582546711
3+900,375,-2.441069126
3+900,376,-2.441069126
3+900,377,-2.441069126
3+900,378,-2.441069126
3+900,379,-2.441069126
3+900,380,-2.441069126
3+900,381,-2.441069126
3+900,382,-2.441069126
3+900,383,-2.441069126
3+900,384,-2.441069126
3+900,385,-2.441069126
3+900,386,-2.441069126
3+900,387,-2.24212575
3+900,388,-2.24212575
3+900,389,-2.24212575
3+900,390,-2.24212575
3+900,391,-2.24212575
3+900,392,-2.197365522
3+900,393,-2.197365522
3+900,394,-2.197365522
3+900,395,-2.197365522
3+900,396,-2.197365522
3+900,397,-2.197365522
3+900,398,-2.197365522
3+900,399,-1.872232199
3+900,400,-1.872232199
3+900,401,-1.872232199
3+900,402,-1.872232199
3+900,403,-1.872232199
3+900,404,-1.872232199
3+900,405,-1.872232199
3+900,406,-1.872232199
3+900,407,-1.872232199
3+900,408,-1.872232199
3+900,409,-1.872232199
3+900,410,-1.479357123
3+900,411,-1.614091396
3+900,412,-1.614091396
3+900,413,-1.614091396
3+900,414,-1.614091396
3+900,415,-1.614091396
3+900,416,-1.614091396
3+900,417,-1.614091396
3+900,418,-1.614091396
3+900,419,-1.614091396
3+900,420,-1.614091396
3+900,421,-1.614091396
3+900,422,-1.076299906
3+900,423,-1.076299906
3+900,424,-1.076299906
3+900,425,-1.076299906
3+900,426,-1.076299906
3+900,427,-1.076299906
3+900,428,-1.076299906
3+900,429,-1.362869143
3+900,430,-1.362869143
3+900,431,-1.362869143
3+900,432,-1.362869143
3+900,433,-1.362869143
3+900,434,-0.994232535
3+900,435,-0.994232535
3+900,436,-0.994232535
3+900,437,-0.994232535
3+900,438,-0.994232535
3+900,439,-0.994232535
3+900,440,-0.994232535
3+900,441,-0.994232535
3+900,442,-0.994232535
3+900,443,-0.994232535
3+900,444,-0.994232535
3+900,445,-0.994232535
3+900,446,-0.403792262
3+900,447,-0.03908927
3+900,448,-0.03908927
3+900,449,-0.03908927
3+900,450,-0.03908927
3+900,451,-0.03908927
3+900,452,-0.03908927
3+900,453,-0.03908927
3+900,454,-0.03908927
3+900,455,-0.03908927
3+900,456,-0.03908927
3+900,457,-0.03908927
3+900,458,1.035685539
3+900,459,1.035685539
3+900,460,1.035685539
3+900,461,1.035685539
3+900,462,1.035685539
3+900,463,1.035685539
3+900,464,1.035685539
3+900,465,1.035685539
3+900,466,1.134971261
3+900,467,1.134971261
3+900,468,1.134971261
3+900,469,1.134971261
3+900,470,1.939229369
3+900,471,1.939229369
3+900,472,1.939229369
3+900,473,1.939229369
3+900,474,1.939229369
3+900,475,1.939229369
3+900,476,1.939229369
3+900,477,1.939229369
3+900,478,1.939229369
3+900,479,1.939229369
3+900,480,1.939229369
3+900,481,1.939229369
3+900,482,2.536425114
3+900,483,2.536425114
3+900,484,2.1336236
3+900,485,2.1336236
3+900,486,2.1336236
3+900,487,2.1336236
3+900,488,2.1336236
3+900,489,2.1336236
3+900,490,2.1336236
3+900,491,2.1336236
3+900,492,2.1336236
3+900,493,2.1336236
3+900,494,2.1336236
3+900,495,2.1336236
3+900,496,2.1336236
3+900,497,2.1336236
3+900,498,2.1336236
3+900,499,2.1336236
3+900,500,2.1336236
4+000,0,2.1336236
4+000,1,2.1336236
4+000,2,2.1336236
4+000,3,2.1336236
4+000,4,2.1336236
4+000,5,2.1336236
4+000,6,2.1336236
4+000,7,2.1336236
4+000,8,2.1336236
4+000,9,2.1336236
4+000,10,-5.011345863
4+000,11,-5.011345863
4+000,12,-5.011345863
4+000,13,-5.011345863
4+000,14,-5.011345863
4+000,15,-5.011345863
4+000,16,-5.011345863
4+000,17,-5.011345863
4+000,18,-5.011345863
4+000,19,-5.011345863
4+000,20,-5.011345863
4+000,21,-4.986031532
4+000,22,-4.986031532
4+000,23,-4.986031532
4+000,24,-4.986031532
4+000,25,-4.986031532
4+000,26,-4.986031532
4+000,27,-4.986031532
4+000,28,-4.986031532
4+000,29,-4.9812994
4+000,30,-4.9812994
4+000,31,-4.9812994
4+000,32,-4.9812994
4+000,33,-4.956458092
4+000,34,-4.956458092
4+000,35,-4.956458092
4+000,36,-4.956458092
4+000,37,-4.956458092
4+000,38,-4.956458092
4+000,39,-4.956458092
4+000,40,-4.956458092
4+000,41,-4.956458092
4+000,42,-4.956458092
4+000,43,-4.956458092
4+000,44,-4.956458092
4+000,45,-4.930874825
4+000,46,-4.930874825
4+000,47,-4.926583767
4+000,48,-4.926583767
4+000,49,-4.926583767
4+000,50,-4.926583767
4+000,51,-4.926583767
4+000,52,-4.926583767
4+000,53,-4.926583767
4+000,54,-4.926583767
4+000,55,-4.926583767
4+000,56,-4.926583767
4+000,57,-4.903337955
4+000,58,-4.903337955
4+000,59,-4.903337955
4+000,60,-4.903337955
4+000,61,-4.903337955
4+000,62,-4.903337955
4+000,63,-4.903337955
4+000,64,-4.903337955
4+000,65,-4.903337955
4+000,66,-4.893253803
4+000,67,-4.893253803
4+000,68,-4.893253803
4+000,69,-4.873660564
4+000,70,-4.873660564
4+000,71,-4.873660564
4+000,72,-4.873660564
4+000,73,-4.873660564
4+000,74,-4.873660564
4+000,75,-4.873660564
4+000,76,-4.873660564
4+000,77,-4.873660564
4+000,78,-4.873660564
4+000,79,-4.873660564
4+000,80,-4.873660564
4+000,81,-4.850457191
4+000,82,-4.850457191
4+000,83,-4.850457191
4+000,84,-4.846805573
4+000,85,-4.846805573
4+000,86,-4.846805573
4+000,87,-4.846805573
4+000,88,-4.846805573
4+000,89,-4.846805573
4+000,90,-4.846805573
4+000,91,-4.846805573
4+000,92,-4.846805573
4+000,93,-4.821541786
4+000,94,-4.821541786
4+000,95,-4.821541786
4+000,96,-4.821541786
4+000,97,-4.821541786
4+000,98,-4.821541786
4+000,99,-4.821541786
4+000,100,-4.821541786
4+000,101,-4.821541786
4+000,102,-4.822509289
4+000,103,-4.822509289
4+000,104,-4.822509289
4+000,105,-4.802885056
4+000,106,-4.802885056
4+000,107,-4.802885056
4+000,108,-4.802885056
4+000,109,-4.802885056
4+000,110,-4.802885056
4+000,111,-4.802885056
4+000,112,-4.802885056
4+000,113,-4.802885056
4+000,114,-4.802885056
4+000,115,-4.802885056
4+000,116,-4.765964508
4+000,117,-4.765964508
4+000,118,-4.765964508
4+000,119,-4.765964508
4+000,120,-4.765964508
4+000,121,-4.766463757
4+000,122,-4.766463757
4+000,123,-4.766463757
4+000,124,-4.766463757
4+000,125,-4.766463757
4+000,126,-4.766463757
4+000,127,-4.766463757
4+000,128,-4.707590103
4+000,129,-4.707590103
4+000,130,-4.707590103
4+000,131,-4.707590103
4+000,132,-4.707590103
4+000,133,-4.707590103
4+000,134,-4.707590103
4+000,135,-4.707590103
4+000,136,-4.707590103
4+000,137,-4.707590103
4+000,138,-4.707590103
4+000,139,-4.706212997
4+000,140,-4.647753239
4+000,141,-4.647753239
4+000,142,-4.647753239
4+000,143,-4.647753239
4+000,144,-4.647753239
4+000,145,-4.647753239
4+000,146,-4.647753239
4+000,147,-4.647753239
4+000,148,-4.647753239
4+000,149,-4.647753239
4+000,150,-4.647753239
4+000,151,-4.647753239
4+000,152,-4.586704254
4+000,153,-4.586704254
4+000,154,-4.586704254
4+000,155,-4.586704254
4+000,156,-4.586704254
4+000,157,-4.586704254
4+000,158,-4.556593895
4+000,159,-4.556593895
4+000,160,-4.556593895
4+000,161,-4.556593895
4+000,162,-4.556593895
4+000,163,-4.556593895
4+000,164,-4.484013081
4+000,165,-4.484013081
4+000,166,-4.484013081
4+000,167,-4.484013081
4+000,168,-4.484013081
4+000,169,-4.484013081
4+000,170,-4.484013081
4+000,171,-4.484013081
4+000,172,-4.484013081
4+000,173,-4.484013081
4+000,174,-4.484013081
4+000,175,-4.484013081
4+000,176,-4.350838661
4+000,177,-4.350838661
4+000,178,-4.350838661
4+000,179,-4.350838661
4+000,180,-4.350838661
4+000,181,-4.350838661
4+000,182,-4.350838661
4+000,183,-4.350838661
4+000,184,-4.350838661
4+000,185,-4.350838661
4+000,186,-4.350838661
4+000,187,-4.350838661
4+000,188,-4.264885426
4+000,189,-4.264885426
4+000,190,-4.264885426
4+000,191,-4.264885426
4+000,192,-4.264885426
4+000,193,-4.264885426
4+000,194,-4.264885426
4+000,195,-4.189640045
4+000,196,-4.189640045
4+000,197,-4.189640045
4+000,198,-4.189640045
4+000,199,-4.189640045
4+000,200,-4.094673157
4+000,201,-4.094673157
4+000,202,-4.094673157
4+000,203,-4.094673157
4+000,204,-4.094673157
4+000,205,-4.094673157
4+000,206,-4.094673157
4+000,207,-4.094673157
4+000,208,-4.094673157
4+000,209,-4.094673157
4+000,210,-4.094673157
4+000,211,-4.094673157
4+000,212,-3.907413483
4+000,213,-3.814807892
4+000,214,-3.814807892
4+000,215,-3.814807892
4+000,216,-3.814807892
4+000,217,-3.814807892
4+000,218,-3.814807892
4+000,219,-3.814807892
4+000,220,-3.814807892
4+000,221,-3.814807892
4+000,222,-3.814807892
4+000,223,-3.71775651
4+000,224,-3.71775651
4+000,225,-3.71775651
4+000,226,-3.71775651
4+000,227,-3.71775651
4+000,228,-3.71775651
4+000,229,-3.71775651
4+000,230,-3.71775651
4+000,231,-3.627670765
4+000,232,-3.627670765
4+000,233,-3.627670765
4+000,234,-3.627670765
4+000,235,-3.542725801
4+000,236,-3.542725801
4+000,237,-3.542725801
4+000,238,-3.542725801
4+000,239,-3.542725801
4+000,240,-3.542725801
4+000,241,-3.542725801
4+000,242,-3.542725801
4+000,243,-3.542725801
4+000,244,-3.542725801
4+000,245,-3.542725801
4+000,246,-3.542725801
4+000,247,-3.471830606
4+000,248,-3.471830606
4+000,249,-3.471830606
4+000,250,-3.393059254
4+000,251,-3.393059254
4+000,252,-3.393059254
4+000,253,-3.393059254
4+000,254,-3.393059254
4+000,255,-3.393059254
4+000,256,-3.393059254
4+000,257,-3.393059254
4+000,258,-3.393059254
4+000,259,-3.340382099
4+000,260,-3.340382099
4+000,261,-3.340382099
4+000,262,-3.340382099
4+000,263,-3.340382099
4+000,264,-3.340382099
4+000,265,-3.340382099
4+000,266,-3.340382099
4+000,267,-3.340382099
4+000,268,-3.301204443
4+000,269,-3.301204443
4+000,270,-3.301204443
4+000,271,-3.298557997
4+000,272,-3.298557997
4+000,273,-3.298557997
4+000,274,-3.298557997
4+000,275,-3.298557997
4+000,276,-3.298557997
4+000,277,-3.298557997
4+000,278,-3.298557997
4+000,279,-3.298557997
4+000,280,-3.298557997
4+000,281,-3.298557997
4+000,282,-3.298557997
4+000,283,-3.288989067
4+000,284,-3.288989067
4+000,285,-3.288989067
4+000,286,-3.288989067
4+000,287,-3.278360367
4+000,288,-3.278360367
4+000,289,-3.278360367
4+000,290,-3.278360367
4+000,291,-3.278360367
4+000,292,-3.278360367
4+000,293,-3.278360367
4+000,294,-3.278360367
4+000,295,-3.26196146
4+000,296,-3.26196146
4+000,297,-3.26196146
4+000,298,-3.26196146
4+000,299,-3.26196146
4+000,300,-3.26196146
4+000,301,-3.26196146
4+000,302,-3.26196146
4+000,303,-3.26196146
4+000,304,-3.26196146
4+000,305,-3.239273787
4+000,306,-3.239273787
4+000,307,-3.211113453
4+000,308,-3.211113453
4+000,309,-3.211113453
4+000,310,-3.211113453
4+000,311,-3.211113453
4+000,312,-3.211113453
4+000,313,-3.211113453
4+000,314,-3.211113453
4+000,315,-3.211113453
4+000,316,-3.211113453
4+000,317,-3.211113453
4+000,318,-3.211113453
4+000,319,-3.181117058
4+000,320,-3.181117058
4+000,321,-3.181117058
4+000,322,-3.181117058
4+000,323,-3.181117058
4+000,324,-3.141568661
4+000,325,-3.141568661
4+000,326,-3.141568661
4+000,327,-3.141568661
4+000,328,-3.141568661
4+000,329,-3.141568661
4+000,330,-3.103540897
4+000,331,-3.103540897
4+000,332,-3.103540897
4+000,333,-3.103540897
4+000,334,-3.103540897
4+000,335,-3.103540897
4+000,336,-3.103540897
4+000,337,-3.103540897
4+000,338,-3.103540897
4+000,339,-3.103540897
4+000,340,-3.103540897
4+000,341,-3.103540897
4+000,342,-3.01876688
4+000,343,-3.01876688
4+000,344,-3.01876688
4+000,345,-3.01876688
4+000,346,-3.01876688
4+000,347,-3.01876688
4+000,348,-3.01876688
4+000,349,-3.01876688
4+000,350,-3.01876688
4+000,351,-3.01876688
4+000,352,-3.01876688
4+000,353,-3.01876688
4+000,354,-2.96162796
4+000,355,-2.96162796
4+000,356,-2.96162796
4+000,357,-2.96162796
4+000,358,-2.96162796
4+000,359,-2.96162796
4+000,360,-2.923499107
4+000,361,-2.923499107
4+000,362,-2.923499107
4+000,363,-2.923499107
4+000,364,-2.923499107
4+000,365,-2.923499107
4+000,366,-2.845910549
4+000,367,-2.845910549
4+000,368,-2.845910549
4+000,369,-2.845910549
4+000,370,-2.845910549
4+000,371,-2.845910549
4+000,372,-2.845910549
4+000,373,-2.845910549
4+000,374,-2.845910549
4+000,375,-2.845910549
4+000,376,-2.845910549
4+000,377,-2.845910549
4+000,378,-2.741641045
4+000,379,-2.686855316
4+000,380,-2.686855316
4+000,381,-2.686855316
4+000,382,-2.686855316
4+000,383,-2.686855316
4+000,384,-2.686855316
4+000,385,-2.686855316
4+000,386,-2.686855316
4+000,387,-2.686855316
4+000,388,-2.686855316
4+000,389,-2.686855316
4+000,390,-2.544445515
4+000,391,-2.544445515
4+000,392,-2.544445515
4+000,393,-2.544445515
4+000,394,-2.544445515
4+000,395,-2.544445515
4+000,396,-2.544445515
4+000,397,-2.445009708
4+000,398,-2.445009708
4+000,399,-2.445009708
4+000,400,-2.445009708
4+000,401,-2.445009708
4+000,402,-2.246879101
4+000,403,-2.246879101
4+000,404,-2.246879101
4+000,405,-2.246879101
4+000,406,-2.246879101
4+000,407,-2.246879101
4+000,408,-2.246879101
4+000,409,-2.246879101
4+000,410,-2.246879101
4+000,411,-2.246879101
4+000,412,-2.246879101
4+000,413,-2.246879101
4+000,414,-2.132602692
4+000,415,-2.132602692
4+000,416,-1.81583786
4+000,417,-1.81583786
4+000,418,-1.81583786
4+000,419,-1.81583786
4+000,420,-1.81583786
4+000,421,-1.81583786
4+000,422,-1.81583786
4+000,423,-1.81583786
4+000,424,-1.81583786
4+000,425,-1.81583786
4+000,426,-1.513219357
4+000,427,-1.513219357
4+000,428,-1.513219357
4+000,429,-1.513219357
4+000,430,-1.513219357
4+000,431,-1.513219357
4+000,432,-1.513219357
4+000,433,-1.513219357
4+000,434,-0.990030229
4+000,435,-0.990030229
4+000,436,-0.990030229
4+000,437,-0.990030229
4+000,438,-0.462088525
4+000,439,-0.462088525
4+000,440,-0.462088525
4+000,441,-0.462088525
4+000,442,-0.462088525
4+000,443,-0.462088525
4+000,444,-0.462088525
4+000,445,-0.462088525
4+000,446,-0.462088525
4+000,447,-0.462088525
4+000,448,-0.462088525
4+000,449,0.536648393
4+000,450,0.536648393
4+000,451,0.536648393
4+000,452,0.536648393
4+000,453,1.296471
4+000,454,1.296471
4+000,455,1.296471
4+000,456,1.296471
4+000,457,1.296471
4+000,458,1.296471
4+000,459,1.296471
4+000,460,1.296471
4+000,461,2.018812656
4+000,462,2.018812656
4+000,463,2.018812656
4+000,464,2.018812656
4+000,465,2.018812656
4+000,466,2.018812656
4+000,467,2.018812656
4+000,468,2.018812656
4+000,469,2.018812656
4+000,470,2.018812656
4+000,471,2.415756941
4+000,472,2.415756941
4+000,473,2.801907539
4+000,474,2.801907539
4+000,475,2.801907539
4+000,476,2.801907539
4+000,477,2.801907539
4+000,478,2.801907539
4+000,479,2.801907539
4+000,480,2.801907539
4+000,481,2.801907539
4+000,482,2.801907539
4+000,483,2.801907539
4+000,484,2.801907539
4+000,485,2.968004704
4+000,486,2.968004704
4+000,487,2.968004704
4+000,488,2.968004704
4+000,489,2.968004704
4+000,490,3.119874477
4+000,491,3.119874477
4+000,492,3.119874477
4+000,493,3.119874477
4+000,494,3.119874477
4+000,495,3.119874477
4+000,496,3.119874477
4+000,497,3.119874477
4+000,498,3.119874477
4+000,499,3.119874477
4+000,500,3.119874477
4+100,0,3.119874477
4+100,1,3.119874477
4+100,2,3.119874477
4+100,3,3.119874477
4+100,4,3.119874477
4+100,5,3.119874477
4+100,6,3.119874477
4+100,7,3.119874477
4+100,8,3.119874477
4+100,9,3.119874477
4+100,10,3.119874477
4+100,11,3.119874477
4+100,12,3.119874477
4+100,13,-4.831707478
4+100,14,-4.831707478
4+100,15,-4.832228184
4+100,16,-4.832228184
4+100,17,-4.832228184
4+100,18,-4.832228184
4+100,19,-4.832228184
4+100,20,-4.832228184
4+100,21,-4.832228184
4+100,22,-4.832228184
4+100,23,-4.832228184
4+100,24,-4.832228184
4+100,25,-4.791070938
4+100,26,-4.791070938
4+100,27,-4.791070938
4+100,28,-4.791070938
4+100,29,-4.791070938
4+100,30,-4.791070938
4+100,31,-4.791070938
4+100,32,-4.791070938
4+100,33,-4.791070938
4+100,34,-4.793588638
4+100,35,-4.793588638
4+100,36,-4.793588638
4+100,37,-4.751938343
4+100,38,-4.751938343
4+100,39,-4.751938343
4+100,40,-4.751938343
4+100,41,-4.751938343
4+100,42,-4.751938343
4+100,43,-4.751938343
4+100,44,-4.751938343
4+100,45,-4.751938343
4+100,46,-4.751938343
4+100,47,-4.751938343
4+100,48,-4.709762573
4+100,49,-4.709762573
4+100,50,-4.709762573
4+100,51,-4.709762573
4+100,52,-4.7158494
4+100,53,-4.7158494
4+100,54,-4.7158494
4+100,55,-4.7158494
4+100,56,-4.7158494
4+100,57,-4.7158494
4+100,58,-4.7158494
4+100,59,-4.7158494
4+100,60,-4.673447609
4+100,61,-4.673447609
4+100,62,-4.673447609
4+100,63,-4.673447609
4+100,64,-4.673447609
4+100,65,-4.673447609
4+100,66,-4.673447609
4+100,67,-4.673447609
4+100,68,-4.673447609
4+100,69,-4.673447609
4+100,70,-4.673447609
4+100,71,-4.680937767
4+100,72,-4.63844347
4+100,73,-4.63844347
4+100,74,-4.63844347
4+100,75,-4.63844347
4+100,76,-4.63844347
4+100,77,-4.63844347
4+100,78,-4.63844347
4+100,79,-4.63844347
4+100,80,-4.63844347
4+100,81,-4.63844347
4+100,82,-4.63844347
4+100,83,-4.63844347
4+100,84,-4.596263409
4+100,85,-4.596263409
4+100,86,-4.596263409
4+100,87,-4.596263409
4+100,88,-4.596263409
4+100,89,-4.605089664
4+100,90,-4.605089664
4+100,91,-4.605089664
4+100,92,-4.605089664
4+100,93,-4.605089664
4+100,94,-4.605089664
4+100,95,-4.605089664
4+100,96,-4.563306332
4+100,97,-4.563306332
4+100,98,-4.563306332
4+100,99,-4.563306332
4+100,100,-4.563306332
4+100,101,-4.563306332
4+100,102,-4.563306332
4+100,103,-4.563306332
4+100,104,-4.563306332
4+100,105,-4.563306332
4+100,106,-4.563306332
4+100,107,-4.563306332
4+100,108,-4.533306599
4+100,109,-4.533306599
4+100,110,-4.533306599
4+100,111,-4.533306599
4+100,112,-4.533306599
4+100,113,-4.533306599
4+100,114,-4.533306599
4+100,115,-4.533306599
4+100,116,-4.533306599
4+100,117,-4.533306599
4+100,118,-4.533306599
4+100,119,-4.533306599
4+100,120,-4.490572929
4+100,121,-4.490572929
4+100,122,-4.490572929
4+100,123,-4.490572929
4+100,124,-4.490572929
4+100,125,-4.490572929
4+100,126,-4.507253647
4+100,127,-4.507253647
4+100,128,-4.507253647
4+100,129,-4.507253647
4+100,130,-4.507253647
4+100,131,-4.507253647
4+100,132,-4.460750103
4+100,133,-4.460750103
4+100,134,-4.460750103
4+100,135,-4.460750103
4+100,136,-4.460750103
4+100,137,-4.460750103
4+100,138,-4.460750103
4+100,139,-4.460750103
4+100,140,-4.460750103
4+100,141,-4.460750103
4+100,142,-4.460750103
4+100,143,-4.460750103
4+100,144,-4.413774967
4+100,145,-4.437196732
4+100,146,-4.437196732
4+100,147,-4.437196732
4+100,148,-4.437196732
4+100,149,-4.437196732
4+100,150,-4.437196732
4+100,151,-4.437196732
4+100,152,-4.437196732
4+100,153,-4.437196732
4+100,154,-4.437196732
4+100,155,-4.401200771
4+100,156,-4.401200771
4+100,157,-4.401200771
4+100,158,-4.401200771
4+100,159,-4.401200771
4+100,160,-4.401200771
4+100,161,-4.401200771
4+100,162,-4.401200771
4+100,163,-4.427334785
4+100,164,-4.427334785
4+100,165,-4.427334785
4+100,166,-4.427334785
4+100,167,-4.406161308
4+100,168,-4.406161308
4+100,169,-4.406161308
4+100,170,-4.406161308
4+100,171,-4.406161308
4+100,172,-4.406161308
4+100,173,-4.406161308
4+100,174,-4.406161308
4+100,175,-4.406161308
4+100,176,-4.406161308
4+100,177,-4.406161308
4+100,178,-4.406161308
4+100,179,-4.355790615
4+100,180,-4.355790615
4+100,181,-4.355430126
4+100,182,-4.355430126
4+100,183,-4.355430126
4+100,184,-4.355430126
4+100,185,-4.355430126
4+100,186,-4.355430126
4+100,187,-4.355430126
4+100,188,-4.355430126
4+100,189,-4.355430126
4+100,190,-4.355430126
4+100,191,-4.289636612
4+100,192,-4.289636612
4+100,193,-4.289636612
4+100,194,-4.289636612
4+100,195,-4.289636612
4+100,196,-4.289636612
4+100,197,-4.289636612
4+100,198,-4.289636612
4+100,199,-4.289636612
4+100,200,-4.274618626
4+100,201,-4.274618626
4+100,202,-4.274618626
4+100,203,-4.221568108
4+100,204,-4.221568108
4+100,205,-4.221568108
4+100,206,-4.221568108
4+100,207,-4.221568108
4+100,208,-4.221568108
4+100,209,-4.221568108
4+100,210,-4.221568108
4+100,211,-4.221568108
4+100,212,-4.221568108
4+100,213,-4.221568108
4+100,214,-4.221568108
4+100,215,-4.152827263
4+100,216,-4.152827263
4+100,217,-4.152827263
4+100,218,-4.148898125
4+100,219,-4.148898125
4+100,220,-4.148898125
4+100,221,-4.148898125
4+100,222,-4.148898125
4+100,223,-4.148898125
4+100,224,-4.148898125
4+100,225,-4.148898125
4+100,226,-4.148898125
4+100,227,-4.098381042
4+100,228,-4.098381042
4+100,229,-4.098381042
4+100,230,-4.098381042
4+100,231,-4.098381042
4+100,232,-4.098381042
4+100,233,-4.098381042
4+100,234,-4.098381042
4+100,235,-4.098381042
4+100,236,-4.098381042
4+100,237,-4.067523479
4+100,238,-4.067523479
4+100,239,-4.035464764
4+100,240,-4.035464764
4+100,241,-4.035464764
4+100,242,-4.035464764
4+100,243,-4.035464764
4+100,244,-4.035464764
4+100,245,-4.035464764
4+100,246,-4.035464764
4+100,247,-4.035464764
4+100,248,-4.035464764
4+100,249,-4.035464764
4+100,250,-4.035464764
4+100,251,-3.899098635
4+100,252,-3.899098635
4+100,253,-3.899098635
4+100,254,-3.899098635
4+100,255,-3.978765726
4+100,256,-3.978765726
4+100,257,-3.978765726
4+100,258,-3.978765726
4+100,259,-3.978765726
4+100,260,-3.978765726
4+100,261,-3.978765726
4+100,262,-3.942079067
4+100,263,-3.942079067
4+100,264,-3.942079067
4+100,265,-3.942079067
4+100,266,-3.942079067
4+100,267,-3.942079067
4+100,268,-3.942079067
4+100,269,-3.942079067
4+100,270,-3.942079067
4+100,271,-3.942079067
4+100,272,-3.942079067
4+100,273,-3.942079067
4+100,274,-3.776323557
4+100,275,-3.776323557
4+100,276,-3.776323557
4+100,277,-3.776323557
4+100,278,-3.776323557
4+100,279,-3.776323557
4+100,280,-3.776323557
4+100,281,-3.776323557
4+100,282,-3.776323557
4+100,283,-3.776323557
4+100,284,-3.776323557
4+100,285,-3.776323557
4+100,286,-3.679208994
4+100,287,-3.679208994
4+100,288,-3.679208994
4+100,289,-3.679208994
4+100,290,-3.679208994
4+100,291,-3.679208994
4+100,292,-3.64060092
4+100,293,-3.64060092
4+100,294,-3.64060092
4+100,295,-3.64060092
4+100,296,-3.64060092
4+100,297,-3.64060092
4+100,298,-3.558888435
4+100,299,-3.558888435
4+100,300,-3.558888435
4+100,301,-3.558888435
4+100,302,-3.558888435
4+100,303,-3.558888435
4+100,304,-3.558888435
4+100,305,-3.558888435
4+100,306,-3.558888435
4+100,307,-3.558888435
4+100,308,-3.558888435
4+100,309,-3.558888435
4+100,310,-3.422158957
4+100,311,-3.422158957
4+100,312,-3.422158957
4+100,313,-3.422158957
4+100,314,-3.422158957
4+100,315,-3.422158957
4+100,316,-3.422158957
4+100,317,-3.422158957
4+100,318,-3.422158957
4+100,319,-3.422158957
4+100,320,-3.422158957
4+100,321,-3.422158957
4+100,322,-3.324477196
4+100,323,-3.324477196
4+100,324,-3.324477196
4+100,325,-3.324477196
4+100,326,-3.324477196
4+100,327,-3.324477196
4+100,328,-3.324477196
4+100,329,-3.26628685
4+100,330,-3.26628685
4+100,331,-3.26628685
4+100,332,-3.26628685
4+100,333,-3.26628685
4+100,334,-3.160455704
4+100,335,-3.160455704
4+100,336,-3.160455704
4+100,337,-3.160455704
4+100,338,-3.160455704
4+100,339,-3.160455704
4+100,340,-3.160455704
4+100,341,-3.160455704
4+100,342,-3.160455704
4+100,343,-3.160455704
4+100,344,-3.160455704
4+100,345,-3.160455704
4+100,346,-3.046590328
4+100,347,-2.981460571
4+100,348,-2.981460571
4+100,349,-2.981460571
4+100,350,-2.981460571
4+100,351,-2.981460571
4+100,352,-2.981460571
4+100,353,-2.981460571
4+100,354,-2.981460571
4+100,355,-2.981460571
4+100,356,-2.981460571
4+100,357,-2.981460571
4+100,358,-2.862918854
4+100,359,-2.862918854
4+100,360,-2.862918854
4+100,361,-2.862918854
4+100,362,-2.862918854
4+100,363,-2.862918854
4+100,364,-2.862918854
4+100,365,-2.862918854
4+100,366,-2.791674614
4+100,367,-2.791674614
4+100,368,-2.791674614
4+100,369,-2.669584751
4+100,370,-2.669584751
4+100,371,-2.669584751
4+100,372,-2.669584751
4+100,373,-2.669584751
4+100,374,-2.669584751
4+100,375,-2.669584751
4+100,376,-2.669584751
4+100,377,-2.669584751
4+100,378,-2.669584751
4+100,379,-2.669584751
4+100,380,-2.669584751
4+100,381,-2.548158646
4+100,382,-2.548158646
4+100,383,-2.548158646
4+100,384,-2.449508905
4+100,385,-2.449508905
4+100,386,-2.449508905
4+100,387,-2.449508905
4+100,388,-2.449508905
4+100,389,-2.449508905
4+100,390,-2.449508905
4+100,391,-2.449508905
4+100,392,-2.449508905
4+100,393,-2.304471493
4+100,394,-2.304471493
4+100,395,-2.304471493
4+100,396,-2.304471493
4+100,397,-2.304471493
4+100,398,-2.304471493
4+100,399,-2.304471493
4+100,400,-2.304471493
4+100,401,-2.304471493
4+100,402,-2.304471493
4+100,403,-2.194915295
4+100,404,-2.194915295
4+100,405,-1.985606194
4+100,406,-1.985606194
4+100,407,-1.985606194
4+100,408,-1.985606194
4+100,409,-1.985606194
4+100,410,-1.985606194
4+100,411,-1.985606194
4+100,412,-1.985606194
4+100,413,-1.985606194
4+100,414,-1.985606194
4+100,415,-1.985606194
4+100,416,-1.985606194
4+100,417,-1.471033573
4+100,418,-1.471033573
4+100,419,-1.471033573
4+100,420,-1.471033573
4+100,421,-1.382877827
4+100,422,-1.382877827
4+100,423,-1.382877827
4+100,424,-1.382877827
4+100,425,-1.382877827
4+100,426,-1.382877827
4+100,427,-1.382877827
4+100,428,-1.382877827
4+100,429,-0.7461555
4+100,430,-0.7461555
4+100,431,-0.7461555
4+100,432,-0.7461555
4+100,433,-0.7461555
4+100,434,-0.7461555
4+100,435,-0.7461555
4+100,436,-0.7461555
4+100,437,-0.7461555
4+100,438,-0.7461555
4+100,439,-0.511000216
4+100,440,-0.511000216
4+100,441,0.59890914
4+100,442,0.59890914
4+100,443,0.59890914
4+100,444,0.59890914
4+100,445,0.59890914
4+100,446,0.59890914
4+100,447,0.59890914
4+100,448,0.59890914
4+100,449,0.59890914
4+100,450,0.59890914
4+100,451,0.59890914
4+100,452,0.59890914
4+100,453,1.67607832
4+100,454,1.67607832
4+100,455,1.67607832
4+100,456,1.67607832
4+100,457,1.67607832
4+100,458,1.930447102
4+100,459,1.930447102
4+100,460,1.930447102
4+100,461,1.930447102
4+100,462,1.930447102
4+100,463,1.930447102
4+100,464,1.930447102
4+100,465,2.54732132
4+100,466,2.54732132
4+100,467,2.54732132
4+100,468,2.54732132
4+100,469,2.54732132
4+100,470,2.54732132
4+100,471,2.54732132
4+100,472,2.54732132
4+100,473,2.54732132
4+100,474,2.54732132
4+100,475,2.54732132
4+100,476,2.780887127
4+100,477,2.780887127
4+100,478,2.780887127
4+100,479,2.780887127
4+100,480,2.780887127
4+100,481,2.780887127
4+100,482,2.780887127
4+100,483,2.780887127
4+100,484,2.780887127
4+100,485,2.780887127
4+100,486,2.780887127
4+100,487,2.780887127
4+100,488,3.034510136
4+100,489,3.034510136
4+100,490,3.034510136
4+100,491,3.034510136
4+100,492,3.034510136
4+100,493,3.034510136
4+100,494,3.034510136
4+100,495,3.034510136
4+100,496,3.034510136
4+100,497,3.034510136
4+100,498,3.034510136
4+100,499,3.034510136
4+100,500,3.034510136
4+200,0,3.034510136
4+200,1,3.034510136
4+200,2,3.034510136
4+200,3,3.034510136
4+200,4,-4.71050024
4+200,5,-4.71050024
4+200,6,-4.71050024
4+200,7,-4.71050024
4+200,8,-4.71050024
4+200,9,-4.71050024
4+200,10,-4.71050024
4+200,11,-4.71050024
4+200,12,-4.71050024
4+200,13,-4.71050024
4+200,14,-4.71050024
4+200,15,-4.71050024
4+200,16,-4.667879581
4+200,17,-4.667879581
4+200,18,-4.667879581
4+200,19,-4.667879581
4+200,20,-4.667879581
4+200,21,-4.653741837
4+200,22,-4.653741837
4+200,23,-4.653741837
4+200,24,-4.653741837
4+200,25,-4.653741837
4+200,26,-4.653741837
4+200,27,-4.653741837
4+200,28,-4.610857964
4+200,29,-4.610857964
4+200,30,-4.610857964
4+200,31,-4.610857964
4+200,32,-4.610857964
4+200,33,-4.610857964
4+200,34,-4.610857964
4+200,35,-4.610857964
4+200,36,-4.610857964
4+200,37,-4.610857964
4+200,38,-4.610857964
4+200,39,-4.599202633
4+200,40,-4.55636692
4+200,41,-4.55636692
4+200,42,-4.55636692
4+200,43,-4.55636692
4+200,44,-4.55636692
4+200,45,-4.55636692
4+200,46,-4.55636692
4+200,47,-4.55636692
4+200,48,-4.55636692
4+200,49,-4.55636692
4+200,50,-4.55636692
4+200,51,-4.55636692
4+200,52,-4.513792038
4+200,53,-4.513792038
4+200,54,-4.513792038
4+200,55,-4.513792038
4+200,56,-4.513792038
4+200,57,-4.513792038
4+200,58,-4.505246162
4+200,59,-4.505246162
4+200,60,-4.505246162
4+200,61,-4.505246162
4+200,62,-4.505246162
4+200,63,-4.505246162
4+200,64,-4.46323204
4+200,65,-4.46323204
4+200,66,-4.46323204
4+200,67,-4.46323204
4+200,68,-4.46323204
4+200,69,-4.46323204
4+200,70,-4.46323204
4+200,71,-4.46323204
4+200,72,-4.46323204
4+200,73,-4.46323204
4+200,74,-4.46323204
4+200,75,-4.46323204
4+200,76,-4.417334557
4+200,77,-4.417334557
4+200,78,-4.417334557
4+200,79,-4.417334557
4+200,80,-4.417334557
4+200,81,-4.417334557
4+200,82,-4.417334557
4+200,83,-4.417334557
4+200,84,-4.417334557
4+200,85,-4.417334557
4+200,86,-4.417334557
4+200,87,-4.37688446
4+200,88,-4.37688446
4+200,89,-4.37688446
4+200,90,-4.37688446
4+200,91,-4.37688446
4+200,92,-4.37688446
4+200,93,-4.37688446
4+200,94,-4.376842022
4+200,95,-4.376842022
4+200,96,-4.376842022
4+200,97,-4.376842022
4+200,98,-4.376842022
4+200,99,-4.33808136
4+200,100,-4.33808136
4+200,101,-4.33808136
4+200,102,-4.33808136
4+200,103,-4.33808136
4+200,104,-4.33808136
4+200,105,-4.33808136
4+200,106,-4.33808136
4+200,107,-4.33808136
4+200,108,-4.33808136
4+200,109,-4.33808136
4+200,110,-4.33808136
4+200,111,-4.299932003
4+200,112,-4.299932003
4+200,113,-4.305524826
4+200,114,-4.305524826
4+200,115,-4.305524826
4+200,116,-4.305524826
4+200,117,-4.305524826
4+200,118,-4.305524826
4+200,119,-4.305524826
4+200,120,-4.305524826
4+200,121,-4.305524826
4+200,122,-4.305524826
4+200,123,-4.269528389
4+200,124,-4.269528389
4+200,125,-4.269528389
4+200,126,-4.269528389
4+200,127,-4.269528389
4+200,128,-4.269528389
4+200,129,-4.269528389
4+200,130,-4.269528389
4+200,131,-4.278521538
4+200,132,-4.278521538
4+200,133,-4.278521538
4+200,134,-4.278521538
4+200,135,-4.244421959
4+200,136,-4.244421959
4+200,137,-4.244421959
4+200,138,-4.244421959
4+200,139,-4.244421959
4+200,140,-4.244421959
4+200,141,-4.244421959
4+200,142,-4.244421959
4+200,143,-4.244421959
4+200,144,-4.244421959
4+200,145,-4.244421959
4+200,146,-4.244421959
4+200,147,-4.211137295
4+200,148,-4.211137295
4+200,149,-4.211137295
4+200,150,-4.22029686
4+200,151,-4.22029686
4+200,152,-4.22029686
4+200,153,-4.22029686
4+200,154,-4.22029686
4+200,155,-4.22029686
4+200,156,-4.22029686
4+200,157,-4.22029686
4+200,158,-4.22029686
4+200,159,-4.185897827
4+200,160,-4.185897827
4+200,161,-4.185897827
4+200,162,-4.185897827
4+200,163,-4.185897827
4+200,164,-4.185897827
4+200,165,-4.185897827
4+200,166,-4.185897827
4+200,167,-4.185897827
4+200,168,-4.159719944
4+200,169,-4.159719944
4+200,170,-4.159719944
4+200,171,-4.137487888
4+200,172,-4.137487888
4+200,173,-4.137487888
4+200,174,-4.137487888
4+200,175,-4.137487888
4+200,176,-4.137487888
4+200,177,-4.137487888
4+200,178,-4.137487888
4+200,179,-4.137487888
4+200,180,-4.137487888
4+200,181,-4.137487888
4+200,182,-4.137487888
4+200,183,-4.07261467
4+200,184,-4.07261467
4+200,185,-4.07261467
4+200,186,-4.07261467
4+200,187,-4.009685516
4+200,188,-4.009685516
4+200,189,-4.009685516
4+200,190,-4.009685516
4+200,191,-4.009685516
4+200,192,-4.009685516
4+200,193,-4.009685516
4+200,194,-3.951015949
4+200,195,-3.951015949
4+200,196,-3.951015949
4+200,197,-3.951015949
4+200,198,-3.951015949
4+200,199,-3.951015949
4+200,200,-3.951015949
4+200,201,-3.951015949
4+200,202,-3.951015949
4+200,203,-3.951015949
4+200,204,-3.951015949
4+200,205,-3.882279396
4+200,206,-3.809283257
4+200,207,-3.809283257
4+200,208,-3.809283257
4+200,209,-3.809283257
4+200,210,-3.809283257
4+200,211,-3.809283257
4+200,212,-3.809283257
4+200,213,-3.809283257
4+200,214,-3.809283257
4+200,215,-3.809283257
4+200,216,-3.809283257
4+200,217,-3.809283257
4+200,218,-3.736938
4+200,219,-3.736938
4+200,220,-3.736938
4+200,221,-3.736938
4+200,222,-3.736938
4+200,223,-3.736938
4+200,224,-3.656083584
4+200,225,-3.656083584
4+200,226,-3.656083584
4+200,227,-3.656083584
4+200,228,-3.656083584
4+200,229,-3.656083584
4+200,230,-3.584115505
4+200,231,-3.584115505
4+200,232,-3.584115505
4+200,233,-3.584115505
4+200,234,-3.584115505
4+200,235,-3.584115505
4+200,236,-3.584115505
4+200,237,-3.584115505
4+200,238,-3.584115505
4+200,239,-3.584115505
4+200,240,-3.584115505
4+200,241,-3.584115505
4+200,242,-3.459844112
4+200,243,-3.459844112
4+200,244,-3.459844112
4+200,245,-3.459844112
4+200,246,-3.459844112
4+200,247,-3.459844112
4+200,248,-3.459844112
4+200,249,-3.459844112
4+200,250,-3.459844112
4+200,251,-3.459844112
4+200,252,-3.459844112
4+200,253,-3.459844112
4+200,254,-3.420367718
4+200,255,-3.420367718
4+200,256,-3.420367718
4+200,257,-3.420367718
4+200,258,-3.420367718
4+200,259,-3.420367718
4+200,260,-3.380763292
4+200,261,-3.380763292
4+200,262,-3.380763292
4+200,263,-3.380763292
4+200,264,-3.380763292
4+200,265,-3.380763292
4+200,266,-3.370853662
4+200,267,-3.370853662
4+200,268,-3.370853662
4+200,269,-3.370853662
4+200,270,-3.370853662
4+200,271,-3.370853662
4+200,272,-3.370853662
4+200,273,-3.370853662
4+200,274,-3.370853662
4+200,275,-3.370853662
4+200,276,-3.370853662
4+200,277,-3.370853662
4+200,278,-3.365644217
4+200,279,-3.338754416
4+200,280,-3.338754416
4+200,281,-3.338754416
4+200,282,-3.338754416
4+200,283,-3.338754416
4+200,284,-3.338754416
4+200,285,-3.338754416
4+200,286,-3.338754416
4+200,287,-3.338754416
4+200,288,-3.338754416
4+200,289,-3.338754416
4+200,290,-3.308121204
4+200,291,-3.308121204
4+200,292,-3.308121204
4+200,293,-3.308121204
4+200,294,-3.308121204
4+200,295,-3.308121204
4+200,296,-3.308121204
4+200,297,-3.282487869
4+200,298,-3.282487869
4+200,299,-3.282487869
4+200,300,-3.282487869
4+200,301,-3.221335888
4+200,302,-3.221335888
4+200,303,-3.221335888
4+200,304,-3.221335888
4+200,305,-3.221335888
4+200,306,-3.221335888
4+200,307,-3.221335888
4+200,308,-3.221335888
4+200,309,-3.221335888
4+200,310,-3.221335888
4+200,311,-3.221335888
4+200,312,-3.221335888
4+200,313,-3.129355907
4+200,314,-3.129355907
4+200,315,-3.129355907
4+200,316,-3.099995613
4+200,317,-3.099995613
4+200,318,-3.099995613
4+200,319,-3.099995613
4+200,320,-3.099995613
4+200,321,-3.099995613
4+200,322,-3.099995613
4+200,323,-3.099995613
4+200,324,-3.099995613
4+200,325,-2.971647739
4+200,326,-2.971647739
4+200,327,-2.971647739
4+200,328,-2.971647739
4+200,329,-2.971647739
4+200,330,-2.971647739
4+200,331,-2.971647739
4+200,332,-2.971647739
4+200,333,-2.971647739
4+200,334,-2.947705746
4+200,335,-2.947705746
4+200,336,-2.947705746
4+200,337,-2.792786121
4+200,338,-2.792786121
4+200,339,-2.792786121
4+200,340,-2.792786121
4+200,341,-2.792786121
4+200,342,-2.792786121
4+200,343,-2.792786121
4+200,344,-2.792786121
4+200,345,-2.792786121
4+200,346,-2.792786121
4+200,347,-2.792786121
4+200,348,-2.792786121
4+200,349,-2.616451263
4+200,350,-2.616451263
4+200,351,-2.616451263
4+200,352,-2.616451263
4+200,353,-2.606183529
4+200,354,-2.606183529
4+200,355,-2.606183529
4+200,356,-2.606183529
4+200,357,-2.606183529
4+200,358,-2.606183529
4+200,359,-2.606183529
4+200,360,-2.606183529
4+200,361,-2.434456825
4+200,362,-2.434456825
4+200,363,-2.434456825
4+200,364,-2.434456825
4+200,365,-2.434456825
4+200,366,-2.434456825
4+200,367,-2.434456825
4+200,368,-2.434456825
4+200,369,-2.434456825
4+200,370,-2.434456825
4+200,371,-2.421620369
4+200,372,-2.421620369
4+200,373,-2.272322893
4+200,374,-2.272322893
4+200,375,-2.272322893
4+200,376,-2.272322893
4+200,377,-2.272322893
4+200,378,-2.272322893
4+200,379,-2.272322893
4+200,380,-2.272322893
4+200,381,-2.272322893
4+200,382,-2.272322893
4+200,383,-2.272322893
4+200,384,-2.272322893
4+200,385,-2.156730652
4+200,386,-2.156730652
4+200,387,-2.156730652
4+200,388,-2.156730652
4+200,389,-2.106653929
4+200,390,-2.106653929
4+200,391,-2.106653929
4+200,392,-2.106653929
4+200,393,-2.106653929
4+200,394,-2.106653929
4+200,395,-2.106653929
4+200,396,-2.106653929
4+200,397,-2.074351311
4+200,398,-2.074351311
4+200,399,-2.074351311
4+200,400,-2.074351311
4+200,401,-2.074351311
4+200,402,-2.074351311
4+200,403,-2.074351311
4+200,404,-2.074351311
4+200,405,-2.074351311
4+200,406,-2.074351311
4+200,407,-2.074351311
4+200,408,-1.520570517
4+200,409,-1.520570517
4+200,410,-1.520570517
4+200,411,-1.520570517
4+200,412,-1.520570517
4+200,413,-1.520570517
4+200,414,-1.520570517
4+200,415,-1.520570517
4+200,416,-1.520570517
4+200,417,-1.520570517
4+200,418,-1.520570517
4+200,419,-1.520570517
4+200,420,-1.19103992
4+200,421,-1.19103992
4+200,422,-1.19103992
4+200,423,-1.19103992
4+200,424,-1.19103992
4+200,425,-1.19103992
4+200,426,-0.510269761
4+200,427,-0.510269761
4+200,428,-0.510269761
4+200,429,-0.510269761
4+200,430,-0.510269761
4+200,431,-0.510269761
4+200,432,0.236436427
4+200,433,0.236436427
4+200,434,0.236436427
4+200,435,0.236436427
4+200,436,0.236436427
4+200,437,0.236436427
4+200,438,0.236436427
4+200,439,0.236436427
4+200,440,0.236436427
4+200,441,0.236436427
4+200,442,0.236436427
4+200,443,0.236436427
4+200,444,1.057140112
4+200,445,1.686798573
4+200,446,1.686798573
4+200,447,1.686798573
4+200,448,1.686798573
4+200,449,1.686798573
4+200,450,1.686798573
4+200,451,1.686798573
4+200,452,1.686798573
4+200,453,1.686798573
4+200,454,1.686798573
4+200,455,1.686798573
4+200,456,2.377039194
4+200,457,2.377039194
4+200,458,2.377039194
4+200,459,2.377039194
4+200,460,2.377039194
4+200,461,2.377039194
4+200,462,2.377039194
4+200,463,2.739067554
4+200,464,2.739067554
4+200,465,2.739067554
4+200,466,2.739067554
4+200,467,2.739067554
4+200,468,3.27765131
4+200,469,3.27765131
4+200,470,3.27765131
4+200,471,3.27765131
4+200,472,3.27765131
4+200,473,3.27765131
4+200,474,3.27765131
4+200,475,3.27765131
4+200,476,3.27765131
4+200,477,3.27765131
4+200,478,3.27765131
4+200,479,3.27765131
4+200,480,3.700257063
4+200,481,3.700257063
4+200,482,3.803286552
4+200,483,3.803286552
4+200,484,3.803286552
4+200,485,3.803286552
4+200,486,3.803286552
4+200,487,3.803286552
4+200,488,3.803286552
4+200,489,3.803286552
4+200,490,3.803286552
4+200,491,3.803286552
4+200,492,4.037453651
4+200,493,4.037453651
4+200,494,4.037453651
4+200,495,4.037453651
4+200,496,4.037453651
4+200,497,4.037453651
4+200,498,4.037453651
4+200,499,4.037453651
4+200,500,4.037453651
4+300,0,-4.730687141
4+300,1,-4.730687141
4+300,2,-4.730687141
4+300,3,-4.730687141
4+300,4,-4.730687141
4+300,5,-4.730687141
4+300,6,-4.730687141
4+300,7,-4.692649841
4+300,8,-4.664711952
4+300,9,-4.664711952
4+300,10,-4.664711952
4+300,11,-4.664711952
4+300,12,-4.664711952
4+300,13,-4.664711952
4+300,14,-4.664711952
4+300,15,-4.664711952
4+300,16,-4.664711952
4+300,17,-4.664711952
4+300,18,-4.664711952
4+300,19,-4.626222134
4+300,20,-4.626222134
4+300,21,-4.626222134
4+300,22,-4.626222134
4+300,23,-4.626222134
4+300,24,-4.626222134
4+300,25,-4.626222134
4+300,26,-4.598154545
4+300,27,-4.598154545
4+300,28,-4.598154545
4+300,29,-4.598154545
4+300,30,-4.598154545
4+300,31,-4.559298515
4+300,32,-4.559298515
4+300,33,-4.559298515
4+300,34,-4.559298515
4+300,35,-4.559298515
4+300,36,-4.559298515
4+300,37,-4.559298515
4+300,38,-4.559298515
4+300,39,-4.559298515
4+300,40,-4.559298515
4+300,41,-4.559298515
4+300,42,-4.559298515
4+300,43,-4.520758629
4+300,44,-4.492229462
4+300,45,-4.492229462
4+300,46,-4.492229462
4+300,47,-4.492229462
4+300,48,-4.492229462
4+300,49,-4.492229462
4+300,50,-4.492229462
4+300,51,-4.492229462
4+300,52,-4.492229462
4+300,53,-4.492229462
4+300,54,-4.492229462
4+300,55,-4.453522682
4+300,56,-4.453522682
4+300,57,-4.453522682
4+300,58,-4.453522682
4+300,59,-4.453522682
4+300,60,-4.453522682
4+300,61,-4.453522682
4+300,62,-4.453522682
4+300,63,-4.425409317
4+300,64,-4.425409317
4+300,65,-4.425409317
4+300,66,-4.425409317
4+300,67,-4.38666153
4+300,68,-4.38666153
4+300,69,-4.38666153
4+300,70,-4.38666153
4+300,71,-4.38666153
4+300,72,-4.38666153
4+300,73,-4.38666153
4+300,74,-4.38666153
4+300,75,-4.38666153
4+300,76,-4.38666153
4+300,77,-4.38666153
4+300,78,-4.38666153
4+300,79,-4.348613739
4+300,80,-4.348613739
4+300,81,-4.32069397
4+300,82,-4.32069397
4+300,83,-4.32069397
4+300,84,-4.32069397
4+300,85,-4.32069397
4+300,86,-4.32069397
4+300,87,-4.32069397
4+300,88,-4.32069397
4+300,89,-4.32069397
4+300,90,-4.32069397
4+300,91,-4.282894135
4+300,92,-4.282894135
4+300,93,-4.282894135
4+300,94,-4.282894135
4+300,95,-4.282894135
4+300,96,-4.282894135
4+300,97,-4.282894135
4+300,98,-4.282894135
4+300,99,-4.282894135
4+300,100,-4.256296158
4+300,101,-4.256296158
4+300,102,-4.256296158
4+300,103,-4.218896866
4+300,104,-4.218896866
4+300,105,-4.218896866
4+300,106,-4.218896866
4+300,107,-4.218896866
4+300,108,-4.218896866
4+300,109,-4.218896866
4+300,110,-4.218896866
4+300,111,-4.218896866
4+300,112,-4.218896866
4+300,113,-4.218896866
4+300,114,-4.182745457
4+300,115,-4.182745457
4+300,116,-4.182745457
4+300,117,-4.182745457
4+300,118,-4.157440186
4+300,119,-4.157440186
4+300,120,-4.157440186
4+300,121,-4.157440186
4+300,122,-4.157440186
4+300,123,-4.157440186
4+300,124,-4.157440186
4+300,125,-4.157440186
4+300,126,-4.121991158
4+300,127,-4.121991158
4+300,128,-4.121991158
4+300,129,-4.121991158
4+300,130,-4.121991158
4+300,131,-4.121991158
4+300,132,-4.121991158
4+300,133,-4.121991158
4+300,134,-4.121991158
4+300,135,-4.121991158
4+300,136,-4.121991158
4+300,137,-4.081702232
4+300,138,-4.045721054
4+300,139,-4.045721054
4+300,140,-4.045721054
4+300,141,-4.045721054
4+300,142,-4.045721054
4+300,143,-4.045721054
4+300,144,-4.045721054
4+300,145,-4.045721054
4+300,146,-4.045721054
4+300,147,-4.045721054
4+300,148,-4.045721054
4+300,149,-4.045721054
4+300,150,-4.011713028
4+300,151,-4.011713028
4+300,152,-4.011713028
4+300,153,-4.011713028
4+300,154,-4.011713028
4+300,155,-3.996946812
4+300,156,-3.996946812
4+300,157,-3.996946812
4+300,158,-3.996946812
4+300,159,-3.996946812
4+300,160,-3.996946812
4+300,161,-3.996946812
4+300,162,-3.963845253
4+300,163,-3.963845253
4+300,164,-3.963845253
4+300,165,-3.963845253
4+300,166,-3.963845253
4+300,167,-3.963845253
4+300,168,-3.963845253
4+300,169,-3.963845253
4+300,170,-3.963845253
4+300,171,-3.963845253
4+300,172,-3.963845253
4+300,173,-3.953409433
4+300,174,-3.923612595
4+300,175,-3.923612595
4+300,176,-3.923612595
4+300,177,-3.923612595
4+300,178,-3.923612595
4+300,179,-3.923612595
4+300,180,-3.923612595
4+300,181,-3.923612595
4+300,182,-3.923612595
4+300,183,-3.923612595
4+300,184,-3.923612595
4+300,185,-3.923612595
4+300,186,-3.905785561
4+300,187,-3.905785561
4+300,188,-3.905785561
4+300,189,-3.905785561
4+300,190,-3.905785561
4+300,191,-3.905785561
4+300,192,-3.899173498
4+300,193,-3.899173498
4+300,194,-3.899173498
4+300,195,-3.899173498
4+300,196,-3.899173498
4+300,197,-3.899173498
4+300,198,-3.908688545
4+300,199,-3.908688545
4+300,200,-3.908688545
4+300,201,-3.908688545
4+300,202,-3.908688545
4+300,203,-3.908688545
4+300,204,-3.908688545
4+300,205,-3.908688545
4+300,206,-3.908688545
4+300,207,-3.908688545
4+300,208,-3.908688545
4+300,209,-3.908688545
4+300,210,-3.899402142
4+300,211,-3.899402142
4+300,212,-3.899402142
4+300,213,-3.899402142
4+300,214,-3.899402142
4+300,215,-3.899402142
4+300,216,-3.899402142
4+300,217,-3.899402142
4+300,218,-3.899402142
4+300,219,-3.899402142
4+300,220,-3.899402142
4+300,221,-3.899402142
4+300,222,-3.824118614
4+300,223,-3.824118614
4+300,224,-3.824118614
4+300,225,-3.824118614
4+300,226,-3.824118614
4+300,227,-3.824118614
4+300,228,-3.824118614
4+300,229,-3.822620869
4+300,230,-3.822620869
4+300,231,-3.822620869
4+300,232,-3.822620869
4+300,233,-3.758830547
4+300,234,-3.758830547
4+300,235,-3.758830547
4+300,236,-3.758830547
4+300,237,-3.758830547
4+300,238,-3.758830547
4+300,239,-3.758830547
4+300,240,-3.758830547
4+300,241,-3.758830547
4+300,242,-3.758830547
4+300,243,-3.758830547
4+300,244,-3.758830547
4+300,245,-3.696700096
4+300,246,-3.696700096
4+300,247,-3.661940575
4+300,248,-3.661940575
4+300,249,-3.661940575
4+300,250,-3.661940575
4+300,251,-3.661940575
4+300,252,-3.661940575
4+300,253,-3.661940575
4+300,254,-3.661940575
4+300,255,-3.661940575
4+300,256,-3.661940575
4+300,257,-3.599391937
4+300,258,-3.599391937
4+300,259,-3.599391937
4+300,260,-3.599391937
4+300,261,-3.599391937
4+300,262,-3.599391937
4+300,263,-3.599391937
4+300,264,-3.599391937
4+300,265,-3.599391937
4+300,266,-3.579674244
4+300,267,-3.579674244
4+300,268,-3.579674244
4+300,269,-3.546973228
4+300,270,-3.546973228
4+300,271,-3.546973228
4+300,272,-3.546973228
4+300,273,-3.546973228
4+300,274,-3.546973228
4+300,275,-3.546973228
4+300,276,-3.546973228
4+300,277,-3.546973228
4+300,278,-3.546973228
4+300,279,-3.546973228
4+300,280,-3.546973228
4+300,281,-3.454657078
4+300,282,-3.454657078
4+300,283,-3.454657078
4+300,284,-3.397242069
4+300,285,-3.397242069
4+300,286,-3.397242069
4+300,287,-3.397242069
4+300,288,-3.397242069
4+300,289,-3.397242069
4+300,290,-3.397242069
4+300,291,-3.397242069
4+300,292,-3.397242069
4+300,293,-3.273875237
4+300,294,-3.273875237
4+300,295,-3.273875237
4+300,296,-3.273875237
4+300,297,-3.273875237
4+300,298,-3.273875237
4+300,299,-3.273875237
4+300,300,-3.273875237
4+300,301,-3.273875237
4+300,302,-3.273875237
4+300,303,-3.189053535
4+300,304,-3.189053535
4+300,305,-3.019113541
4+300,306,-3.019113541
4+300,307,-3.019113541
4+300,308,-3.019113541
4+300,309,-3.019113541
4+300,310,-3.019113541
4+300,311,-3.019113541
4+300,312,-3.019113541
4+300,313,-3.019113541
4+300,314,-3.019113541
4+300,315,-3.019113541
4+300,316,-3.019113541
4+300,317,-2.831463337
4+300,318,-2.831463337
4+300,319,-2.831463337
4+300,320,-2.831463337
4+300,321,-2.695526361
4+300,322,-2.695526361
4+300,323,-2.695526361
4+300,324,-2.695526361
4+300,325,-2.695526361
4+300,326,-2.695526361
4+300,327,-2.695526361
4+300,328,-2.695526361
4+300,329,-2.476151228
4+300,330,-2.476151228
4+300,331,-2.476151228
4+300,332,-2.476151228
4+300,333,-2.476151228
4+300,334,-2.476151228
4+300,335,-2.476151228
4+300,336,-2.476151228
4+300,337,-2.476151228
4+300,338,-2.476151228
4+300,339,-2.324808836
4+300,340,-2.093536854
4+300,341,-2.093536854
4+300,342,-2.093536854
4+300,343,-2.093536854
4+300,344,-2.093536854
4+300,345,-2.093536854
4+300,346,-2.093536854
4+300,347,-2.093536854
4+300,348,-2.093536854
4+300,349,-2.093536854
4+300,350,-2.093536854
4+300,351,-2.093536854
4+300,352,-1.883737326
4+300,353,-1.883737326
4+300,354,-1.883737326
4+300,355,-1.883737326
4+300,356,-1.883737326
4+300,357,-1.883737326
4+300,358,-1.735095978
4+300,359,-1.735095978
4+300,360,-1.735095978
4+300,361,-1.735095978
4+300,362,-1.735095978
4+300,363,-1.735095978
4+300,364,-1.575837851
4+300,365,-1.575837851
4+300,366,-1.575837851
4+300,367,-1.575837851
4+300,368,-1.575837851
4+300,369,-1.575837851
4+300,370,-1.575837851
4+300,371,-1.575837851
4+300,372,-1.575837851
4+300,373,-1.575837851
4+300,374,-1.575837851
4+300,375,-1.575837851
4+300,376,-1.431276321
4+300,377,-1.431276321
4+300,378,-1.431276321
4+300,379,-1.431276321
4+300,380,-1.431276321
4+300,381,-1.431276321
4+300,382,-1.431276321
4+300,383,-1.431276321
4+300,384,-1.431276321
4+300,385,-1.431276321
4+300,386,-1.431276321
4+300,387,-1.431276321
4+300,388,-1.40326488
4+300,389,-1.40326488
4+300,390,-1.40326488
4+300,391,-1.40326488
4+300,392,-1.40326488
4+300,393,-1.40326488
4+300,394,-1.40326488
4+300,395,-1.415116549
4+300,396,-1.415116549
4+300,397,-1.415116549
4+300,398,-1.415116549
4+300,399,-1.415116549
4+300,400,-1.363150358
4+300,401,-1.363150358
4+300,402,-1.363150358
4+300,403,-1.363150358
4+300,404,-1.363150358
4+300,405,-1.363150358
4+300,406,-1.363150358
4+300,407,-1.363150358
4+300,408,-1.363150358
4+300,409,-1.363150358
4+300,410,-1.363150358
4+300,411,-1.363150358
4+300,412,-1.079244256
4+300,413,-0.615670681
4+300,414,-0.615670681
4+300,415,-0.615670681
4+300,416,-0.615670681
4+300,417,-0.615670681
4+300,418,-0.615670681
4+300,419,-0.615670681
4+300,420,-0.615670681
4+300,421,-0.615670681
4+300,422,-0.615670681
4+300,423,-0.615670681
4+300,424,0.25856784
4+300,425,0.25856784
4+300,426,0.25856784
4+300,427,0.25856784
4+300,428,0.25856784
4+300,429,0.25856784
4+300,430,0.25856784
4+300,431,0.25856784
4+300,432,0.76542747
4+300,433,0.76542747
4+300,434,0.76542747
4+300,435,0.76542747
4+300,436,1.558246374
4+300,437,1.558246374
4+300,438,1.558246374
4+300,439,1.558246374
4+300,440,1.558246374
4+300,441,1.558246374
4+300,442,1.558246374
4+300,443,1.558246374
4+300,444,1.558246374
4+300,445,1.558246374
4+300,446,1.558246374
4+300,447,2.155729771
4+300,448,2.155729771
4+300,449,2.155729771
4+300,450,2.480988741
4+300,451,2.480988741
4+300,452,2.480988741
4+300,453,2.480988741
4+300,454,2.480988741
4+300,455,2.480988741
4+300,456,2.480988741
4+300,457,2.480988741
4+300,458,2.480988741
4+300,459,2.86536622
4+300,460,2.86536622
4+300,461,2.86536622
4+300,462,2.86536622
4+300,463,2.86536622
4+300,464,2.86536622
4+300,465,2.86536622
4+300,466,2.86536622
4+300,467,2.86536622
4+300,468,3.11522913
4+300,469,3.11522913
4+300,470,3.11522913
4+300,471,3.373118877
4+300,472,3.373118877
4+300,473,3.373118877
4+300,474,3.373118877
4+300,475,3.373118877
4+300,476,3.373118877
4+300,477,3.373118877
4+300,478,3.373118877
4+300,479,3.373118877
4+300,480,3.373118877
4+300,481,3.373118877
4+300,482,3.373118877
4+300,483,3.556201935
4+300,484,3.556201935
4+300,485,3.556201935
4+300,486,3.556201935
4+300,487,3.710507631
4+300,488,3.710507631
4+300,489,3.710507631
4+300,490,3.710507631
4+300,491,3.710507631
4+300,492,3.710507631
4+300,493,3.710507631
4+300,494,3.710507631
4+300,495,3.710507631
4+300,496,3.710507631
4+300,497,3.710507631
4+300,498,3.710507631
4+300,499,3.710507631
4+300,500,3.710507631
4+400,0,-4.512096405
4+400,1,-4.512096405
4+400,2,-4.512096405
4+400,3,-4.512096405
4+400,4,-4.512096405
4+400,5,-4.504494667
4+400,6,-4.504494667
4+400,7,-4.504494667
4+400,8,-4.504494667
4+400,9,-4.504494667
4+400,10,-4.504494667
4+400,11,-4.504494667
4+400,12,-4.504494667
4+400,13,-4.504494667
4+400,14,-4.504494667
4+400,15,-4.504494667
4+400,16,-4.496292114
4+400,17,-4.496292114
4+400,18,-4.463772774
4+400,19,-4.463772774
4+400,20,-4.463772774
4+400,21,-4.463772774
4+400,22,-4.463772774
4+400,23,-4.463772774
4+400,24,-4.463772774
4+400,25,-4.463772774
4+400,26,-4.463772774
4+400,27,-4.463772774
4+400,28,-4.455348015
4+400,29,-4.455348015
4+400,30,-4.455348015
4+400,31,-4.455348015
4+400,32,-4.455348015
4+400,33,-4.455348015
4+400,34,-4.455348015
4+400,35,-4.455348015
4+400,36,-4.455348015
4+400,37,-4.455348015
4+400,38,-4.455348015
4+400,39,-4.413990021
4+400,40,-4.413990021
4+400,41,-4.413990021
4+400,42,-4.413990021
4+400,43,-4.413990021
4+400,44,-4.413990021
4+400,45,-4.413990021
4+400,46,-4.413990021
4+400,47,-4.413990021
4+400,48,-4.413990021
4+400,49,-4.413990021
4+400,50,-4.404757023
4+400,51,-4.404757023
4+400,52,-4.404757023
4+400,53,-4.404757023
4+400,54,-4.404757023
4+400,55,-4.404757023
4+400,56,-4.404757023
4+400,57,-4.404757023
4+400,58,-4.404757023
4+400,59,-4.372226238
4+400,60,-4.372226238
4+400,61,-4.372226238
4+400,62,-4.362935066
4+400,63,-4.362935066
4+400,64,-4.362935066
4+400,65,-4.362935066
4+400,66,-4.362935066
4+400,67,-4.362935066
4+400,68,-4.362935066
4+400,69,-4.362935066
4+400,70,-4.362935066
4+400,71,-4.362935066
4+400,72,-4.362935066
4+400,73,-4.353039265
4+400,74,-4.353039265
4+400,75,-4.353039265
4+400,76,-4.353039265
4+400,77,-4.353039265
4+400,78,-4.353039265
4+400,79,-4.353039265
4+400,80,-4.320819378
4+400,81,-4.320819378
4+400,82,-4.320819378
4+400,83,-4.320819378
4+400,84,-4.320819378
4+400,85,-4.311058998
4+400,86,-4.311058998
4+400,87,-4.311058998
4+400,88,-4.311058998
4+400,89,-4.311058998
4+400,90,-4.311058998
4+400,91,-4.311058998
4+400,92,-4.311058998
4+400,93,-4.311058998
4+400,94,-4.311058998
4+400,95,-4.311058998
4+400,96,-4.300804138
4+400,97,-4.300804138
4+400,98,-4.300804138
4+400,99,-4.300804138
4+400,100,-4.300804138
4+400,101,-4.26895237
4+400,102,-4.26895237
4+400,103,-4.26895237
4+400,104,-4.26895237
4+400,105,-4.26895237
4+400,106,-4.26895237
4+400,107,-4.26895237
4+400,108,-4.259138107
4+400,109,-4.259138107
4+400,110,-4.259138107
4+400,111,-4.259138107
4+400,112,-4.259138107
4+400,113,-4.259138107
4+400,114,-4.259138107
4+400,115,-4.259138107
4+400,116,-4.259138107
4+400,117,-4.259138107
4+400,118,-4.259138107
4+400,119,-4.249014854
4+400,120,-4.249014854
4+400,121,-4.249014854
4+400,122,-4.217563629
4+400,123,-4.217563629
4+400,124,-4.217563629
4+400,125,-4.217563629
4+400,126,-4.217563629
4+400,127,-4.217563629
4+400,128,-4.217563629
4+400,129,-4.217563629
4+400,130,-4.208299637
4+400,131,-4.208299637
4+400,132,-4.208299637
4+400,133,-4.208299637
4+400,134,-4.208299637
4+400,135,-4.208299637
4+400,136,-4.208299637
4+400,137,-4.208299637
4+400,138,-4.208299637
4+400,139,-4.208299637
4+400,140,-4.208299637
4+400,141,-4.208299637
4+400,142,-4.198997021
4+400,143,-4.167933464
4+400,144,-4.167933464
4+400,145,-4.167933464
4+400,146,-4.167933464
4+400,147,-4.167933464
4+400,148,-4.167933464
4+400,149,-4.167933464
4+400,150,-4.167933464
4+400,151,-4.167933464
4+400,152,-4.167933464
4+400,153,-4.160036564
4+400,154,-4.160036564
4+400,155,-4.160036564
4+400,156,-4.160036564
4+400,157,-4.160036564
4+400,158,-4.160036564
4+400,159,-4.160036564
4+400,160,-4.160036564
4+400,161,-4.160036564
4+400,162,-4.160036564
4+400,163,-4.160036564
4+400,164,-4.127835274
4+400,165,-4.121709824
4+400,166,-4.121709824
4+400,167,-4.121709824
4+400,168,-4.121709824
4+400,169,-4.121709824
4+400,170,-4.121709824
4+400,171,-4.121709824
4+400,172,-4.121709824
4+400,173,-4.121709824
4+400,174,-4.121709824
4+400,175,-4.121709824
4+400,176,-4.11623621
4+400,177,-4.11623621
4+400,178,-4.11623621
4+400,179,-4.11623621
4+400,180,-4.11623621
4+400,181,-4.11623621
4+400,182,-4.11623621
4+400,183,-4.11623621
4+400,184,-4.083868027
4+400,185,-4.083868027
4+400,186,-4.083868027
4+400,187,-4.080949783
4+400,188,-4.080949783
4+400,189,-4.080949783
4+400,190,-4.080949783
4+400,191,-4.080949783
4+400,192,-4.080949783
4+400,193,-4.080949783
4+400,194,-4.080949783
4+400,195,-4.080949783
4+400,196,-4.080949783
4+400,197,-4.080949783
4+400,198,-4.080949783
4+400,199,-4.079113007
4+400,200,-4.079113007
4+400,201,-4.079113007
4+400,202,-4.079113007
4+400,203,-4.079113007
4+400,204,-4.079113007
4+400,205,-4.046283245
4+400,206,-4.046283245
4+400,207,-4.046283245
4+400,208,-4.046283245
4+400,209,-4.046283245
4+400,210,-4.047791481
4+400,211,-4.047791481
4+400,212,-4.047791481
4+400,213,-4.047791481
4+400,214,-4.047791481
4+400,215,-4.047791481
4+400,216,-4.047791481
4+400,217,-4.047791481
4+400,218,-4.047791481
4+400,219,-4.047791481
4+400,220,-4.047791481
4+400,221,-4.047791481
4+400,222,-4.050506592
4+400,223,-4.050506592
4+400,224,-4.050506592
4+400,225,-4.050506592
4+400,226,-4.016671181
4+400,227,-4.016671181
4+400,228,-4.016671181
4+400,229,-4.016671181
4+400,230,-4.016671181
4+400,231,-4.016671181
4+400,232,-4.016671181
4+400,233,-4.022895336
4+400,234,-4.022895336
4+400,235,-4.022895336
4+400,236,-4.022895336
4+400,237,-4.022895336
4+400,238,-4.022895336
4+400,239,-4.022895336
4+400,240,-4.022895336
4+400,241,-4.022895336
4+400,242,-4.022895336
4+400,243,-4.022895336
4+400,244,-4.0294981
4+400,245,-4.0294981
4+400,246,-4.0294981
4+400,247,-3.993157864
4+400,248,-3.993157864
4+400,249,-3.993157864
4+400,250,-3.993157864
4+400,251,-3.993157864
4+400,252,-3.993157864
4+400,253,-3.993157864
4+400,254,-3.993157864
4+400,255,-3.993157864
4+400,256,-4.001617432
4+400,257,-4.001617432
4+400,258,-4.001617432
4+400,259,-4.001617432
4+400,260,-4.001617432
4+400,261,-4.001617432
4+400,262,-4.001617432
4+400,263,-4.001617432
4+400,264,-4.001617432
4+400,265,-4.001617432
4+400,266,-4.001617432
4+400,267,-4.007954597
4+400,268,-3.965143681
4+400,269,-3.965143681
4+400,270,-3.965143681
4+400,271,-3.965143681
4+400,272,-3.965143681
4+400,273,-3.965143681
4+400,274,-3.965143681
4+400,275,-3.965143681
4+400,276,-3.965143681
4+400,277,-3.965143681
4+400,278,-3.965143681
4+400,279,-3.968586445
4+400,280,-3.968586445
4+400,281,-3.968586445
4+400,282,-3.968586445
4+400,283,-3.968586445
4+400,284,-3.968586445
4+400,285,-3.968586445
4+400,286,-3.968586445
4+400,287,-3.968586445
4+400,288,-3.912565231
4+400,289,-3.912565231
4+400,290,-3.90805006
4+400,291,-3.90805006
4+400,292,-3.90805006
4+400,293,-3.90805006
4+400,294,-3.90805006
4+400,295,-3.90805006
4+400,296,-3.90805006
4+400,297,-3.90805006
4+400,298,-3.90805006
4+400,299,-3.90805006
4+400,300,-3.90805006
4+400,301,-3.894408226
4+400,302,-3.894408226
4+400,303,-3.894408226
4+400,304,-3.894408226
4+400,305,-3.894408226
4+400,306,-3.894408226
4+400,307,-3.894408226
4+400,308,-3.894408226
4+400,309,-3.815083504
4+400,310,-3.815083504
4+400,311,-3.815083504
4+400,312,-3.815083504
4+400,313,-3.783761978
4+400,314,-3.783761978
4+400,315,-3.783761978
4+400,316,-3.783761978
4+400,317,-3.783761978
4+400,318,-3.783761978
4+400,319,-3.783761978
4+400,320,-3.783761978
4+400,321,-3.783761978
4+400,322,-3.783761978
4+400,323,-3.783761978
4+400,324,-3.739733696
4+400,325,-3.739733696
4+400,326,-3.739733696
4+400,327,-3.739733696
4+400,328,-3.739733696
4+400,329,-3.739733696
4+400,330,-3.62291193
4+400,331,-3.62291193
4+400,332,-3.62291193
4+400,333,-3.62291193
4+400,334,-3.62291193
4+400,335,-3.62291193
4+400,336,-3.552741528
4+400,337,-3.552741528
4+400,338,-3.552741528
4+400,339,-3.552741528
4+400,340,-3.552741528
4+400,341,-3.552741528
4+400,342,-3.552741528
4+400,343,-3.552741528
4+400,344,-3.552741528
4+400,345,-3.552741528
4+400,346,-3.552741528
4+400,347,-3.46904397
4+400,348,-3.46904397
4+400,349,-3.46904397
4+400,350,-3.46904397
4+400,351,-3.315247297
4+400,352,-3.315247297
4+400,353,-3.315247297
4+400,354,-3.315247297
4+400,355,-3.315247297
4+400,356,-3.315247297
4+400,357,-3.315247297
4+400,358,-3.20764637
4+400,359,-3.20764637
4+400,360,-3.20764637
4+400,361,-3.20764637
4+400,362,-3.20764637
4+400,363,-3.20764637
4+400,364,-3.20764637
4+400,365,-3.20764637
4+400,366,-3.20764637
4+400,367,-3.20764637
4+400,368,-3.20764637
4+400,369,-3.20764637
4+400,370,-3.084477425
4+400,371,-3.084477425
4+400,372,-3.002583027
4+400,373,-3.002583027
4+400,374,-3.002583027
4+400,375,-3.002583027
4+400,376,-3.002583027
4+400,377,-3.002583027
4+400,378,-3.002583027
4+400,379,-3.002583027
4+400,380,-3.002583027
4+400,381,-2.957892895
4+400,382,-2.957892895
4+400,383,-2.957892895
4+400,384,-2.957892895
4+400,385,-2.957892895
4+400,386,-2.957892895
4+400,387,-2.957892895
4+400,388,-2.957892895
4+400,389,-2.957892895
4+400,390,-2.957892895
4+400,391,-2.957892895
4+400,392,-2.957892895
4+400,393,-2.540771246
4+400,394,-2.540771246
4+400,395,-2.540771246
4+400,396,-2.540771246
4+400,397,-2.540771246
4+400,398,-2.540771246
4+400,399,-2.540771246
4+400,400,-2.540771246
4+400,401,-2.540771246
4+400,402,-2.540771246
4+400,403,-2.540771246
4+400,404,-2.089143753
4+400,405,-2.089143753
4+400,406,-2.089143753
4+400,407,-2.089143753
4+400,408,-2.089143753
4+400,409,-2.089143753
4+400,410,-2.089143753
4+400,411,-2.089143753
4+400,412,-2.089143753
4+400,413,-1.961493254
4+400,414,-1.961493254
4+400,415,-1.710458159
4+400,416,-1.710458159
4+400,417,-1.710458159
4+400,418,-1.710458159
4+400,419,-1.710458159
4+400,420,-1.710458159
4+400,421,-1.710458159
4+400,422,-1.710458159
4+400,423,-1.710458159
4+400,424,-1.710458159
4+400,425,-1.710458159
4+400,426,-1.710458159
4+400,427,-1.394408703
4+400,428,-1.394408703
4+400,429,-1.394408703
4+400,430,-1.394408703
4+400,431,-1.394408703
4+400,432,-1.394408703
4+400,433,-1.394408703
4+400,434,-1.326976776
4+400,435,-1.326976776
4+400,436,-1.326976776
4+400,437,-1.326976776
4+400,438,-1.018247008
4+400,439,-1.018247008
4+400,440,-1.018247008
4+400,441,-1.018247008
4+400,442,-1.018247008
4+400,443,-1.018247008
4+400,444,-1.018247008
4+400,445,-1.018247008
4+400,446,-1.018247008
4+400,447,-1.018247008
4+400,448,-1.018247008
4+400,449,-1.018247008
4+400,450,-0.525649846
4+400,451,-0.525649846
4+400,452,-0.525649846
4+400,453,-0.525649846
4+400,454,-0.525649846
4+400,455,-0.322309405
4+400,456,-0.322309405
4+400,457,-0.322309405
4+400,458,-0.322309405
4+400,459,-0.322309405
4+400,460,-0.322309405
4+400,461,0.47886008
4+400,462,0.47886008
4+400,463,0.47886008
4+400,464,0.47886008
4+400,465,0.47886008
4+400,466,0.47886008
4+400,467,0.47886008
4+400,468,0.47886008
4+400,469,0.47886008
4+400,470,0.47886008
4+400,471,0.47886008
4+400,472,0.47886008
4+400,473,1.16458118
4+400,474,1.16458118
4+400,475,1.16458118
4+400,476,1.413635969
4+400,477,1.413635969
4+400,478,1.413635969
4+400,479,1.413635969
4+400,480,1.413635969
4+400,481,1.413635969
4+400,482,1.413635969
4+400,483,1.413635969
4+400,484,1.961374044
4+400,485,1.961374044
4+400,486,1.961374044
4+400,487,1.961374044
4+400,488,1.961374044
4+400,489,1.961374044
4+400,490,1.961374044
4+400,491,1.961374044
4+400,492,1.961374044
4+400,493,1.961374044
4+400,494,1.961374044
4+400,495,2.453198671
4+400,496,2.453198671
4+400,497,2.453198671
4+400,498,2.453198671
4+400,499,2.453198671
4+400,500,2.453198671
4+500,0,2.453198671
4+500,1,2.453198671
4+500,2,2.453198671
4+500,3,2.453198671
4+500,4,2.453198671
4+500,5,2.453198671
4+500,6,2.453198671
4+500,7,2.453198671
4+500,8,2.453198671
4+500,9,2.453198671
4+500,10,2.453198671
4+500,11,2.453198671
4+500,12,2.453198671
4+500,13,2.453198671
4+500,14,2.453198671
4+500,15,2.453198671
4+500,16,2.453198671
4+500,17,2.453198671
4+500,18,2.453198671
4+500,19,2.453198671
4+500,20,2.453198671
4+500,21,2.453198671
4+500,22,2.453198671
4+500,23,2.453198671
4+500,24,2.453198671
4+500,25,2.453198671
4+500,26,2.453198671
4+500,27,2.453198671
4+500,28,2.453198671
4+500,29,2.453198671
4+500,30,2.453198671
4+500,31,2.453198671
4+500,32,2.453198671
4+500,33,2.453198671
4+500,34,2.453198671
4+500,35,2.453198671
4+500,36,-3.408713818
4+500,37,-3.408713818
4+500,38,-3.408713818
4+500,39,-3.408713818
4+500,40,-3.408713818
4+500,41,-3.408713818
4+500,42,-3.408713818
4+500,43,-3.408713818
4+500,44,-3.408713818
4+500,45,-3.408713818
4+500,46,-3.387397289
4+500,47,-3.387397289
4+500,48,-3.387397289
4+500,49,-3.387397289
4+500,50,-3.387397289
4+500,51,-3.387397289
4+500,52,-3.387397289
4+500,53,-3.387397289
4+500,54,-3.387397289
4+500,55,-3.387397289
4+500,56,-3.36631155
4+500,57,-3.36631155
4+500,58,-3.36631155
4+500,59,-3.36631155
4+500,60,-3.36631155
4+500,61,-3.36631155
4+500,62,-3.36631155
4+500,63,-3.36631155
4+500,64,-3.36631155
4+500,65,-3.36631155
4+500,66,-3.345333576
4+500,67,-3.345333576
4+500,68,-3.345333576
4+500,69,-3.345333576
4+500,70,-3.345333576
4+500,71,-3.345333576
4+500,72,-3.345333576
4+500,73,-3.345333576
4+500,74,-3.345333576
4+500,75,-3.345333576
4+500,76,-3.324280739
4+500,77,-3.324280739
4+500,78,-3.324280739
4+500,79,-3.324280739
4+500,80,-3.324280739
4+500,81,-3.324280739
4+500,82,-3.324280739
4+500,83,-3.324280739
4+500,84,-3.324280739
4+500,85,-3.324280739
4+500,86,-3.302915573
4+500,87,-3.302915573
4+500,88,-3.302915573
4+500,89,-3.302915573
4+500,90,-3.302915573
4+500,91,-3.302915573
4+500,92,-3.302915573
4+500,93,-3.302915573
4+500,94,-3.302915573
4+500,95,-3.302915573
4+500,96,-3.28094101
4+500,97,-3.28094101
4+500,98,-3.28094101
4+500,99,-3.28094101
4+500,100,-3.28094101
4+500,101,-3.28094101
4+500,102,-3.28094101
4+500,103,-3.28094101
4+500,104,-3.28094101
4+500,105,-3.28094101
4+500,106,-3.258008003
4+500,107,-3.258008003
4+500,108,-3.258008003
4+500,109,-3.258008003
4+500,110,-3.258008003
4+500,111,-3.258008003
4+500,112,-3.258008003
4+500,113,-3.258008003
4+500,114,-3.258008003
4+500,115,-3.258008003
4+500,116,-3.233725071
4+500,117,-3.233725071
4+500,118,-3.233725071
4+500,119,-3.233725071
4+500,120,-3.233725071
4+500,121,-3.233725071
4+500,122,-3.233725071
4+500,123,-3.233725071
4+500,124,-3.233725071
4+500,125,-3.233725071
4+500,126,-3.207673073
4+500,127,-3.207673073
4+500,128,-3.207673073
4+500,129,-3.207673073
4+500,130,-3.207673073
4+500,131,-3.207673073
4+500,132,-3.207673073
4+500,133,-3.207673073
4+500,134,-3.207673073
4+500,135,-3.207673073
4+500,136,-3.179427385
4+500,137,-3.179427385
4+500,138,-3.179427385
4+500,139,-3.179427385
4+500,140,-3.179427385
4+500,141,-3.179427385
4+500,142,-3.179427385
4+500,143,-3.179427385
4+500,144,-3.179427385
4+500,145,-3.179427385
4+500,146,-3.148588657
4+500,147,-3.148588657
4+500,148,-3.148588657
4+500,149,-3.148588657
4+500,150,-3.148588657
4+500,151,-3.148588657
4+500,152,-3.148588657
4+500,153,-3.148588657
4+500,154,-3.148588657
4+500,155,-3.148588657
4+500,156,-3.114794254
4+500,157,-3.114794254
4+500,158,-3.114794254
4+500,159,-3.114794254
4+500,160,-3.114794254
4+500,161,-3.114794254
4+500,162,-3.114794254
4+500,163,-3.114794254
4+500,164,-3.114794254
4+500,165,-3.114794254
4+500,166,-3.077730179
4+500,167,-3.077730179
4+500,168,-3.077730179
4+500,169,-3.077730179
4+500,170,-3.077730179
4+500,171,-3.077730179
4+500,172,-3.077730179
4+500,173,-3.077730179
4+500,174,-3.077730179
4+500,175,-3.077730179
4+500,176,-3.037130594
4+500,177,-3.037130594
4+500,178,-3.037130594
4+500,179,-3.037130594
4+500,180,-3.037130594
4+500,181,-3.037130594
4+500,182,-3.037130594
4+500,183,-3.037130594
4+500,184,-3.037130594
4+500,185,-3.037130594
4+500,186,-2.992761135
4+500,187,-2.992761135
4+500,188,-2.992761135
4+500,189,-2.992761135
4+500,190,-2.992761135
4+500,191,-2.992761135
4+500,192,-2.992761135
4+500,193,-2.992761135
4+500,194,-2.992761135
4+500,195,-2.992761135
4+500,196,-2.944397449
4+500,197,-2.944397449
4+500,198,-2.944397449
4+500,199,-2.944397449
4+500,200,-2.944397449
4+500,201,-2.944397449
4+500,202,-2.944397449
4+500,203,-2.944397449
4+500,204,-2.944397449
4+500,205,-2.944397449
4+500,206,-2.891805887
4+500,207,-2.891805887
4+500,208,-2.891805887
4+500,209,-2.891805887
4+500,210,-2.891805887
4+500,211,-2.891805887
4+500,212,-2.891805887
4+500,213,-2.891805887
4+500,214,-2.891805887
4+500,215,-2.891805887
4+500,216,-2.834754944
4+500,217,-2.834754944
4+500,218,-2.834754944
4+500,219,-2.834754944
4+500,220,-2.834754944
4+500,221,-2.834754944
4+500,222,-2.834754944
4+500,223,-2.834754944
4+500,224,-2.834754944
4+500,225,-2.834754944
4+500,226,-2.773053169
4+500,227,-2.773053169
4+500,228,-2.773053169
4+500,229,-2.773053169
4+500,230,-2.773053169
4+500,231,-2.773053169
4+500,232,-2.773053169
4+500,233,-2.773053169
4+500,234,-2.773053169
4+500,235,-2.773053169
4+500,236,-2.706618309
4+500,237,-2.706618309
4+500,238,-2.706618309
4+500,239,-2.706618309
4+500,240,-2.706618309
4+500,241,-2.706618309
4+500,242,-2.706618309
4+500,243,-2.706618309
4+500,244,-2.706618309
4+500,245,-2.706618309
4+500,246,-2.635579586
4+500,247,-2.635579586
4+500,248,-2.635579586
4+500,249,-2.635579586
4+500,250,-2.635579586
4+500,251,-2.635579586
4+500,252,-2.635579586
4+500,253,-2.635579586
4+500,254,-2.635579586
4+500,255,-2.635579586
4+500,256,-2.560361385
4+500,257,-2.560361385
4+500,258,-2.560361385
4+500,259,-2.560361385
4+500,260,-2.560361385
4+500,261,-2.560361385
4+500,262,-2.560361385
4+500,263,-2.560361385
4+500,264,-2.560361385
4+500,265,-2.560361385
4+500,266,-2.481742859
4+500,267,-2.481742859
4+500,268,-2.481742859
4+500,269,-2.481742859
4+500,270,-2.481742859
4+500,271,-2.481742859
4+500,272,-2.481742859
4+500,273,-2.481742859
4+500,274,-2.481742859
4+500,275,-2.481742859
4+500,276,-2.400834084
4+500,277,-2.400834084
4+500,278,-2.400834084
4+500,279,-2.400834084
4+500,280,-2.400834084
4+500,281,-2.400834084
4+500,282,-2.400834084
4+500,283,-2.400834084
4+500,284,-2.400834084
4+500,285,-2.400834084
4+500,286,-2.318982124
4+500,287,-2.318982124
4+500,288,-2.318982124
4+500,289,-2.318982124
4+500,290,-2.318982124
4+500,291,-2.318982124
4+500,292,-2.318982124
4+500,293,-2.318982124
4+500,294,-2.318982124
4+500,295,-2.318982124
4+500,296,-2.237582922
4+500,297,-2.237582922
4+500,298,-2.237582922
4+500,299,-2.237582922
4+500,300,-2.237582922
4+500,301,-2.237582922
4+500,302,-2.237582922
4+500,303,-2.237582922
4+500,304,-2.237582922
4+500,305,-2.237582922
4+500,306,-2.157848358
4+500,307,-2.157848358
4+500,308,-2.157848358
4+500,309,-2.157848358
4+500,310,-2.157848358
4+500,311,-2.157848358
4+500,312,-2.157848358
4+500,313,-2.157848358
4+500,314,-2.157848358
4+500,315,-2.157848358
4+500,316,-2.080572128
4+500,317,-2.080572128
4+500,318,-2.080572128
4+500,319,-2.080572128
4+500,320,-2.080572128
4+500,321,-2.080572128
4+500,322,-2.080572128
4+500,323,-2.080572128
4+500,324,-2.080572128
4+500,325,-2.080572128
4+500,326,-2.005946636
4+500,327,-2.005946636
4+500,328,-2.005946636
4+500,329,-2.005946636
4+500,330,-2.005946636
4+500,331,-2.005946636
4+500,332,-2.005946636
4+500,333,-2.005946636
4+500,334,-2.005946636
4+500,335,-2.005946636
4+500,336,-1.933539033
4+500,337,-1.933539033
4+500,338,-1.933539033
4+500,339,-1.933539033
4+500,340,-1.933539033
4+500,341,-1.933539033
4+500,342,-1.933539033
4+500,343,-1.933539033
4+500,344,-1.933539033
4+500,345,-1.933539033
4+500,346,-1.862595081
4+500,347,-1.862595081
4+500,348,-1.862595081
4+500,349,-1.862595081
4+500,350,-1.862595081
4+500,351,-1.862595081
4+500,352,-1.862595081
4+500,353,-1.862595081
4+500,354,-1.862595081
4+500,355,-1.862595081
4+500,356,-1.793066263
4+500,357,-1.793066263
4+500,358,-1.793066263
4+500,359,-1.793066263
4+500,360,-1.793066263
4+500,361,-1.793066263
4+500,362,-1.793066263
4+500,363,-1.793066263
4+500,364,-1.793066263
4+500,365,-1.793066263
4+500,366,-1.727674723
4+500,367,-1.727674723
4+500,368,-1.727674723
4+500,369,-1.727674723
4+500,370,-1.727674723
4+500,371,-1.727674723
4+500,372,-1.727674723
4+500,373,-1.727674723
4+500,374,-1.727674723
4+500,375,-1.727674723
4+500,376,-1.670861363
4+500,377,-1.670861363
4+500,378,-1.670861363
4+500,379,-1.670861363
4+500,380,-1.670861363
4+500,381,-1.670861363
4+500,382,-1.670861363
4+500,383,-1.670861363
4+500,384,-1.670861363
4+500,385,-1.670861363
4+500,386,-1.584394693
4+500,387,-1.584394693
4+500,388,-1.584394693
4+500,389,-1.584394693
4+500,390,-1.584394693
4+500,391,-1.584394693
4+500,392,-1.584394693
4+500,393,-1.584394693
4+500,394,-1.584394693
4+500,395,-1.584394693
4+500,396,-1.499730825
4+500,397,-1.499730825
4+500,398,-1.499730825
4+500,399,-1.499730825
4+500,400,-1.499730825
4+500,401,-1.499730825
4+500,402,-1.499730825
4+500,403,-1.499730825
4+500,404,-1.499730825
4+500,405,-1.499730825
4+500,406,-1.400885224
4+500,407,-1.400885224
4+500,408,-1.400885224
4+500,409,-1.400885224
4+500,410,-1.400885224
4+500,411,-1.400885224
4+500,412,-1.400885224
4+500,413,-1.400885224
4+500,414,-1.400885224
4+500,415,-1.400885224
4+500,416,-1.250875354
4+500,417,-1.250875354
4+500,418,-1.250875354
4+500,419,-1.250875354
4+500,420,-1.250875354
4+500,421,-1.250875354
4+500,422,-1.250875354
4+500,423,-1.250875354
4+500,424,-1.250875354
4+500,425,-1.250875354
4+500,426,-0.973227203
4+500,427,-0.973227203
4+500,428,-0.973227203
4+500,429,-0.973227203
4+500,430,-0.973227203
4+500,431,-0.973227203
4+500,432,-0.973227203
4+500,433,-0.973227203
4+500,434,-0.973227203
4+500,435,-0.973227203
4+500,436,-0.485096723
4+500,437,-0.485096723
4+500,438,-0.485096723
4+500,439,-0.485096723
4+500,440,-0.485096723
4+500,441,-0.485096723
4+500,442,-0.485096723
4+500,443,-0.485096723
4+500,444,-0.485096723
4+500,445,-0.485096723
4+500,446,0.328916818
4+500,447,0.328916818
4+500,448,0.328916818
4+500,449,0.328916818
4+500,450,0.328916818
4+500,451,0.328916818
4+500,452,0.328916818
4+500,453,0.328916818
4+500,454,0.328916818
4+500,455,0.328916818
4+500,456,0.864995122
4+500,457,0.864995122
4+500,458,0.864995122
4+500,459,0.864995122
4+500,460,0.864995122
4+500,461,0.864995122
4+500,462,0.864995122
4+500,463,0.864995122
4+500,464,0.864995122
4+500,465,0.864995122
4+500,466,1.222019315
4+500,467,1.222019315
4+500,468,1.222019315
4+500,469,1.222019315
4+500,470,1.222019315
4+500,471,1.222019315
4+500,472,1.222019315
4+500,473,1.222019315
4+500,474,1.222019315
4+500,475,1.222019315
4+500,476,1.397790313
4+500,477,1.397790313
4+500,478,1.397790313
4+500,479,1.397790313
4+500,480,1.397790313
4+500,481,1.397790313
4+500,482,1.397790313
4+500,483,1.397790313
4+500,484,1.397790313
4+500,485,1.397790313
4+500,486,1.6720469
4+500,487,1.6720469
4+500,488,1.6720469
4+500,489,1.6720469
4+500,490,1.6720469
4+500,491,1.6720469
4+500,492,1.6720469
4+500,493,1.6720469
4+500,494,1.6720469
4+500,495,1.6720469
4+500,496,1.6720469
4+500,497,1.6720469
4+500,498,1.6720469
4+500,499,1.6720469
4+500,500,1.6720469
4+600,0,1.6720469
4+600,1,1.6720469
4+600,2,1.6720469
4+600,3,1.6720469
4+600,4,1.6720469
4+600,5,1.6720469
4+600,6,1.6720469
4+600,7,1.6720469
4+600,8,1.6720469
4+600,9,1.6720469
4+600,10,1.6720469
4+600,11,1.6720469
4+600,12,1.6720469
4+600,13,1.6720469
4+600,14,1.6720469
4+600,15,1.6720469
4+600,16,1.6720469
4+600,17,1.6720469
4+600,18,1.6720469
4+600,19,1.6720469
4+600,20,1.6720469
4+600,21,1.6720469
4+600,22,1.6720469
4+600,23,1.6720469
4+600,24,1.6720469
4+600,25,1.6720469
4+600,26,1.6720469
4+600,27,1.6720469
4+600,28,1.6720469
4+600,29,1.6720469
4+600,30,1.6720469
4+600,31,1.6720469
4+600,32,1.6720469
4+600,33,1.6720469
4+600,34,1.6720469
4+600,35,1.6720469
4+600,36,1.6720469
4+600,37,1.6720469
4+600,38,1.6720469
4+600,39,1.6720469
4+600,40,1.6720469
4+600,41,1.6720469
4+600,42,1.6720469
4+600,43,1.6720469
4+600,44,1.6720469
4+600,45,1.6720469
4+600,46,1.6720469
4+600,47,1.6720469
4+600,48,1.6720469
4+600,49,1.6720469
4+600,50,1.6720469
4+600,51,1.6720469
4+600,52,1.6720469
4+600,53,1.6720469
4+600,54,-3.071884394
4+600,55,-3.071884394
4+600,56,-3.071884394
4+600,57,-3.071884394
4+600,58,-3.071884394
4+600,59,-3.071884394
4+600,60,-3.071884394
4+600,61,-3.071884394
4+600,62,-3.071884394
4+600,63,-3.071884394
4+600,64,-3.071884394
4+600,65,-3.04847002
4+600,66,-3.04847002
4+600,67,-3.04847002
4+600,68,-3.04847002
4+600,69,-3.04847002
4+600,70,-3.04847002
4+600,71,-3.04847002
4+600,72,-3.04847002
4+600,73,-3.04847002
4+600,74,-3.04847002
4+600,75,-3.024914503
4+600,76,-3.024914503
4+600,77,-3.024914503
4+600,78,-3.024914503
4+600,79,-3.026387453
4+600,80,-3.026387453
4+600,81,-3.026387453
4+600,82,-3.026387453
4+600,83,-3.026387453
4+600,84,-3.026387453
4+600,85,-3.001893997
4+600,86,-3.001893997
4+600,87,-3.001893997
4+600,88,-3.001893997
4+600,89,-3.001893997
4+600,90,-3.001893997
4+600,91,-3.001893997
4+600,92,-3.001893997
4+600,93,-3.001893997
4+600,94,-3.001893997
4+600,95,-2.976941586
4+600,96,-2.976941586
4+600,97,-2.976941586
4+600,98,-2.976941586
4+600,99,-2.976941586
4+600,100,-2.976941586
4+600,101,-2.976941586
4+600,102,-2.976941586
4+600,103,-2.976941586
4+600,104,-2.976941586
4+600,105,-2.976941586
4+600,106,-2.951269627
4+600,107,-2.951269627
4+600,108,-2.951269627
4+600,109,-2.951269627
4+600,110,-2.951269627
4+600,111,-2.951269627
4+600,112,-2.951269627
4+600,113,-2.951269627
4+600,114,-2.951269627
4+600,115,-2.951269627
4+600,116,-2.924534798
4+600,117,-2.924534798
4+600,118,-2.924534798
4+600,119,-2.924534798
4+600,120,-2.924534798
4+600,121,-2.924534798
4+600,122,-2.924534798
4+600,123,-2.924649239
4+600,124,-2.924649239
4+600,125,-2.924649239
4+600,126,-2.895553589
4+600,127,-2.895553589
4+600,128,-2.895553589
4+600,129,-2.895553589
4+600,130,-2.895553589
4+600,131,-2.895553589
4+600,132,-2.895553589
4+600,133,-2.895553589
4+600,134,-2.895553589
4+600,135,-2.895553589
4+600,136,-2.895553589
4+600,137,-2.864343643
4+600,138,-2.864343643
4+600,139,-2.864343643
4+600,140,-2.864343643
4+600,141,-2.864343643
4+600,142,-2.864343643
4+600,143,-2.864343643
4+600,144,-2.864343643
4+600,145,-2.864343643
4+600,146,-2.864343643
4+600,147,-2.830457449
4+600,148,-2.830457449
4+600,149,-2.830457449
4+600,150,-2.830457449
4+600,151,-2.830457449
4+600,152,-2.830457449
4+600,153,-2.830457449
4+600,154,-2.830457449
4+600,155,-2.830457449
4+600,156,-2.830457449
4+600,157,-2.793343306
4+600,158,-2.793343306
4+600,159,-2.793343306
4+600,160,-2.793343306
4+600,161,-2.793343306
4+600,162,-2.793343306
4+600,163,-2.793343306
4+600,164,-2.793343306
4+600,165,-2.793343306
4+600,166,-2.793343306
4+600,167,-2.749697208
4+600,168,-2.749697208
4+600,169,-2.749697208
4+600,170,-2.749697208
4+600,171,-2.749697208
4+600,172,-2.749697208
4+600,173,-2.749697208
4+600,174,-2.749697208
4+600,175,-2.749697208
4+600,176,-2.749697208
4+600,177,-2.749697208
4+600,178,-2.703387022
4+600,179,-2.703387022
4+600,180,-2.703387022
4+600,181,-2.703387022
4+600,182,-2.703387022
4+600,183,-2.703387022
4+600,184,-2.703387022
4+600,185,-2.703387022
4+600,186,-2.703387022
4+600,187,-2.703387022
4+600,188,-2.652526379
4+600,189,-2.652526379
4+600,190,-2.652526379
4+600,191,-2.652526379
4+600,192,-2.652526379
4+600,193,-2.652526379
4+600,194,-2.652526379
4+600,195,-2.652526379
4+600,196,-2.652526379
4+600,197,-2.652526379
4+600,198,-2.59691596
4+600,199,-2.59691596
4+600,200,-2.59691596
4+600,201,-2.59691596
4+600,202,-2.59691596
4+600,203,-2.59691596
4+600,204,-2.59691596
4+600,205,-2.59691596
4+600,206,-2.59691596
4+600,207,-2.59691596
4+600,208,-2.59691596
4+600,209,-2.536377907
4+600,210,-2.536377907
4+600,211,-2.530344486
4+600,212,-2.530344486
4+600,213,-2.530344486
4+600,214,-2.530344486
4+600,215,-2.530344486
4+600,216,-2.530344486
4+600,217,-2.530344486
4+600,218,-2.530344486
4+600,219,-2.46240139
4+600,220,-2.46240139
4+600,221,-2.46240139
4+600,222,-2.46240139
4+600,223,-2.46240139
4+600,224,-2.46240139
4+600,225,-2.46240139
4+600,226,-2.46240139
4+600,227,-2.46240139
4+600,228,-2.46240139
4+600,229,-2.388535976
4+600,230,-2.388535976
4+600,231,-2.388535976
4+600,232,-2.388535976
4+600,233,-2.388535976
4+600,234,-2.388535976
4+600,235,-2.388535976
4+600,236,-2.388535976
4+600,237,-2.388535976
4+600,238,-2.388535976
4+600,239,-2.308076382
4+600,240,-2.308076382
4+600,241,-2.308076382
4+600,242,-2.308076382
4+600,243,-2.308076382
4+600,244,-2.308076382
4+600,245,-2.308076382
4+600,246,-2.308076382
4+600,247,-2.308076382
4+600,248,-2.308076382
4+600,249,-2.308076382
4+600,250,-2.220131159
4+600,251,-2.220131159
4+600,252,-2.220131159
4+600,253,-2.220131159
4+600,254,-2.220131159
4+600,255,-2.210924625
4+600,256,-2.210924625
4+600,257,-2.210924625
4+600,258,-2.210924625
4+600,259,-2.210924625
4+600,260,-2.113414288
4+600,261,-2.113414288
4+600,262,-2.113414288
4+600,263,-2.113414288
4+600,264,-2.113414288
4+600,265,-2.113414288
4+600,266,-2.113414288
4+600,267,-2.113414288
4+600,268,-2.113414288
4+600,269,-2.113414288
4+600,270,-2.007610798
4+600,271,-2.007610798
4+600,272,-2.007610798
4+600,273,-2.007610798
4+600,274,-2.007610798
4+600,275,-2.007610798
4+600,276,-2.007610798
4+600,277,-2.007610798
4+600,278,-2.007610798
4+600,279,-2.007610798
4+600,280,-1.893753529
4+600,281,-1.893753529
4+600,282,-1.893753529
4+600,283,-1.893753529
4+600,284,-1.893753529
4+600,285,-1.893753529
4+600,286,-1.893753529
4+600,287,-1.893753529
4+600,288,-1.893753529
4+600,289,-1.893753529
4+600,290,-1.893753529
4+600,291,-1.773161411
4+600,292,-1.773161411
4+600,293,-1.773161411
4+600,294,-1.773161411
4+600,295,-1.773161411
4+600,296,-1.773161411
4+600,297,-1.773161411
4+600,298,-1.773161411
4+600,299,-1.773161411
4+600,300,-1.776934624
4+600,301,-1.657969117
4+600,302,-1.657969117
4+600,303,-1.657969117
4+600,304,-1.657969117
4+600,305,-1.657969117
4+600,306,-1.657969117
4+600,307,-1.657969117
4+600,308,-1.657969117
4+600,309,-1.657969117
4+600,310,-1.657969117
4+600,311,-1.541398287
4+600,312,-1.541398287
4+600,313,-1.541398287
4+600,314,-1.541398287
4+600,315,-1.541398287
4+600,316,-1.541398287
4+600,317,-1.541398287
4+600,318,-1.541398287
4+600,319,-1.541398287
4+600,320,-1.541398287
4+600,321,-1.541398287
4+600,322,-1.432936907
4+600,323,-1.432936907
4+600,324,-1.432936907
4+600,325,-1.432936907
4+600,326,-1.432936907
4+600,327,-1.432936907
4+600,328,-1.432936907
4+600,329,-1.432936907
4+600,330,-1.432936907
4+600,331,-1.432936907
4+600,332,-1.338502169
4+600,333,-1.338502169
4+600,334,-1.338502169
4+600,335,-1.338502169
4+600,336,-1.338502169
4+600,337,-1.338502169
4+600,338,-1.338502169
4+600,339,-1.338502169
4+600,340,-1.338502169
4+600,341,-1.338502169
4+600,342,-1.261819124
4+600,343,-1.261819124
4+600,344,-1.310597777
4+600,345,-1.310597777
4+600,346,-1.310597777
4+600,347,-1.310597777
4+600,348,-1.310597777
4+600,349,-1.310597777
4+600,350,-1.310597777
4+600,351,-1.310597777
4+600,352,-1.272254825
4+600,353,-1.272254825
4+600,354,-1.272254825
4+600,355,-1.272254825
4+600,356,-1.272254825
4+600,357,-1.272254825
4+600,358,-1.272254825
4+600,359,-1.272254825
4+600,360,-1.272254825
4+600,361,-1.272254825
4+600,362,-1.272254825
4+600,363,-1.229456306
4+600,364,-1.229456306
4+600,365,-1.229456306
4+600,366,-1.229456306
4+600,367,-1.229456306
4+600,368,-1.229456306
4+600,369,-1.229456306
4+600,370,-1.229456306
4+600,371,-1.229456306
4+600,372,-1.229456306
4+600,373,-1.209427357
4+600,374,-1.209427357
4+600,375,-1.209427357
4+600,376,-1.209427357
4+600,377,-1.209427357
4+600,378,-1.209427357
4+600,379,-1.209427357
4+600,380,-1.209427357
4+600,381,-1.209427357
4+600,382,-1.209427357
4+600,383,-1.189541101
4+600,384,-1.189541101
4+600,385,-1.189541101
4+600,386,-1.189541101
4+600,387,-1.189541101
4+600,388,-1.167823434
4+600,389,-1.167823434
4+600,390,-1.167823434
4+600,391,-1.167823434
4+600,392,-1.167823434
4+600,393,-1.108309269
4+600,394,-1.108309269
4+600,395,-1.108309269
4+600,396,-1.108309269
4+600,397,-1.108309269
4+600,398,-1.108309269
4+600,399,-1.108309269
4+600,400,-1.108309269
4+600,401,-1.108309269
4+600,402,-1.108309269
4+600,403,-1.108309269
4+600,404,-1.029411912
4+600,405,-1.029411912
4+600,406,-1.029411912
4+600,407,-1.029411912
4+600,408,-1.029411912
4+600,409,-1.029411912
4+600,410,-1.029411912
4+600,411,-1.029411912
4+600,412,-1.029411912
4+600,413,-1.029411912
4+600,414,-1.028517962
4+600,415,-1.028517962
4+600,416,-1.028517962
4+600,417,-1.028517962
4+600,418,-1.028517962
4+600,419,-1.028517962
4+600,420,-1.028517962
4+600,421,-1.028517962
4+600,422,-1.028517962
4+600,423,-1.028517962
4+600,424,-0.968101025
4+600,425,-0.968101025
4+600,426,-0.968101025
4+600,427,-0.968101025
4+600,428,-0.968101025
4+600,429,-0.968101025
4+600,430,-0.968101025
4+600,431,-0.968101025
4+600,432,-0.908795595
4+600,433,-0.908795595
4+600,434,-0.908795595
4+600,435,-0.70969677
4+600,436,-0.70969677
4+600,437,-0.70969677
4+600,438,-0.70969677
4+600,439,-0.70969677
4+600,440,-0.70969677
4+600,441,-0.70969677
4+600,442,-0.70969677
4+600,443,-0.70969677
4+600,444,-0.70969677
4+600,445,-0.406819642
4+600,446,-0.406819642
4+600,447,-0.406819642
4+600,448,-0.406819642
4+600,449,-0.406819642
4+600,450,-0.406819642
4+600,451,-0.406819642
4+600,452,-0.406819642
4+600,453,-0.406819642
4+600,454,-0.406819642
4+600,455,-0.041596252
4+600,456,-0.041596252
4+600,457,-0.041596252
4+600,458,-0.041596252
4+600,459,-0.041596252
4+600,460,-0.041596252
4+600,461,-0.041596252
4+600,462,-0.041596252
4+600,463,-0.041596252
4+600,464,-0.041596252
4+600,465,0.33072567
4+600,466,0.33072567
4+600,467,0.33072567
4+600,468,0.33072567
4+600,469,0.33072567
4+600,470,0.33072567
4+600,471,0.33072567
4+600,472,0.33072567
4+600,473,0.33072567
4+600,474,0.33072567
4+600,475,0.33072567
4+600,476,0.733902752
4+600,477,0.733902752
4+600,478,0.733902752
4+600,479,0.733902752
4+600,480,0.733902752
4+600,481,0.733902752
4+600,482,0.733902752
4+600,483,0.733902752
4+600,484,0.733902752
4+600,485,0.733902752
4+600,486,0.961221576
4+600,487,0.961221576
4+600,488,0.961221576
4+600,489,0.961221576
4+600,490,0.961221576
4+600,491,0.961221576
4+600,492,0.961221576
4+600,493,0.961221576
4+600,494,0.961221576
4+600,495,0.961221576
4+600,496,0.961221576
4+600,497,0.961221576
4+600,498,0.961221576
4+600,499,0.961221576
4+600,500,0.961221576
4+700,0,-2.929729939
4+700,1,-2.916762352
4+700,2,-2.916762352
4+700,3,-2.916762352
4+700,4,-2.916762352
4+700,5,-2.916762352
4+700,6,-2.916762352
4+700,7,-2.916762352
4+700,8,-2.934398413
4+700,9,-2.934398413
4+700,10,-2.934398413
4+700,11,-2.934398413
4+700,12,-2.921143532
4+700,13,-2.921143532
4+700,14,-2.921143532
4+700,15,-2.921143532
4+700,16,-2.921143532
4+700,17,-2.921143532
4+700,18,-2.921143532
4+700,19,-2.921143532
4+700,20,-2.921143532
4+700,21,-2.921143532
4+700,22,-2.921143532
4+700,23,-2.921143532
4+700,24,-2.907611847
4+700,25,-2.907611847
4+700,26,-2.907611847
4+700,27,-2.907611847
4+700,28,-2.907611847
4+700,29,-2.907611847
4+700,30,-2.923544884
4+700,31,-2.923544884
4+700,32,-2.923544884
4+700,33,-2.923544884
4+700,34,-2.923544884
4+700,35,-2.909280777
4+700,36,-2.909280777
4+700,37,-2.909280777
4+700,38,-2.909280777
4+700,39,-2.909280777
4+700,40,-2.909280777
4+700,41,-2.909280777
4+700,42,-2.909280777
4+700,43,-2.909280777
4+700,44,-2.909280777
4+700,45,-2.909280777
4+700,46,-2.89443779
4+700,47,-2.89443779
4+700,48,-2.89443779
4+700,49,-2.89443779
4+700,50,-2.89443779
4+700,51,-2.89443779
4+700,52,-2.89443779
4+700,53,-2.908176899
4+700,54,-2.908176899
4+700,55,-2.908176899
4+700,56,-2.908176899
4+700,57,-2.892148495
4+700,58,-2.892148495
4+700,59,-2.892148495
4+700,60,-2.892148495
4+700,61,-2.892148495
4+700,62,-2.892148495
4+700,63,-2.892148495
4+700,64,-2.892148495
4+700,65,-2.892148495
4+700,66,-2.892148495
4+700,67,-2.892148495
4+700,68,-2.875216961
4+700,69,-2.875216961
4+700,70,-2.875216961
4+700,71,-2.875216961
4+700,72,-2.875216961
4+700,73,-2.875216961
4+700,74,-2.875216961
4+700,75,-2.886574268
4+700,76,-2.886574268
4+700,77,-2.886574268
4+700,78,-2.886574268
4+700,79,-2.868095398
4+700,80,-2.868095398
4+700,81,-2.868095398
4+700,82,-2.868095398
4+700,83,-2.868095398
4+700,84,-2.868095398
4+700,85,-2.868095398
4+700,86,-2.868095398
4+700,87,-2.868095398
4+700,88,-2.868095398
4+700,89,-2.868095398
4+700,90,-2.868095398
4+700,91,-2.848637104
4+700,92,-2.848637104
4+700,93,-2.848637104
4+700,94,-2.848637104
4+700,95,-2.848637104
4+700,96,-2.848637104
4+700,97,-2.848637104
4+700,98,-2.856831551
4+700,99,-2.856831551
4+700,100,-2.856831551
4+700,101,-2.856831551
4+700,102,-2.835188389
4+700,103,-2.835188389
4+700,104,-2.835188389
4+700,105,-2.835188389
4+700,106,-2.835188389
4+700,107,-2.835188389
4+700,108,-2.835188389
4+700,109,-2.835188389
4+700,110,-2.835188389
4+700,111,-2.835188389
4+700,112,-2.835188389
4+700,113,-2.812325954
4+700,114,-2.812325954
4+700,115,-2.812325954
4+700,116,-2.812325954
4+700,117,-2.812325954
4+700,118,-2.812325954
4+700,119,-2.812325954
4+700,120,-2.818268299
4+700,121,-2.818268299
4+700,122,-2.818268299
4+700,123,-2.818268299
4+700,124,-2.79372406
4+700,125,-2.79372406
4+700,126,-2.79372406
4+700,127,-2.79372406
4+700,128,-2.79372406
4+700,129,-2.79372406
4+700,130,-2.79372406
4+700,131,-2.79372406
4+700,132,-2.79372406
4+700,133,-2.79372406
4+700,134,-2.79372406
4+700,135,-2.767913818
4+700,136,-2.767913818
4+700,137,-2.767913818
4+700,138,-2.767913818
4+700,139,-2.767913818
4+700,140,-2.767913818
4+700,141,-2.767913818
4+700,142,-2.767913818
4+700,143,-2.771119118
4+700,144,-2.771119118
4+700,145,-2.771119118
4+700,146,-2.743051529
4+700,147,-2.743051529
4+700,148,-2.743051529
4+700,149,-2.743051529
4+700,150,-2.743051529
4+700,151,-2.743051529
4+700,152,-2.743051529
4+700,153,-2.743051529
4+700,154,-2.743051529
4+700,155,-2.743051529
4+700,156,-2.743051529
4+700,157,-2.743051529
4+700,158,-2.713487625
4+700,159,-2.713487625
4+700,160,-2.713487625
4+700,161,-2.713487625
4+700,162,-2.713487625
4+700,163,-2.713487625
4+700,164,-2.713487625
4+700,165,-2.71022892
4+700,166,-2.71022892
4+700,167,-2.71022892
4+700,168,-2.71022892
4+700,169,-2.677271366
4+700,170,-2.677271366
4+700,171,-2.677271366
4+700,172,-2.677271366
4+700,173,-2.677271366
4+700,174,-2.677271366
4+700,175,-2.677271366
4+700,176,-2.677271366
4+700,177,-2.677271366
4+700,178,-2.677271366
4+700,179,-2.677271366
4+700,180,-2.642611027
4+700,181,-2.642611027
4+700,182,-2.642611027
4+700,183,-2.642611027
4+700,184,-2.642611027
4+700,185,-2.642611027
4+700,186,-2.642611027
4+700,187,-2.642611027
4+700,188,-2.630041122
4+700,189,-2.630041122
4+700,190,-2.630041122
4+700,191,-2.591270208
4+700,192,-2.591270208
4+700,193,-2.591270208
4+700,194,-2.591270208
4+700,195,-2.591270208
4+700,196,-2.591270208
4+700,197,-2.591270208
4+700,198,-2.591270208
4+700,199,-2.591270208
4+700,200,-2.591270208
4+700,201,-2.591270208
4+700,202,-2.550851822
4+700,203,-2.550851822
4+700,204,-2.550851822
4+700,205,-2.550851822
4+700,206,-2.550851822
4+700,207,-2.550851822
4+700,208,-2.550851822
4+700,209,-2.550851822
4+700,210,-2.531048298
4+700,211,-2.531048298
4+700,212,-2.531048298
4+700,213,-2.486899137
4+700,214,-2.486899137
4+700,215,-2.486899137
4+700,216,-2.486899137
4+700,217,-2.486899137
4+700,218,-2.486899137
4+700,219,-2.486899137
4+700,220,-2.486899137
4+700,221,-2.486899137
4+700,222,-2.486899137
4+700,223,-2.486899137
4+700,224,-2.486899137
4+700,225,-2.44225502
4+700,226,-2.44225502
4+700,227,-2.44225502
4+700,228,-2.44225502
4+700,229,-2.44225502
4+700,230,-2.44225502
4+700,231,-2.44225502
4+700,232,-2.44225502
4+700,233,-2.414662838
4+700,234,-2.414662838
4+700,235,-2.414662838
4+700,236,-2.367315769
4+700,237,-2.367315769
4+700,238,-2.367315769
4+700,239,-2.367315769
4+700,240,-2.367315769
4+700,241,-2.367315769
4+700,242,-2.367315769
4+700,243,-2.367315769
4+700,244,-2.367315769
4+700,245,-2.367315769
4+700,246,-2.367315769
4+700,247,-2.322240829
4+700,248,-2.322240829
4+700,249,-2.322240829
4+700,250,-2.322240829
4+700,251,-2.322240829
4+700,252,-2.322240829
4+700,253,-2.322240829
4+700,254,-2.322240829
4+700,255,-2.280648947
4+700,256,-2.280648947
4+700,257,-2.280648947
4+700,258,-2.234302998
4+700,259,-2.234302998
4+700,260,-2.234302998
4+700,261,-2.234302998
4+700,262,-2.234302998
4+700,263,-2.234302998
4+700,264,-2.234302998
4+700,265,-2.234302998
4+700,266,-2.234302998
4+700,267,-2.234302998
4+700,268,-2.234302998
4+700,269,-2.198914528
4+700,270,-2.198914528
4+700,271,-2.198914528
4+700,272,-2.198914528
4+700,273,-2.198914528
4+700,274,-2.198914528
4+700,275,-2.198914528
4+700,276,-2.198914528
4+700,277,-2.133619547
4+700,278,-2.133619547
4+700,279,-2.133619547
4+700,280,-2.106072903
4+700,281,-2.106072903
4+700,282,-2.106072903
4+700,283,-2.106072903
4+700,284,-2.106072903
4+700,285,-2.106072903
4+700,286,-2.106072903
4+700,287,-2.106072903
4+700,288,-2.106072903
4+700,289,-2.106072903
4+700,290,-2.106072903
4+700,291,-2.106072903
4+700,292,-2.138614655
4+700,293,-2.138614655
4+700,294,-2.138614655
4+700,295,-2.138614655
4+700,296,-2.138614655
4+700,297,-2.138614655
4+700,298,-2.138614655
4+700,299,-2.138614655
4+700,300,-2.03188324
4+700,301,-2.03188324
4+700,302,-2.03188324
4+700,303,-1.999734282
4+700,304,-1.999734282
4+700,305,-1.999734282
4+700,306,-1.999734282
4+700,307,-1.999734282
4+700,308,-1.999734282
4+700,309,-1.999734282
4+700,310,-1.999734282
4+700,311,-1.999734282
4+700,312,-1.999734282
4+700,313,-1.999734282
4+700,314,-1.855974674
4+700,315,-1.855974674
4+700,316,-1.855974674
4+700,317,-1.855974674
4+700,318,-1.855974674
4+700,319,-1.855974674
4+700,320,-1.855974674
4+700,321,-1.855974674
4+700,322,-1.790146112
4+700,323,-1.790146112
4+700,324,-1.790146112
4+700,325,-1.591785192
4+700,326,-1.591785192
4+700,327,-1.591785192
4+700,328,-1.591785192
4+700,329,-1.591785192
4+700,330,-1.591785192
4+700,331,-1.591785192
4+700,332,-1.591785192
4+700,333,-1.591785192
4+700,334,-1.591785192
4+700,335,-1.591785192
4+700,336,-1.381238937
4+700,337,-1.381238937
4+700,338,-1.381238937
4+700,339,-1.381238937
4+700,340,-1.381238937
4+700,341,-1.381238937
4+700,342,-1.381238937
4+700,343,-1.381238937
4+700,344,-1.381238937
4+700,345,-1.386979938
4+700,346,-1.386979938
4+700,347,-1.386979938
4+700,348,-1.18514955
4+700,349,-1.18514955
4+700,350,-1.18514955
4+700,351,-1.18514955
4+700,352,-1.18514955
4+700,353,-1.18514955
4+700,354,-1.18514955
4+700,355,-1.18514955
4+700,356,-1.18514955
4+700,357,-1.18514955
4+700,358,-1.18514955
4+700,359,-0.984115601
4+700,360,-0.984115601
4+700,361,-0.984115601
4+700,362,-0.984115601
4+700,363,-0.984115601
4+700,364,-0.984115601
4+700,365,-0.984115601
4+700,366,-0.984115601
4+700,367,-1.077739358
4+700,368,-1.077739358
4+700,369,-1.077739358
4+700,370,-0.918290436
4+700,371,-0.918290436
4+700,372,-0.918290436
4+700,373,-0.918290436
4+700,374,-0.918290436
4+700,375,-0.918290436
4+700,376,-0.918290436
4+700,377,-0.918290436
4+700,378,-0.918290436
4+700,379,-0.918290436
4+700,380,-0.918290436
4+700,381,-0.758633614
4+700,382,-0.758633614
4+700,383,-0.758633614
4+700,384,-0.758633614
4+700,385,-0.758633614
4+700,386,-0.758633614
4+700,387,-0.758633614
4+700,388,-0.758633614
4+700,389,-0.758633614
4+700,390,-0.612233758
4+700,391,-0.612233758
4+700,392,-0.380895197
4+700,393,-0.380895197
4+700,394,-0.380895197
4+700,395,-0.380895197
4+700,396,-0.380895197
4+700,397,-0.380895197
4+700,398,-0.380895197
4+700,399,-0.380895197
4+700,400,-0.380895197
4+700,401,-0.380895197
4+700,402,-0.380895197
4+700,403,-0.19027251
4+700,404,-0.19027251
4+700,405,-0.19027251
4+700,406,-0.19027251
4+700,407,-0.19027251
4+700,408,-0.19027251
4+700,409,-0.19027251
4+700,410,-0.19027251
4+700,411,-0.19027251
4+700,412,0.117047772
4+700,413,0.117047772
4+700,414,0.117047772
4+700,415,0.228274599
4+700,416,0.228274599
4+700,417,0.228274599
4+700,418,0.228274599
4+700,419,0.228274599
4+700,420,0.228274599
4+700,421,0.228274599
4+700,422,0.228274599
4+700,423,0.228274599
4+700,424,0.228274599
4+700,425,0.228274599
4+700,426,0.250024498
4+700,427,0.250024498
4+700,428,0.250024498
4+700,429,0.250024498
4+700,430,0.250024498
4+700,431,0.250024498
4+700,432,0.250024498
4+700,433,0.250024498
4+700,434,0.250024498
4+700,435,0.438686222
4+700,436,0.438686222
4+700,437,0.335124046
4+700,438,0.335124046
4+700,439,0.335124046
4+700,440,0.335124046
4+700,441,0.335124046
4+700,442,0.335124046
4+700,443,0.335124046
4+700,444,0.335124046
4+700,445,0.335124046
4+700,446,0.335124046
4+700,447,0.335124046
4+700,448,0.459236056
4+700,449,0.459236056
4+700,450,0.459236056
4+700,451,0.459236056
4+700,452,0.459236056
4+700,453,0.459236056
4+700,454,0.459236056
4+700,455,0.459236056
4+700,456,0.459236056
4+700,457,0.666184664
4+700,458,0.666184664
4+700,459,0.703870177
4+700,460,0.703870177
4+700,461,0.703870177
4+700,462,0.703870177
4+700,463,0.703870177
4+700,464,0.703870177
4+700,465,0.703870177
4+700,466,0.703870177
4+700,467,0.703870177
4+700,468,0.703870177
4+700,469,0.703870177
4+700,470,0.754644156
4+700,471,0.754644156
4+700,472,0.754644156
4+700,473,0.754644156
4+700,474,0.754644156
4+700,475,0.754644156
4+700,476,0.754644156
4+700,477,0.754644156
4+700,478,0.754644156
4+700,479,0.754644156
4+700,480,0.83853507
4+700,481,0.83853507
4+700,482,0.866832376
4+700,483,0.866832376
4+700,484,0.866832376
4+700,485,0.866832376
4+700,486,0.866832376
4+700,487,0.866832376
4+700,488,0.866832376
4+700,489,0.866832376
4+700,490,0.866832376
4+700,491,0.866832376
4+700,492,0.866832376
4+700,493,0.909850001
4+700,494,0.909850001
4+700,495,0.909850001
4+700,496,0.909850001
4+700,497,0.909850001
4+700,498,0.909850001
4+700,499,0.909850001
4+700,500,0.909850001
4+800,0,-2.752138138
4+800,1,-2.752138138
4+800,2,-2.752138138
4+800,3,-2.752138138
4+800,4,-2.752138138
4+800,5,-2.752138138
4+800,6,-2.752138138
4+800,7,-2.752138138
4+800,8,-2.752138138
4+800,9,-2.738117933
4+800,10,-2.738117933
4+800,11,-2.738117933
4+800,12,-2.738117933
4+800,13,-2.738117933
4+800,14,-2.738117933
4+800,15,-2.738117933
4+800,16,-2.738117933
4+800,17,-2.738117933
4+800,18,-2.738117933
4+800,19,-2.738117933
4+800,20,-2.723903418
4+800,21,-2.723903418
4+800,22,-2.747165203
4+800,23,-2.747165203
4+800,24,-2.747165203
4+800,25,-2.747165203
4+800,26,-2.747165203
4+800,27,-2.747165203
4+800,28,-2.747165203
4+800,29,-2.747165203
4+800,30,-2.747165203
4+800,31,-2.747165203
4+800,32,-2.732856035
4+800,33,-2.732856035
4+800,34,-2.732856035
4+800,35,-2.732856035
4+800,36,-2.732856035
4+800,37,-2.732856035
4+800,38,-2.732856035
4+800,39,-2.732856035
4+800,40,-2.732856035
4+800,41,-2.732856035
4+800,42,-2.732856035
4+800,43,-2.718096256
4+800,44,-2.740491867
4+800,45,-2.740491867
4+800,46,-2.740491867
4+800,47,-2.740491867
4+800,48,-2.740491867
4+800,49,-2.740491867
4+800,50,-2.740491867
4+800,51,-2.740491867
4+800,52,-2.740491867
4+800,53,-2.740491867
4+800,54,-2.724892616
4+800,55,-2.724892616
4+800,56,-2.724892616
4+800,57,-2.724892616
4+800,58,-2.724892616
4+800,59,-2.724892616
4+800,60,-2.724892616
4+800,61,-2.724892616
4+800,62,-2.724892616
4+800,63,-2.724892616
4+800,64,-2.724892616
4+800,65,-2.708294868
4+800,66,-2.708294868
4+800,67,-2.72850132
4+800,68,-2.72850132
4+800,69,-2.72850132
4+800,70,-2.72850132
4+800,71,-2.72850132
4+800,72,-2.72850132
4+800,73,-2.72850132
4+800,74,-2.72850132
4+800,75,-2.72850132
4+800,76,-2.710009575
4+800,77,-2.710009575
4+800,78,-2.710009575
4+800,79,-2.710009575
4+800,80,-2.710009575
4+800,81,-2.710009575
4+800,82,-2.710009575
4+800,83,-2.710009575
4+800,84,-2.710009575
4+800,85,-2.710009575
4+800,86,-2.710009575
4+800,87,-2.689908028
4+800,88,-2.689908028
4+800,89,-2.707207203
4+800,90,-2.707207203
4+800,91,-2.707207203
4+800,92,-2.707207203
4+800,93,-2.707207203
4+800,94,-2.707207203
4+800,95,-2.707207203
4+800,96,-2.707207203
4+800,97,-2.707207203
4+800,98,-2.707207203
4+800,99,-2.684772491
4+800,100,-2.684772491
4+800,101,-2.684772491
4+800,102,-2.684772491
4+800,103,-2.684772491
4+800,104,-2.684772491
4+800,105,-2.684772491
4+800,106,-2.684772491
4+800,107,-2.684772491
4+800,108,-2.684772491
4+800,109,-2.684772491
4+800,110,-2.660700798
4+800,111,-2.660700798
4+800,112,-2.675806522
4+800,113,-2.675806522
4+800,114,-2.675806522
4+800,115,-2.675806522
4+800,116,-2.675806522
4+800,117,-2.675806522
4+800,118,-2.675806522
4+800,119,-2.675806522
4+800,120,-2.675806522
4+800,121,-2.650248289
4+800,122,-2.650248289
4+800,123,-2.650248289
4+800,124,-2.650248289
4+800,125,-2.650248289
4+800,126,-2.650248289
4+800,127,-2.650248289
4+800,128,-2.650248289
4+800,129,-2.650248289
4+800,130,-2.650248289
4+800,131,-2.650248289
4+800,132,-2.623808384
4+800,133,-2.623808384
4+800,134,-2.637979031
4+800,135,-2.637979031
4+800,136,-2.637979031
4+800,137,-2.637979031
4+800,138,-2.637979031
4+800,139,-2.637979031
4+800,140,-2.637979031
4+800,141,-2.637979031
4+800,142,-2.637979031
4+800,143,-2.611392498
4+800,144,-2.611392498
4+800,145,-2.611392498
4+800,146,-2.611392498
4+800,147,-2.611392498
4+800,148,-2.611392498
4+800,149,-2.611392498
4+800,150,-2.611392498
4+800,151,-2.611392498
4+800,152,-2.611392498
4+800,153,-2.611392498
4+800,154,-2.584754944
4+800,155,-2.584754944
4+800,156,-2.584754944
4+800,157,-2.598018885
4+800,158,-2.598018885
4+800,159,-2.598018885
4+800,160,-2.598018885
4+800,161,-2.598018885
4+800,162,-2.598018885
4+800,163,-2.598018885
4+800,164,-2.598018885
4+800,165,-2.598018885
4+800,166,-2.571651936
4+800,167,-2.571651936
4+800,168,-2.571651936
4+800,169,-2.571651936
4+800,170,-2.571651936
4+800,171,-2.571651936
4+800,172,-2.571651936
4+800,173,-2.571651936
4+800,174,-2.571651936
4+800,175,-2.571651936
4+800,176,-2.571651936
4+800,177,-2.545239925
4+800,178,-2.545239925
4+800,179,-2.556378841
4+800,180,-2.556378841
4+800,181,-2.556378841
4+800,182,-2.556378841
4+800,183,-2.556378841
4+800,184,-2.556378841
4+800,185,-2.556378841
4+800,186,-2.556378841
4+800,187,-2.556378841
4+800,188,-2.529168606
4+800,189,-2.529168606
4+800,190,-2.529168606
4+800,191,-2.529168606
4+800,192,-2.529168606
4+800,193,-2.529168606
4+800,194,-2.529168606
4+800,195,-2.529168606
4+800,196,-2.529168606
4+800,197,-2.529168606
4+800,198,-2.529168606
4+800,199,-2.500553131
4+800,200,-2.500553131
4+800,201,-2.500553131
4+800,202,-2.507846117
4+800,203,-2.507846117
4+800,204,-2.507846117
4+800,205,-2.507846117
4+800,206,-2.507846117
4+800,207,-2.507846117
4+800,208,-2.507846117
4+800,209,-2.507846117
4+800,210,-2.477780342
4+800,211,-2.477780342
4+800,212,-2.477780342
4+800,213,-2.477780342
4+800,214,-2.477780342
4+800,215,-2.477780342
4+800,216,-2.477780342
4+800,217,-2.477780342
4+800,218,-2.477780342
4+800,219,-2.477780342
4+800,220,-2.477780342
4+800,221,-2.444129944
4+800,222,-2.444129944
4+800,223,-2.444129944
4+800,224,-2.451044083
4+800,225,-2.451044083
4+800,226,-2.451044083
4+800,227,-2.451044083
4+800,228,-2.451044083
4+800,229,-2.451044083
4+800,230,-2.451044083
4+800,231,-2.451044083
4+800,232,-2.451044083
4+800,233,-2.414979458
4+800,234,-2.414979458
4+800,235,-2.414979458
4+800,236,-2.414979458
4+800,237,-2.414979458
4+800,238,-2.414979458
4+800,239,-2.414979458
4+800,240,-2.414979458
4+800,241,-2.414979458
4+800,242,-2.414979458
4+800,243,-2.414979458
4+800,244,-2.370455742
4+800,245,-2.370455742
4+800,246,-2.370455742
4+800,247,-2.377006531
4+800,248,-2.377006531
4+800,249,-2.377006531
4+800,250,-2.377006531
4+800,251,-2.377006531
4+800,252,-2.377006531
4+800,253,-2.377006531
4+800,254,-2.377006531
4+800,255,-2.321293354
4+800,256,-2.321293354
4+800,257,-2.321293354
4+800,258,-2.321293354
4+800,259,-2.321293354
4+800,260,-2.321293354
4+800,261,-2.321293354
4+800,262,-2.321293354
4+800,263,-2.321293354
4+800,264,-2.321293354
4+800,265,-2.321293354
4+800,266,-2.239741802
4+800,267,-2.239741802
4+800,268,-2.239741802
4+800,269,-2.252028465
4+800,270,-2.252028465
4+800,271,-2.252028465
4+800,272,-2.252028465
4+800,273,-2.252028465
4+800,274,-2.252028465
4+800,275,-2.252028465
4+800,276,-2.252028465
4+800,277,-2.161448956
4+800,278,-2.161448956
4+800,279,-2.161448956
4+800,280,-2.161448956
4+800,281,-2.161448956
4+800,282,-2.161448956
4+800,283,-2.161448956
4+800,284,-2.161448956
4+800,285,-2.161448956
4+800,286,-2.161448956
4+800,287,-2.161448956
4+800,288,-2.161448956
4+800,289,-1.910616994
4+800,290,-1.910616994
4+800,291,-1.910616994
4+800,292,-1.859719992
4+800,293,-1.859719992
4+800,294,-1.859719992
4+800,295,-1.859719992
4+800,296,-1.859719992
4+800,297,-1.859719992
4+800,298,-1.859719992
4+800,299,-1.859719992
4+800,300,-1.566250324
4+800,301,-1.566250324
4+800,302,-1.566250324
4+800,303,-1.566250324
4+800,304,-1.566250324
4+800,305,-1.566250324
4+800,306,-1.566250324
4+800,307,-1.566250324
4+800,308,-1.566250324
4+800,309,-1.566250324
4+800,310,-1.566250324
4+800,311,-1.277426004
4+800,312,-1.277426004
4+800,313,-1.277426004
4+800,314,-1.186713696
4+800,315,-1.186713696
4+800,316,-1.186713696
4+800,317,-1.186713696
4+800,318,-1.186713696
4+800,319,-1.186713696
4+800,320,-1.186713696
4+800,321,-1.186713696
4+800,322,-0.973321378
4+800,323,-0.973321378
4+800,324,-0.973321378
4+800,325,-0.973321378
4+800,326,-0.973321378
4+800,327,-0.973321378
4+800,328,-0.973321378
4+800,329,-0.973321378
4+800,330,-0.973321378
4+800,331,-0.973321378
4+800,332,-0.973321378
4+800,333,-0.577841461
4+800,334,-0.577841461
4+800,335,-0.577841461
4+800,336,-0.577841461
4+800,337,-0.317177325
4+800,338,-0.317177325
4+800,339,-0.317177325
4+800,340,-0.317177325
4+800,341,-0.317177325
4+800,342,-0.317177325
4+800,343,-0.317177325
4+800,344,-0.205239654
4+800,345,-0.205239654
4+800,346,-0.205239654
4+800,347,-0.205239654
4+800,348,-0.205239654
4+800,349,-0.205239654
4+800,350,-0.205239654
4+800,351,-0.205239654
4+800,352,-0.205239654
4+800,353,-0.205239654
4+800,354,-0.205239654
4+800,355,-0.205239654
4+800,356,-0.157201707
4+800,357,-0.157201707
4+800,358,-0.157201707
4+800,359,-0.311176687
4+800,360,-0.311176687
4+800,361,-0.311176687
4+800,362,-0.311176687
4+800,363,-0.311176687
4+800,364,-0.311176687
4+800,365,-0.311176687
4+800,366,-0.311176687
4+800,367,-0.329592407
4+800,368,-0.329592407
4+800,369,-0.329592407
4+800,370,-0.329592407
4+800,371,-0.329592407
4+800,372,-0.329592407
4+800,373,-0.329592407
4+800,374,-0.329592407
4+800,375,-0.329592407
4+800,376,-0.329592407
4+800,377,-0.329592407
4+800,378,-0.266805321
4+800,379,-0.266805321
4+800,380,-0.266805321
4+800,381,-0.266805321
4+800,382,-0.011208953
4+800,383,-0.011208953
4+800,384,-0.011208953
4+800,385,-0.011208953
4+800,386,-0.011208953
4+800,387,-0.011208953
4+800,388,-0.011208953
4+800,389,-0.058163699
4+800,390,-0.058163699
4+800,391,-0.058163699
4+800,392,-0.058163699
4+800,393,-0.058163699
4+800,394,-0.058163699
4+800,395,-0.058163699
4+800,396,-0.058163699
4+800,397,-0.058163699
4+800,398,-0.058163699
4+800,399,-0.058163699
4+800,400,-0.111484103
4+800,401,-0.111484103
4+800,402,-0.111484103
4+800,403,-0.111484103
4+800,404,-0.000688148
4+800,405,-0.000688148
4+800,406,-0.000688148
4+800,407,-0.000688148
4+800,408,-0.000688148
4+800,409,-0.000688148
4+800,410,-0.000688148
4+800,411,0.249688819
4+800,412,0.249688819
4+800,413,0.249688819
4+800,414,0.249688819
4+800,415,0.249688819
4+800,416,0.249688819
4+800,417,0.249688819
4+800,418,0.249688819
4+800,419,0.249688819
4+800,420,0.249688819
4+800,421,0.249688819
4+800,422,0.249688819
4+800,423,0.333884388
4+800,424,0.333884388
4+800,425,0.333884388
4+800,426,0.333884388
4+800,427,0.311389059
4+800,428,0.311389059
4+800,429,0.311389059
4+800,430,0.311389059
4+800,431,0.311389059
4+800,432,0.311389059
4+800,433,0.311389059
4+800,434,0.491123557
4+800,435,0.491123557
4+800,436,0.491123557
4+800,437,0.491123557
4+800,438,0.491123557
4+800,439,0.491123557
4+800,440,0.491123557
4+800,441,0.491123557
4+800,442,0.491123557
4+800,443,0.491123557
4+800,444,0.491123557
4+800,445,0.699486017
4+800,446,0.699486017
4+800,447,0.699486017
4+800,448,0.699486017
4+800,449,0.713512421
4+800,450,0.713512421
4+800,451,0.713512421
4+800,452,0.713512421
4+800,453,0.713512421
4+800,454,0.713512421
4+800,455,0.713512421
4+800,456,0.951033831
4+800,457,0.951033831
4+800,458,0.951033831
4+800,459,0.951033831
4+800,460,0.951033831
4+800,461,0.951033831
4+800,462,0.951033831
4+800,463,0.951033831
4+800,464,0.951033831
4+800,465,0.951033831
4+800,466,0.951033831
4+800,467,1.161732674
4+800,468,1.161732674
4+800,469,1.161732674
4+800,470,1.161732674
4+800,471,1.161732674
4+800,472,1.221567869
4+800,473,1.221567869
4+800,474,1.221567869
4+800,475,1.221567869
4+800,476,1.221567869
4+800,477,1.221567869
4+800,478,1.383513212
4+800,479,1.383513212
4+800,480,1.383513212
4+800,481,1.383513212
4+800,482,1.383513212
4+800,483,1.383513212
4+800,484,1.383513212
4+800,485,1.383513212
4+800,486,1.383513212
4+800,487,1.383513212
4+800,488,1.383513212
4+800,489,1.383513212
4+800,490,1.503270149
4+800,491,1.503270149
4+800,492,1.503270149
4+800,493,1.503270149
4+800,494,1.527930975
4+800,495,1.527930975
4+800,496,1.527930975
4+800,497,1.527930975
4+800,498,1.527930975
4+800,499,1.527930975
4+800,500,1.527930975
4+900,0,-2.797089577
4+900,1,-2.797089577
4+900,2,-2.797089577
4+900,3,-2.797089577
4+900,4,-2.797089577
4+900,5,-2.797089577
4+900,6,-2.797089577
4+900,7,-2.797089577
4+900,8,-2.797089577
4+900,9,-2.797089577
4+900,10,-2.78349638
4+900,11,-2.78349638
4+900,12,-2.78349638
4+900,13,-2.78349638
4+900,14,-2.78349638
4+900,15,-2.78349638
4+900,16,-2.78349638
4+900,17,-2.78349638
4+900,18,-2.78349638
4+900,19,-2.78349638
4+900,20,-2.769618511
4+900,21,-2.769618511
4+900,22,-2.769618511
4+900,23,-2.769618511
4+900,24,-2.769618511
4+900,25,-2.769618511
4+900,26,-2.769618511
4+900,27,-2.791066647
4+900,28,-2.791066647
4+900,29,-2.791066647
4+900,30,-2.776662588
4+900,31,-2.776662588
4+900,32,-2.776662588
4+900,33,-2.776662588
4+900,34,-2.776662588
4+900,35,-2.776662588
4+900,36,-2.776662588
4+900,37,-2.776662588
4+900,38,-2.776662588
4+900,39,-2.776662588
4+900,40,-2.776662588
4+900,41,-2.761579275
4+900,42,-2.761579275
4+900,43,-2.761579275
4+900,44,-2.761579275
4+900,45,-2.761579275
4+900,46,-2.761579275
4+900,47,-2.761579275
4+900,48,-2.761579275
4+900,49,-2.761579275
4+900,50,-2.761579275
4+900,51,-2.745607376
4+900,52,-2.745607376
4+900,53,-2.745607376
4+900,54,-2.745607376
4+900,55,-2.745607376
4+900,56,-2.745607376
4+900,57,-2.745607376
4+900,58,-2.745607376
4+900,59,-2.745607376
4+900,60,-2.745607376
4+900,61,-2.745607376
4+900,62,-2.72850132
4+900,63,-2.72850132
4+900,64,-2.747094154
4+900,65,-2.747094154
4+900,66,-2.747094154
4+900,67,-2.747094154
4+900,68,-2.747094154
4+900,69,-2.747094154
4+900,70,-2.747094154
4+900,71,-2.747094154
4+900,72,-2.727956772
4+900,73,-2.727956772
4+900,74,-2.727956772
4+900,75,-2.727956772
4+900,76,-2.727956772
4+900,77,-2.727956772
4+900,78,-2.727956772
4+900,79,-2.727956772
4+900,80,-2.727956772
4+900,81,-2.727956772
4+900,82,-2.707207203
4+900,83,-2.707207203
4+900,84,-2.707207203
4+900,85,-2.707207203
4+900,86,-2.707207203
4+900,87,-2.707207203
4+900,88,-2.707207203
4+900,89,-2.707207203
4+900,90,-2.707207203
4+900,91,-2.707207203
4+900,92,-2.707207203
4+900,93,-2.684772491
4+900,94,-2.684772491
4+900,95,-2.684772491
4+900,96,-2.684772491
4+900,97,-2.684772491
4+900,98,-2.684772491
4+900,99,-2.684772491
4+900,100,-2.684772491
4+900,101,-2.684772491
4+900,102,-2.700145721
4+900,103,-2.675806522
4+900,104,-2.675806522
4+900,105,-2.675806522
4+900,106,-2.675806522
4+900,107,-2.675806522
4+900,108,-2.675806522
4+900,109,-2.675806522
4+900,110,-2.675806522
4+900,111,-2.675806522
4+900,112,-2.675806522
4+900,113,-2.675806522
4+900,114,-2.650248289
4+900,115,-2.650248289
4+900,116,-2.650248289
4+900,117,-2.650248289
4+900,118,-2.650248289
4+900,119,-2.650248289
4+900,120,-2.650248289
4+900,121,-2.650248289
4+900,122,-2.650248289
4+900,123,-2.650248289
4+900,124,-2.623808384
4+900,125,-2.623808384
4+900,126,-2.623808384
4+900,127,-2.623808384
4+900,128,-2.623808384
4+900,129,-2.623808384
4+900,130,-2.623808384
4+900,131,-2.623808384
4+900,132,-2.623808384
4+900,133,-2.623808384
4+900,134,-2.596880198
4+900,135,-2.596880198
4+900,136,-2.596880198
4+900,137,-2.596880198
4+900,138,-2.596880198
4+900,139,-2.611392498
4+900,140,-2.611392498
4+900,141,-2.611392498
4+900,142,-2.611392498
4+900,143,-2.611392498
4+900,144,-2.611392498
4+900,145,-2.584754944
4+900,146,-2.584754944
4+900,147,-2.584754944
4+900,148,-2.584754944
4+900,149,-2.584754944
4+900,150,-2.584754944
4+900,151,-2.584754944
4+900,152,-2.584754944
4+900,153,-2.584754944
4+900,154,-2.584754944
4+900,155,-2.558243752
4+900,156,-2.558243752
4+900,157,-2.558243752
4+900,158,-2.558243752
4+900,159,-2.558243752
4+900,160,-2.558243752
4+900,161,-2.558243752
4+900,162,-2.558243752
4+900,163,-2.558243752
4+900,164,-2.558243752
4+900,165,-2.558243752
4+900,166,-2.531813145
4+900,167,-2.531813145
4+900,168,-2.531813145
4+900,169,-2.531813145
4+900,170,-2.531813145
4+900,171,-2.531813145
4+900,172,-2.531813145
4+900,173,-2.531813145
4+900,174,-2.531813145
4+900,175,-2.531813145
4+900,176,-2.50513649
4+900,177,-2.518327236
4+900,178,-2.518327236
4+900,179,-2.518327236
4+900,180,-2.518327236
4+900,181,-2.518327236
4+900,182,-2.518327236
4+900,183,-2.518327236
4+900,184,-2.518327236
4+900,185,-2.518327236
4+900,186,-2.490482807
4+900,187,-2.490482807
4+900,188,-2.490482807
4+900,189,-2.490482807
4+900,190,-2.490482807
4+900,191,-2.490482807
4+900,192,-2.490482807
4+900,193,-2.490482807
4+900,194,-2.490482807
4+900,195,-2.490482807
4+900,196,-2.490482807
4+900,197,-2.459255219
4+900,198,-2.459255219
4+900,199,-2.459255219
4+900,200,-2.459255219
4+900,201,-2.459255219
4+900,202,-2.459255219
4+900,203,-2.459255219
4+900,204,-2.459255219
4+900,205,-2.459255219
4+900,206,-2.459255219
4+900,207,-2.423139095
4+900,208,-2.423139095
4+900,209,-2.423139095
4+900,210,-2.423139095
4+900,211,-2.423139095
4+900,212,-2.423139095
4+900,213,-2.423139095
4+900,214,-2.433853149
4+900,215,-2.433853149
4+900,216,-2.433853149
4+900,217,-2.391018391
4+900,218,-2.391018391
4+900,219,-2.391018391
4+900,220,-2.391018391
4+900,221,-2.391018391
4+900,222,-2.391018391
4+900,223,-2.391018391
4+900,224,-2.391018391
4+900,225,-2.391018391
4+900,226,-2.391018391
4+900,227,-2.391018391
4+900,228,-2.33783102
4+900,229,-2.33783102
4+900,230,-2.33783102
4+900,231,-2.33783102
4+900,232,-2.33783102
4+900,233,-2.33783102
4+900,234,-2.33783102
4+900,235,-2.33783102
4+900,236,-2.33783102
4+900,237,-2.33783102
4+900,238,-2.271213055
4+900,239,-2.271213055
4+900,240,-2.271213055
4+900,241,-2.271213055
4+900,242,-2.271213055
4+900,243,-2.271213055
4+900,244,-2.271213055
4+900,245,-2.271213055
4+900,246,-2.271213055
4+900,247,-2.271213055
4+900,248,-2.271213055
4+900,249,-2.190089464
4+900,250,-2.190089464
4+900,251,-2.190089464
4+900,252,-2.209526539
4+900,253,-2.209526539
4+900,254,-2.209526539
4+900,255,-2.209526539
4+900,256,-2.209526539
4+900,257,-2.209526539
4+900,258,-2.209526539
4+900,259,-2.101373672
4+900,260,-2.101373672
4+900,261,-2.101373672
4+900,262,-2.101373672
4+900,263,-2.101373672
4+900,264,-2.101373672
4+900,265,-2.101373672
4+900,266,-2.101373672
4+900,267,-2.101373672
4+900,268,-2.101373672
4+900,269,-1.962529778
4+900,270,-1.962529778
4+900,271,-1.962529778
4+900,272,-1.962529778
4+900,273,-1.962529778
4+900,274,-1.962529778
4+900,275,-1.962529778
4+900,276,-1.962529778
4+900,277,-1.962529778
4+900,278,-1.962529778
4+900,279,-1.962529778
4+900,280,-1.745770216
4+900,281,-1.745770216
4+900,282,-1.745770216
4+900,283,-1.745770216
4+900,284,-1.745770216
4+900,285,-1.745770216
4+900,286,-1.745770216
4+900,287,-1.745770216
4+900,288,-1.745770216
4+900,289,-1.694377661
4+900,290,-1.428132057
4+900,291,-1.428132057
4+900,292,-1.428132057
4+900,293,-1.428132057
4+900,294,-1.428132057
4+900,295,-1.428132057
4+900,296,-1.428132057
4+900,297,-1.428132057
4+900,298,-1.428132057
4+900,299,-1.428132057
4+900,300,-1.428132057
4+900,301,-1.189895749
4+900,302,-1.189895749
4+900,303,-1.189895749
4+900,304,-1.189895749
4+900,305,-1.189895749
4+900,306,-1.189895749
4+900,307,-1.189895749
4+900,308,-1.189895749
4+900,309,-1.189895749
4+900,310,-1.189895749
4+900,311,-1.021909952
4+900,312,-1.021909952
4+900,313,-1.021909952
4+900,314,-1.021909952
4+900,315,-1.021909952
4+900,316,-1.021909952
4+900,317,-1.021909952
4+900,318,-1.021909952
4+900,319,-1.021909952
4+900,320,-1.021909952
4+900,321,-0.870916486
4+900,322,-0.870916486
4+900,323,-0.870916486
4+900,324,-0.870916486
4+900,325,-0.870916486
4+900,326,-0.789150596
4+900,327,-0.789150596
4+900,328,-0.789150596
4+900,329,-0.789150596
4+900,330,-0.789150596
4+900,331,-0.789150596
4+900,332,-0.608820677
4+900,333,-0.608820677
4+900,334,-0.608820677
4+900,335,-0.608820677
4+900,336,-0.608820677
4+900,337,-0.608820677
4+900,338,-0.608820677
4+900,339,-0.608820677
4+900,340,-0.608820677
4+900,341,-0.608820677
4+900,342,-0.472232401
4+900,343,-0.472232401
4+900,344,-0.472232401
4+900,345,-0.472232401
4+900,346,-0.472232401
4+900,347,-0.472232401
4+900,348,-0.472232401
4+900,349,-0.472232401
4+900,350,-0.472232401
4+900,351,-0.472232401
4+900,352,-0.484159946
4+900,353,-0.484159946
4+900,354,-0.484159946
4+900,355,-0.484159946
4+900,356,-0.484159946
4+900,357,-0.484159946
4+900,358,-0.484159946
4+900,359,-0.484159946
4+900,360,-0.484159946
4+900,361,-0.484159946
4+900,362,-0.484159946
4+900,363,-0.527249575
4+900,364,-0.244760916
4+900,365,-0.244760916
4+900,366,-0.244760916
4+900,367,-0.244760916
4+900,368,-0.244760916
4+900,369,-0.244760916
4+900,370,-0.244760916
4+900,371,-0.244760916
4+900,372,-0.244760916
4+900,373,-0.252003938
4+900,374,-0.252003938
4+900,375,-0.252003938
4+900,376,-0.252003938
4+900,377,-0.252003938
4+900,378,-0.252003938
4+900,379,-0.252003938
4+900,380,-0.252003938
4+900,381,-0.252003938
4+900,382,-0.252003938
4+900,383,-0.252003938
4+900,384,-0.241377935
4+900,385,-0.241377935
4+900,386,-0.241377935
4+900,387,-0.241377935
4+900,388,-0.241377935
4+900,389,-0.241377935
4+900,390,-0.241377935
4+900,391,-0.241377935
4+900,392,-0.241377935
4+900,393,-0.241377935
4+900,394,-0.122716032
4+900,395,-0.122716032
4+900,396,-0.122716032
4+900,397,-0.122716032
4+900,398,-0.122716032
4+900,399,-0.122716032
4+900,400,-0.122716032
4+900,401,-0.021975724
4+900,402,-0.021975724
4+900,403,-0.021975724
4+900,404,0.337682396
4+900,405,0.337682396
4+900,406,0.337682396
4+900,407,0.337682396
4+900,408,0.337682396
4+900,409,0.337682396
4+900,410,0.337682396
4+900,411,0.337682396
4+900,412,0.337682396
4+900,413,0.337682396
4+900,414,0.337682396
4+900,415,0.738428116
4+900,416,0.738428116
4+900,417,0.738428116
4+900,418,0.738428116
4+900,419,0.738428116
4+900,420,0.738428116
4+900,421,0.738428116
4+900,422,0.738428116
4+900,423,0.738428116
4+900,424,0.738428116
4+900,425,0.895784616
4+900,426,0.895784616
4+900,427,0.895784616
4+900,428,0.895784616
4+900,429,0.895784616
4+900,430,0.895784616
4+900,431,0.895784616
4+900,432,0.895784616
4+900,433,0.895784616
4+900,434,0.895784616
4+900,435,0.895784616
4+900,436,1.155260682
4+900,437,1.155260682
4+900,438,1.155260682
4+900,439,1.056783438
4+900,440,1.056783438
4+900,441,1.056783438
4+900,442,1.056783438
4+900,443,1.056783438
4+900,444,1.056783438
4+900,445,1.056783438
4+900,446,1.274502158
4+900,447,1.274502158
4+900,448,1.274502158
4+900,449,1.274502158
4+900,450,1.274502158
4+900,451,1.274502158
4+900,452,1.274502158
4+900,453,1.274502158
4+900,454,1.274502158
4+900,455,1.274502158
4+900,456,1.459988356
4+900,457,1.459988356
4+900,458,1.459988356
4+900,459,1.459988356
4+900,460,1.459988356
4+900,461,1.459988356
4+900,462,1.459988356
4+900,463,1.459988356
4+900,464,1.459988356
4+900,465,1.459988356
4+900,466,1.459988356
4+900,467,1.624457717
4+900,468,1.624457717
4+900,469,1.624457717
4+900,470,1.624457717
4+900,471,1.624457717
4+900,472,1.624457717
4+900,473,1.624457717
4+900,474,1.624457717
4+900,475,1.624457717
4+900,476,1.572752237
4+900,477,1.723894358
4+900,478,1.723894358
4+900,479,1.723894358
4+900,480,1.723894358
4+900,481,1.723894358
4+900,482,1.723894358
4+900,483,1.723894358
4+900,484,1.723894358
4+900,485,1.723894358
4+900,486,1.723894358
4+900,487,1.86188066
4+900,488,1.86188066
4+900,489,1.86188066
4+900,490,1.86188066
4+900,491,1.86188066
4+900,492,1.86188066
4+900,493,1.86188066
4+900,494,1.86188066
4+900,495,1.86188066
4+900,496,1.86188066
4+900,497,1.86188066
4+900,498,1.86188066
4+900,499,1.86188066
4+900,500,1.86188066
5+000,0,-2.831824303
5+000,1,-2.831824303
5+000,2,-2.831824303
5+000,3,-2.831824303
5+000,4,-2.831824303
5+000,5,-2.831824303
5+000,6,-2.831824303
5+000,7,-2.831824303
5+000,8,-2.831824303
5+000,9,-2.831824303
5+000,10,-2.818519592
5+000,11,-2.818519592
5+000,12,-2.818519592
5+000,13,-2.818519592
5+000,14,-2.818519592
5+000,15,-2.818519592
5+000,16,-2.818519592
5+000,17,-2.818519592
5+000,18,-2.818519592
5+000,19,-2.818519592
5+000,20,-2.804971695
5+000,21,-2.804971695
5+000,22,-2.804971695
5+000,23,-2.804971695
5+000,24,-2.804971695
5+000,25,-2.804971695
5+000,26,-2.804971695
5+000,27,-2.804971695
5+000,28,-2.804971695
5+000,29,-2.804971695
5+000,30,-2.791066647
5+000,31,-2.791066647
5+000,32,-2.791066647
5+000,33,-2.791066647
5+000,34,-2.791066647
5+000,35,-2.791066647
5+000,36,-2.791066647
5+000,37,-2.811347008
5+000,38,-2.811347008
5+000,39,-2.811347008
5+000,40,-2.796686411
5+000,41,-2.796686411
5+000,42,-2.796686411
5+000,43,-2.796686411
5+000,44,-2.796686411
5+000,45,-2.796686411
5+000,46,-2.796686411
5+000,47,-2.796686411
5+000,48,-2.796686411
5+000,49,-2.796686411
5+000,50,-2.781237125
5+000,51,-2.781237125
5+000,52,-2.781237125
5+000,53,-2.781237125
5+000,54,-2.781237125
5+000,55,-2.781237125
5+000,56,-2.781237125
5+000,57,-2.781237125
5+000,58,-2.781237125
5+000,59,-2.781237125
5+000,60,-2.764782667
5+000,61,-2.764782667
5+000,62,-2.764782667
5+000,63,-2.764782667
5+000,64,-2.764782667
5+000,65,-2.764782667
5+000,66,-2.764782667
5+000,67,-2.764782667
5+000,68,-2.764782667
5+000,69,-2.764782667
5+000,70,-2.747094154
5+000,71,-2.747094154
5+000,72,-2.747094154
5+000,73,-2.747094154
5+000,74,-2.747094154
5+000,75,-2.747094154
5+000,76,-2.747094154
5+000,77,-2.747094154
5+000,78,-2.747094154
5+000,79,-2.747094154
5+000,80,-2.727956772
5+000,81,-2.727956772
5+000,82,-2.727956772
5+000,83,-2.727956772
5+000,84,-2.727956772
5+000,85,-2.727956772
5+000,86,-2.727956772
5+000,87,-2.727956772
5+000,88,-2.727956772
5+000,89,-2.727956772
5+000,90,-2.707207203
5+000,91,-2.707207203
5+000,92,-2.707207203
5+000,93,-2.707207203
5+000,94,-2.707207203
5+000,95,-2.707207203
5+000,96,-2.707207203
5+000,97,-2.707207203
5+000,98,-2.707207203
5+000,99,-2.707207203
5+000,100,-2.684772491
5+000,101,-2.684772491
5+000,102,-2.684772491
5+000,103,-2.684772491
5+000,104,-2.684772491
5+000,105,-2.684772491
5+000,106,-2.684772491
5+000,107,-2.684772491
5+000,108,-2.684772491
5+000,109,-2.684772491
5+000,110,-2.660700798
5+000,111,-2.660700798
5+000,112,-2.660700798
5+000,113,-2.660700798
5+000,114,-2.660700798
5+000,115,-2.660700798
5+000,116,-2.660700798
5+000,117,-2.660700798
5+000,118,-2.660700798
5+000,119,-2.660700798
5+000,120,-2.635183096
5+000,121,-2.635183096
5+000,122,-2.635183096
5+000,123,-2.635183096
5+000,124,-2.635183096
5+000,125,-2.635183096
5+000,126,-2.635183096
5+000,127,-2.635183096
5+000,128,-2.635183096
5+000,129,-2.635183096
5+000,130,-2.608544827
5+000,131,-2.608544827
5+000,132,-2.608544827
5+000,133,-2.608544827
5+000,134,-2.608544827
5+000,135,-2.608544827
5+000,136,-2.608544827
5+000,137,-2.608544827
5+000,138,-2.608544827
5+000,139,-2.608544827
5+000,140,-2.581211805
5+000,141,-2.581211805
5+000,142,-2.581211805
5+000,143,-2.581211805
5+000,144,-2.581211805
5+000,145,-2.581211805
5+000,146,-2.581211805
5+000,147,-2.581211805
5+000,148,-2.581211805
5+000,149,-2.581211805
5+000,150,-2.553639889
5+000,151,-2.553639889
5+000,152,-2.553639889
5+000,153,-2.553639889
5+000,154,-2.553639889
5+000,155,-2.553639889
5+000,156,-2.553639889
5+000,157,-2.553639889
5+000,158,-2.553639889
5+000,159,-2.553639889
5+000,160,-2.526219845
5+000,161,-2.526219845
5+000,162,-2.542982817
5+000,163,-2.542982817
5+000,164,-2.542982817
5+000,165,-2.542982817
5+000,166,-2.542982817
5+000,167,-2.542982817
5+000,168,-2.542982817
5+000,169,-2.542982817
5+000,170,-2.516368389
5+000,171,-2.516368389
5+000,172,-2.516368389
5+000,173,-2.516368389
5+000,174,-2.516368389
5+000,175,-2.516368389
5+000,176,-2.516368389
5+000,177,-2.516368389
5+000,178,-2.516368389
5+000,179,-2.516368389
5+000,180,-2.48981452
5+000,181,-2.48981452
5+000,182,-2.48981452
5+000,183,-2.48981452
5+000,184,-2.48981452
5+000,185,-2.48981452
5+000,186,-2.48981452
5+000,187,-2.48981452
5+000,188,-2.48981452
5+000,189,-2.48981452
5+000,190,-2.462826252
5+000,191,-2.462826252
5+000,192,-2.462826252
5+000,193,-2.462826252
5+000,194,-2.462826252
5+000,195,-2.462826252
5+000,196,-2.462826252
5+000,197,-2.462826252
5+000,198,-2.462826252
5+000,199,-2.462826252
5+000,200,-2.434496641
5+000,201,-2.434496641
5+000,202,-2.434496641
5+000,203,-2.434496641
5+000,204,-2.434496641
5+000,205,-2.434496641
5+000,206,-2.434496641
5+000,207,-2.434496641
5+000,208,-2.434496641
5+000,209,-2.434496641
5+000,210,-2.403357029
5+000,211,-2.403357029
5+000,212,-2.403357029
5+000,213,-2.403357029
5+000,214,-2.403357029
5+000,215,-2.403357029
5+000,216,-2.403357029
5+000,217,-2.403357029
5+000,218,-2.403357029
5+000,219,-2.403357029
5+000,220,-2.365833521
5+000,221,-2.365833521
5+000,222,-2.365833521
5+000,223,-2.365833521
5+000,224,-2.365833521
5+000,225,-2.365833521
5+000,226,-2.365833521
5+000,227,-2.365833521
5+000,228,-2.365833521
5+000,229,-2.365833521
5+000,230,-2.322245121
5+000,231,-2.322245121
5+000,232,-2.322245121
5+000,233,-2.322245121
5+000,234,-2.322245121
5+000,235,-2.322245121
5+000,236,-2.322245121
5+000,237,-2.322245121
5+000,238,-2.322245121
5+000,239,-2.322245121
5+000,240,-2.322245121
5+000,241,-2.271846294
5+000,242,-2.271846294
5+000,243,-2.271846294
5+000,244,-2.271846294
5+000,245,-2.271846294
5+000,246,-2.271846294
5+000,247,-2.271846294
5+000,248,-2.271846294
5+000,249,-2.271846294
5+000,250,-2.271846294
5+000,251,-2.213144779
5+000,252,-2.213144779
5+000,253,-2.213144779
5+000,254,-2.213144779
5+000,255,-2.213144779
5+000,256,-2.213144779
5+000,257,-2.213144779
5+000,258,-2.213144779
5+000,259,-2.213144779
5+000,260,-2.213144779
5+000,261,-2.140960693
5+000,262,-2.140960693
5+000,263,-2.140960693
5+000,264,-2.140960693
5+000,265,-2.140960693
5+000,266,-2.140960693
5+000,267,-2.140960693
5+000,268,-2.140960693
5+000,269,-2.140960693
5+000,270,-2.140960693
5+000,271,-2.036893845
5+000,272,-2.036893845
5+000,273,-2.036893845
5+000,274,-2.036893845
5+000,275,-2.036893845
5+000,276,-2.036893845
5+000,277,-2.036893845
5+000,278,-2.036893845
5+000,279,-2.036893845
5+000,280,-2.036893845
5+000,281,-1.875277877
5+000,282,-1.875277877
5+000,283,-1.875277877
5+000,284,-1.875277877
5+000,285,-1.875277877
5+000,286,-1.875277877
5+000,287,-1.875277877
5+000,288,-1.891191244
5+000,289,-1.891191244
5+000,290,-1.891191244
5+000,291,-1.652020454
5+000,292,-1.652020454
5+000,293,-1.652020454
5+000,294,-1.652020454
5+000,295,-1.652020454
5+000,296,-1.652020454
5+000,297,-1.652020454
5+000,298,-1.652020454
5+000,299,-1.652020454
5+000,300,-1.652020454
5+000,301,-1.410850286
5+000,302,-1.410850286
5+000,303,-1.410850286
5+000,304,-1.410850286
5+000,305,-1.410850286
5+000,306,-1.410850286
5+000,307,-1.410850286
5+000,308,-1.410850286
5+000,309,-1.410850286
5+000,310,-1.410850286
5+000,311,-1.214717984
5+000,312,-1.214717984
5+000,313,-1.214717984
5+000,314,-1.214717984
5+000,315,-1.214717984
5+000,316,-1.214717984
5+000,317,-1.214717984
5+000,318,-1.214717984
5+000,319,-1.214717984
5+000,320,-1.214717984
5+000,321,-1.095393896
5+000,322,-1.095393896
5+000,323,-1.095393896
5+000,324,-1.095393896
5+000,325,-1.095393896
5+000,326,-1.095393896
5+000,327,-1.095393896
5+000,328,-1.095393896
5+000,329,-1.095393896
5+000,330,-1.095393896
5+000,331,-0.999665976
5+000,332,-0.999665976
5+000,333,-0.999665976
5+000,334,-0.999665976
5+000,335,-0.999665976
5+000,336,-0.999665976
5+000,337,-0.999665976
5+000,338,-0.999665976
5+000,339,-0.999665976
5+000,340,-0.999665976
5+000,341,-1.01241827
5+000,342,-1.01241827
5+000,343,-1.01241827
5+000,344,-1.01241827
5+000,345,-1.01241827
5+000,346,-1.01241827
5+000,347,-1.01241827
5+000,348,-1.01241827
5+000,349,-1.01241827
5+000,350,-1.01241827
5+000,351,-1.109898925
5+000,352,-1.109898925
5+000,353,-1.109898925
5+000,354,-1.109898925
5+000,355,-1.109898925
5+000,356,-1.109898925
5+000,357,-1.109898925
5+000,358,-1.109898925
5+000,359,-1.109898925
5+000,360,-1.109898925
5+000,361,-1.1997962
5+000,362,-1.1997962
5+000,363,-1.1997962
5+000,364,-1.1997962
5+000,365,-1.1997962
5+000,366,-1.1997962
5+000,367,-1.1997962
5+000,368,-1.1997962
5+000,369,-1.1997962
5+000,370,-1.1997962
5+000,371,-1.210708261
5+000,372,-1.210708261
5+000,373,-1.210708261
5+000,374,-1.210708261
5+000,375,-1.210708261
5+000,376,-1.210708261
5+000,377,-1.210708261
5+000,378,-1.210708261
5+000,379,-1.210708261
5+000,380,-1.210708261
5+000,381,-1.066927075
5+000,382,-1.066927075
5+000,383,-1.066927075
5+000,384,-1.066927075
5+000,385,-1.066927075
5+000,386,-1.066927075
5+000,387,-1.066927075
5+000,388,-1.066927075
5+000,389,-1.066927075
5+000,390,-1.066927075
5+000,391,-0.807461739
5+000,392,-0.807461739
5+000,393,-0.807461739
5+000,394,-0.807461739
5+000,395,-0.807461739
5+000,396,-0.807461739
5+000,397,-0.807461739
5+000,398,-0.807461739
5+000,399,-0.807461739
5+000,400,-0.807461739
5+000,401,-0.333551347
5+000,402,-0.333551347
5+000,403,-0.333551347
5+000,404,-0.333551347
5+000,405,-0.333551347
5+000,406,-0.333551347
5+000,407,-0.333551347
5+000,408,-0.333551347
5+000,409,-0.333551347
5+000,410,-0.333551347
5+000,411,0.273840785
5+000,412,0.273840785
5+000,413,-0.027104795
5+000,414,-0.027104795
5+000,415,-0.027104795
5+000,416,-0.027104795
5+000,417,-0.027104795
5+000,418,-0.027104795
5+000,419,-0.027104795
5+000,420,-0.027104795
5+000,421,0.096431866
5+000,422,0.096431866
5+000,423,0.096431866
5+000,424,0.096431866
5+000,425,0.096431866
5+000,426,0.096431866
5+000,427,0.096431866
5+000,428,0.096431866
5+000,429,0.096431866
5+000,430,0.096431866
5+000,431,0.105681978
5+000,432,0.105681978
5+000,433,0.105681978
5+000,434,0.105681978
5+000,435,0.105681978
5+000,436,0.105681978
5+000,437,0.105681978
5+000,438,0.105681978
5+000,439,0.105681978
5+000,440,0.105681978
5+000,441,0.821287632
5+000,442,0.821287632
5+000,443,0.821287632
5+000,444,0.821287632
5+000,445,0.821287632
5+000,446,0.821287632
5+000,447,0.821287632
5+000,448,0.821287632
5+000,449,0.821287632
5+000,450,0.821287632
5+000,451,1.517962575
5+000,452,1.517962575
5+000,453,1.517962575
5+000,454,1.517962575
5+000,455,1.517962575
5+000,456,1.517962575
5+000,457,1.517962575
5+000,458,1.517962575
5+000,459,1.517962575
5+000,460,1.517962575
5+000,461,1.91981101
5+000,462,1.91981101
5+000,463,1.91981101
5+000,464,1.91981101
5+000,465,1.91981101
5+000,466,1.91981101
5+000,467,1.91981101
5+000,468,1.91981101
5+000,469,1.91981101
5+000,470,1.91981101
5+000,471,2.131529331
5+000,472,2.131529331
5+000,473,2.131529331
5+000,474,2.131529331
5+000,475,2.131529331
5+000,476,2.131529331
5+000,477,2.131529331
5+000,478,2.131529331
5+000,479,2.131529331
5+000,480,2.131529331
5+000,481,2.131529331
5+000,482,2.236933708
5+000,483,2.236933708
5+000,484,2.236933708
5+000,485,2.236933708
5+000,486,2.236933708
5+000,487,2.236933708
5+000,488,2.236933708
5+000,489,2.236933708
5+000,490,2.236933708
5+000,491,2.236933708
5+000,492,2.287842512
5+000,493,2.287842512
5+000,494,2.287842512
5+000,495,2.287842512
5+000,496,2.287842512
5+000,497,2.287842512
5+000,498,2.287842512
5+000,499,2.287842512
5+000,500,2.287842512
5+100,0,-2.788509846
5+100,1,-2.788509846
5+100,2,-2.788509846
5+100,3,-2.788509846
5+100,4,-2.774904251
5+100,5,-2.774904251
5+100,6,-2.774904251
5+100,7,-2.774904251
5+100,8,-2.774904251
5+100,9,-2.774904251
5+100,10,-2.774904251
5+100,11,-2.774904251
5+100,12,-2.774904251
5+100,13,-2.774904251
5+100,14,-2.761148453
5+100,15,-2.761148453
5+100,16,-2.761148453
5+100,17,-2.761148453
5+100,18,-2.761148453
5+100,19,-2.761148453
5+100,20,-2.761148453
5+100,21,-2.761148453
5+100,22,-2.761148453
5+100,23,-2.761148453
5+100,24,-2.747165203
5+100,25,-2.747165203
5+100,26,-2.747165203
5+100,27,-2.747165203
5+100,28,-2.747165203
5+100,29,-2.747165203
5+100,30,-2.747165203
5+100,31,-2.747165203
5+100,32,-2.747165203
5+100,33,-2.747165203
5+100,34,-2.732856035
5+100,35,-2.732856035
5+100,36,-2.732856035
5+100,37,-2.732856035
5+100,38,-2.732856035
5+100,39,-2.732856035
5+100,40,-2.732856035
5+100,41,-2.732856035
5+100,42,-2.732856035
5+100,43,-2.732856035
5+100,44,-2.718096256
5+100,45,-2.718096256
5+100,46,-2.718096256
5+100,47,-2.718096256
5+100,48,-2.718096256
5+100,49,-2.718096256
5+100,50,-2.718096256
5+100,51,-2.718096256
5+100,52,-2.718096256
5+100,53,-2.718096256
5+100,54,-2.702716827
5+100,55,-2.702716827
5+100,56,-2.702716827
5+100,57,-2.702716827
5+100,58,-2.702716827
5+100,59,-2.702716827
5+100,60,-2.702716827
5+100,61,-2.702716827
5+100,62,-2.702716827
5+100,63,-2.702716827
5+100,64,-2.686497688
5+100,65,-2.686497688
5+100,66,-2.686497688
5+100,67,-2.686497688
5+100,68,-2.686497688
5+100,69,-2.686497688
5+100,70,-2.686497688
5+100,71,-2.686497688
5+100,72,-2.686497688
5+100,73,-2.686497688
5+100,74,-2.669166565
5+100,75,-2.669166565
5+100,76,-2.669166565
5+100,77,-2.669166565
5+100,78,-2.669166565
5+100,79,-2.669166565
5+100,80,-2.669166565
5+100,81,-2.669166565
5+100,82,-2.669166565
5+100,83,-2.669166565
5+100,84,-2.650422335
5+100,85,-2.650422335
5+100,86,-2.650422335
5+100,87,-2.650422335
5+100,88,-2.650422335
5+100,89,-2.650422335
5+100,90,-2.650422335
5+100,91,-2.650422335
5+100,92,-2.650422335
5+100,93,-2.650422335
5+100,94,-2.629981279
5+100,95,-2.629981279
5+100,96,-2.629981279
5+100,97,-2.629981279
5+100,98,-2.629981279
5+100,99,-2.629981279
5+100,100,-2.629981279
5+100,101,-2.629981279
5+100,102,-2.629981279
5+100,103,-2.629981279
5+100,104,-2.629981279
5+100,105,-2.607627153
5+100,106,-2.607627153
5+100,107,-2.607627153
5+100,108,-2.607627153
5+100,109,-2.607627153
5+100,110,-2.607627153
5+100,111,-2.607627153
5+100,112,-2.607627153
5+100,113,-2.607627153
5+100,114,-2.607627153
5+100,115,-2.58327651
5+100,116,-2.58327651
5+100,117,-2.58327651
5+100,118,-2.58327651
5+100,119,-2.58327651
5+100,120,-2.58327651
5+100,121,-2.58327651
5+100,122,-2.58327651
5+100,123,-2.58327651
5+100,124,-2.58327651
5+100,125,-2.557027102
5+100,126,-2.557027102
5+100,127,-2.557027102
5+100,128,-2.557027102
5+100,129,-2.557027102
5+100,130,-2.557027102
5+100,131,-2.557027102
5+100,132,-2.557027102
5+100,133,-2.557027102
5+100,134,-2.557027102
5+100,135,-2.529177189
5+100,136,-2.529177189
5+100,137,-2.529177189
5+100,138,-2.529177189
5+100,139,-2.529177189
5+100,140,-2.529177189
5+100,141,-2.529177189
5+100,142,-2.529177189
5+100,143,-2.529177189
5+100,144,-2.529177189
5+100,145,-2.500199556
5+100,146,-2.500199556
5+100,147,-2.500199556
5+100,148,-2.500199556
5+100,149,-2.500199556
5+100,150,-2.500199556
5+100,151,-2.500199556
5+100,152,-2.500199556
5+100,153,-2.500199556
5+100,154,-2.500199556
5+100,155,-2.470668316
5+100,156,-2.470668316
5+100,157,-2.470668316
5+100,158,-2.470668316
5+100,159,-2.470668316
5+100,160,-2.470668316
5+100,161,-2.470668316
5+100,162,-2.470668316
5+100,163,-2.470668316
5+100,164,-2.470668316
5+100,165,-2.441154957
5+100,166,-2.441154957
5+100,167,-2.441154957
5+100,168,-2.441154957
5+100,169,-2.441154957
5+100,170,-2.441154957
5+100,171,-2.441154957
5+100,172,-2.441154957
5+100,173,-2.441154957
5+100,174,-2.441154957
5+100,175,-2.412105322
5+100,176,-2.412105322
5+100,177,-2.412105322
5+100,178,-2.412105322
5+100,179,-2.412105322
5+100,180,-2.412105322
5+100,181,-2.412105322
5+100,182,-2.412105322
5+100,183,-2.412105322
5+100,184,-2.412105322
5+100,185,-2.38373065
5+100,186,-2.38373065
5+100,187,-2.38373065
5+100,188,-2.38373065
5+100,189,-2.38373065
5+100,190,-2.38373065
5+100,191,-2.38373065
5+100,192,-2.38373065
5+100,193,-2.38373065
5+100,194,-2.38373065
5+100,195,-2.355938911
5+100,196,-2.355938911
5+100,197,-2.355938911
5+100,198,-2.355938911
5+100,199,-2.355938911
5+100,200,-2.355938911
5+100,201,-2.355938911
5+100,202,-2.355938911
5+100,203,-2.355938911
5+100,204,-2.355938911
5+100,205,-2.328325748
5+100,206,-2.328325748
5+100,207,-2.328325748
5+100,208,-2.328325748
5+100,209,-2.328325748
5+100,210,-2.328325748
5+100,211,-2.328325748
5+100,212,-2.328325748
5+100,213,-2.328325748
5+100,214,-2.328325748
5+100,215,-2.300220013
5+100,216,-2.300220013
5+100,217,-2.300220013
5+100,218,-2.2741642
5+100,219,-2.2741642
5+100,220,-2.2741642
5+100,221,-2.2741642
5+100,222,-2.2741642
5+100,223,-2.2741642
5+100,224,-2.2741642
5+100,225,-2.244278908
5+100,226,-2.244278908
5+100,227,-2.244278908
5+100,228,-2.244278908
5+100,229,-2.244278908
5+100,230,-2.244278908
5+100,231,-2.244278908
5+100,232,-2.244278908
5+100,233,-2.244278908
5+100,234,-2.244278908
5+100,235,-2.2128613
5+100,236,-2.2128613
5+100,237,-2.2128613
5+100,238,-2.2128613
5+100,239,-2.2128613
5+100,240,-2.2128613
5+100,241,-2.2128613
5+100,242,-2.2128613
5+100,243,-2.2128613
5+100,244,-2.2128613
5+100,245,-2.179317951
5+100,246,-2.179317951
5+100,247,-2.179317951
5+100,248,-2.179317951
5+100,249,-2.179317951
5+100,250,-2.179317951
5+100,251,-2.179317951
5+100,252,-2.179317951
5+100,253,-2.179317951
5+100,254,-2.179317951
5+100,255,-2.142724752
5+100,256,-2.142724752
5+100,257,-2.142724752
5+100,258,-2.142724752
5+100,259,-2.142724752
5+100,260,-2.142724752
5+100,261,-2.142724752
5+100,262,-2.142724752
5+100,263,-2.142724752
5+100,264,-2.142724752
5+100,265,-2.099083662
5+100,266,-2.099083662
5+100,267,-2.099083662
5+100,268,-2.099083662
5+100,269,-2.099083662
5+100,270,-2.099083662
5+100,271,-2.099083662
5+100,272,-2.099083662
5+100,273,-2.099083662
5+100,274,-2.099083662
5+100,275,-2.000198126
5+100,276,-2.000198126
5+100,277,-2.000198126
5+100,278,-2.000198126
5+100,279,-2.000198126
5+100,280,-2.000198126
5+100,281,-2.000198126
5+100,282,-2.000198126
5+100,283,-2.000198126
5+100,284,-2.000198126
5+100,285,-1.879559278
5+100,286,-1.879559278
5+100,287,-1.879559278
5+100,288,-1.879559278
5+100,289,-1.879559278
5+100,290,-1.879559278
5+100,291,-1.879559278
5+100,292,-1.879559278
5+100,293,-1.879559278
5+100,294,-1.879559278
5+100,295,-1.758590937
5+100,296,-1.758590937
5+100,297,-1.758590937
5+100,298,-1.758590937
5+100,299,-1.758590937
5+100,300,-1.758590937
5+100,301,-1.758590937
5+100,302,-1.758590937
5+100,303,-1.758590937
5+100,304,-1.758590937
5+100,305,-1.655463934
5+100,306,-1.655463934
5+100,307,-1.655463934
5+100,308,-1.655463934
5+100,309,-1.655463934
5+100,310,-1.655463934
5+100,311,-1.655463934
5+100,312,-1.655463934
5+100,313,-1.655463934
5+100,314,-1.655463934
5+100,315,-1.584638357
5+100,316,-1.584638357
5+100,317,-1.584638357
5+100,318,-1.584638357
5+100,319,-1.584638357
5+100,320,-1.584638357
5+100,321,-1.584638357
5+100,322,-1.584638357
5+100,323,-1.584638357
5+100,324,-1.584638357
5+100,325,-1.550372839
5+100,326,-1.550372839
5+100,327,-1.550372839
5+100,328,-1.550372839
5+100,329,-1.550372839
5+100,330,-1.550372839
5+100,331,-1.550372839
5+100,332,-1.550372839
5+100,333,-1.550372839
5+100,334,-1.550372839
5+100,335,-1.538081527
5+100,336,-1.538081527
5+100,337,-1.538081527
5+100,338,-1.538081527
5+100,339,-1.538081527
5+100,340,-1.538081527
5+100,341,-1.538081527
5+100,342,-1.538081527
5+100,343,-1.538081527
5+100,344,-1.538081527
5+100,345,-1.467156172
5+100,346,-1.467156172
5+100,347,-1.467156172
5+100,348,-1.467156172
5+100,349,-1.467156172
5+100,350,-1.467156172
5+100,351,-1.467156172
5+100,352,-1.467156172
5+100,353,-1.467156172
5+100,354,-1.467156172
5+100,355,-1.361513376
5+100,356,-1.361513376
5+100,357,-1.361513376
5+100,358,-1.361513376
5+100,359,-1.361513376
5+100,360,-1.361513376
5+100,361,-1.361513376
5+100,362,-1.361513376
5+100,363,-1.361513376
5+100,364,-1.361513376
5+100,365,-1.244721889
5+100,366,-1.244721889
5+100,367,-1.244721889
5+100,368,-1.244721889
5+100,369,-1.244721889
5+100,370,-1.244721889
5+100,371,-1.244721889
5+100,372,-1.244721889
5+100,373,-1.244721889
5+100,374,-1.244721889
5+100,375,-0.812509835
5+100,376,-0.812509835
5+100,377,-0.812509835
5+100,378,-0.812509835
5+100,379,-0.812509835
5+100,380,-0.812509835
5+100,381,-0.812509835
5+100,382,-0.812509835
5+100,383,-0.812509835
5+100,384,-0.812509835
5+100,385,-0.240973562
5+100,386,-0.240973562
5+100,387,-0.240973562
5+100,388,-0.240973562
5+100,389,-0.240973562
5+100,390,-0.240973562
5+100,391,-0.240973562
5+100,392,-0.240973562
5+100,393,-0.240973562
5+100,394,-0.240973562
5+100,395,0.341255307
5+100,396,0.341255307
5+100,397,0.341255307
5+100,398,0.341255307
5+100,399,0.341255307
5+100,400,0.341255307
5+100,401,0.341255307
5+100,402,0.341255307
5+100,403,0.341255307
5+100,404,0.341255307
5+100,405,0.710975766
5+100,406,0.710975766
5+100,407,0.710975766
5+100,408,0.710975766
5+100,409,0.710975766
5+100,410,0.710975766
5+100,411,0.710975766
5+100,412,0.710975766
5+100,413,0.710975766
5+100,414,0.710975766
5+100,415,0.824062765
5+100,416,0.824062765
5+100,417,0.824062765
5+100,418,0.824062765
5+100,419,0.824062765
5+100,420,0.824062765
5+100,421,0.824062765
5+100,422,0.824062765
5+100,423,0.824062765
5+100,424,0.824062765
5+100,425,1.054554224
5+100,426,1.054554224
5+100,427,1.054554224
5+100,428,1.054554224
5+100,429,1.054554224
5+100,430,1.054554224
5+100,431,1.054554224
5+100,432,1.054554224
5+100,433,1.054554224
5+100,434,1.054554224
5+100,435,1.048259497
5+100,436,1.048259497
5+100,437,1.048259497
5+100,438,1.048259497
5+100,439,1.048259497
5+100,440,1.048259497
5+100,441,1.048259497
5+100,442,1.048259497
5+100,443,1.008565426
5+100,444,1.008565426
5+100,445,1.046845555
5+100,446,1.046845555
5+100,447,1.046845555
5+100,448,1.046845555
5+100,449,1.046845555
5+100,450,1.046845555
5+100,451,1.046845555
5+100,452,1.046845555
5+100,453,1.046845555
5+100,454,1.046845555
5+100,455,1.122401476
5+100,456,1.122401476
5+100,457,1.122401476
5+100,458,1.122401476
5+100,459,1.122401476
5+100,460,1.122401476
5+100,461,1.122401476
5+100,462,1.122401476
5+100,463,1.122401476
5+100,464,1.122401476
5+100,465,1.251520157
5+100,466,1.251520157
5+100,467,1.251520157
5+100,468,1.251520157
5+100,469,1.251520157
5+100,470,1.251520157
5+100,471,1.251520157
5+100,472,1.251520157
5+100,473,1.251520157
5+100,474,1.251520157
5+100,475,1.408420324
5+100,476,1.408420324
5+100,477,1.408420324
5+100,478,1.408420324
5+100,479,1.408420324
5+100,480,1.408420324
5+100,481,1.408420324
5+100,482,1.408420324
5+100,483,1.408420324
5+100,484,1.408420324
5+100,485,1.57085228
5+100,486,1.57085228
5+100,487,1.57085228
5+100,488,1.57085228
5+100,489,1.57085228
5+100,490,1.57085228
5+100,491,1.57085228
5+100,492,1.57085228
5+100,493,1.57085228
5+100,494,1.57085228
5+100,495,1.57085228
5+100,496,1.57085228
5+100,497,1.57085228
5+100,498,1.57085228
5+100,499,1.57085228
5+100,500,1.57085228
5+200,0,-2.779870033
5+200,1,-2.766033649
5+200,2,-2.766033649
5+200,3,-2.766033649
5+200,4,-2.766033649
5+200,5,-2.766033649
5+200,6,-2.766033649
5+200,7,-2.766033649
5+200,8,-2.766033649
5+200,9,-2.766033649
5+200,10,-2.766033649
5+200,11,-2.752138138
5+200,12,-2.752138138
5+200,13,-2.728971004
5+200,14,-2.728971004
5+200,15,-2.728971004
5+200,16,-2.728971004
5+200,17,-2.728971004
5+200,18,-2.728971004
5+200,19,-2.728971004
5+200,20,-2.728971004
5+200,21,-2.728971004
5+200,22,-2.714594364
5+200,23,-2.714594364
5+200,24,-2.714594364
5+200,25,-2.714594364
5+200,26,-2.714594364
5+200,27,-2.714594364
5+200,28,-2.714594364
5+200,29,-2.714594364
5+200,30,-2.714594364
5+200,31,-2.714594364
5+200,32,-2.700041533
5+200,33,-2.700041533
5+200,34,-2.700041533
5+200,35,-2.700041533
5+200,36,-2.700041533
5+200,37,-2.700041533
5+200,38,-2.700041533
5+200,39,-2.700041533
5+200,40,-2.700041533
5+200,41,-2.700041533
5+200,42,-2.68525362
5+200,43,-2.68525362
5+200,44,-2.68525362
5+200,45,-2.68525362
5+200,46,-2.68525362
5+200,47,-2.68525362
5+200,48,-2.68525362
5+200,49,-2.68525362
5+200,50,-2.68525362
5+200,51,-2.68525362
5+200,52,-2.67016387
5+200,53,-2.67016387
5+200,54,-2.67016387
5+200,55,-2.67016387
5+200,56,-2.67016387
5+200,57,-2.67016387
5+200,58,-2.67016387
5+200,59,-2.67016387
5+200,60,-2.67016387
5+200,61,-2.67016387
5+200,62,-2.654676676
5+200,63,-2.654676676
5+200,64,-2.654676676
5+200,65,-2.654676676
5+200,66,-2.654676676
5+200,67,-2.654676676
5+200,68,-2.654676676
5+200,69,-2.654676676
5+200,70,-2.654676676
5+200,71,-2.654676676
5+200,72,-2.613056421
5+200,73,-2.613056421
5+200,74,-2.613056421
5+200,75,-2.613056421
5+200,76,-2.613056421
5+200,77,-2.613056421
5+200,78,-2.613056421
5+200,79,-2.613056421
5+200,80,-2.613056421
5+200,81,-2.613056421
5+200,82,-2.596206427
5+200,83,-2.596206427
5+200,84,-2.596206427
5+200,85,-2.596206427
5+200,86,-2.596206427
5+200,87,-2.596206427
5+200,88,-2.596206427
5+200,89,-2.596206427
5+200,90,-2.596206427
5+200,91,-2.596206427
5+200,92,-2.596206427
5+200,93,-2.578526735
5+200,94,-2.578526735
5+200,95,-2.578526735
5+200,96,-2.578526735
5+200,97,-2.578526735
5+200,98,-2.578526735
5+200,99,-2.578526735
5+200,100,-2.578526735
5+200,101,-2.578526735
5+200,102,-2.578526735
5+200,103,-2.559715986
5+200,104,-2.559715986
5+200,105,-2.559715986
5+200,106,-2.559715986
5+200,107,-2.559715986
5+200,108,-2.559715986
5+200,109,-2.559715986
5+200,110,-2.559715986
5+200,111,-2.559715986
5+200,112,-2.559715986
5+200,113,-2.539438486
5+200,114,-2.539438486
5+200,115,-2.539438486
5+200,116,-2.539438486
5+200,117,-2.539438486
5+200,118,-2.539438486
5+200,119,-2.539438486
5+200,120,-2.539438486
5+200,121,-2.539438486
5+200,122,-2.539438486
5+200,123,-2.517374992
5+200,124,-2.517374992
5+200,125,-2.517374992
5+200,126,-2.517374992
5+200,127,-2.517374992
5+200,128,-2.517374992
5+200,129,-2.517374992
5+200,130,-2.517374992
5+200,131,-2.517374992
5+200,132,-2.491592407
5+200,133,-2.468219042
5+200,134,-2.468219042
5+200,135,-2.468219042
5+200,136,-2.468219042
5+200,137,-2.468219042
5+200,138,-2.468219042
5+200,139,-2.468219042
5+200,140,-2.468219042
5+200,141,-2.468219042
5+200,142,-2.468219042
5+200,143,-2.442826509
5+200,144,-2.442826509
5+200,145,-2.442826509
5+200,146,-2.442826509
5+200,147,-2.442826509
5+200,148,-2.442826509
5+200,149,-2.442826509
5+200,150,-2.442826509
5+200,151,-2.442826509
5+200,152,-2.442826509
5+200,153,-2.442826509
5+200,154,-2.415412188
5+200,155,-2.415412188
5+200,156,-2.415412188
5+200,157,-2.415412188
5+200,158,-2.415412188
5+200,159,-2.415412188
5+200,160,-2.415412188
5+200,161,-2.415412188
5+200,162,-2.415412188
5+200,163,-2.415412188
5+200,164,-2.386157513
5+200,165,-2.386157513
5+200,166,-2.386157513
5+200,167,-2.386157513
5+200,168,-2.386157513
5+200,169,-2.386157513
5+200,170,-2.386157513
5+200,171,-2.386157513
5+200,172,-2.386157513
5+200,173,-2.386157513
5+200,174,-2.355389833
5+200,175,-2.355389833
5+200,176,-2.355389833
5+200,177,-2.355389833
5+200,178,-2.355389833
5+200,179,-2.355389833
5+200,180,-2.355389833
5+200,181,-2.355389833
5+200,182,-2.355389833
5+200,183,-2.355389833
5+200,184,-2.323502064
5+200,185,-2.323502064
5+200,186,-2.323502064
5+200,187,-2.323502064
5+200,188,-2.323502064
5+200,189,-2.323502064
5+200,190,-2.323502064
5+200,191,-2.298942566
5+200,192,-2.298942566
5+200,193,-2.298942566
5+200,194,-2.265947342
5+200,195,-2.265947342
5+200,196,-2.265947342
5+200,197,-2.265947342
5+200,198,-2.265947342
5+200,199,-2.265947342
5+200,200,-2.265947342
5+200,201,-2.265947342
5+200,202,-2.265947342
5+200,203,-2.265947342
5+200,204,-2.231887341
5+200,205,-2.231887341
5+200,206,-2.231887341
5+200,207,-2.231887341
5+200,208,-2.231887341
5+200,209,-2.231887341
5+200,210,-2.231887341
5+200,211,-2.231887341
5+200,212,-2.231887341
5+200,213,-2.231887341
5+200,214,-2.196642399
5+200,215,-2.196642399
5+200,216,-2.196642399
5+200,217,-2.196642399
5+200,218,-2.196642399
5+200,219,-2.196642399
5+200,220,-2.196642399
5+200,221,-2.196642399
5+200,222,-2.196642399
5+200,223,-2.196642399
5+200,224,-2.196642399
5+200,225,-2.159818649
5+200,226,-2.159818649
5+200,227,-2.159818649
5+200,228,-2.159818649
5+200,229,-2.159818649
5+200,230,-2.159818649
5+200,231,-2.159818649
5+200,232,-2.159818649
5+200,233,-2.159818649
5+200,234,-2.159818649
5+200,235,-2.120792389
5+200,236,-2.120792389
5+200,237,-2.120792389
5+200,238,-2.120792389
5+200,239,-2.120792389
5+200,240,-2.120792389
5+200,241,-2.120792389
5+200,242,-2.120792389
5+200,243,-2.120792389
5+200,244,-2.120792389
5+200,245,-2.078807354
5+200,246,-2.078807354
5+200,247,-2.078807354
5+200,248,-2.078807354
5+200,249,-2.078807354
5+200,250,-2.078807354
5+200,251,-2.05019331
5+200,252,-2.05019331
5+200,253,-2.05019331
5+200,254,-2.05019331
5+200,255,-2.005402565
5+200,256,-2.005402565
5+200,257,-2.005402565
5+200,258,-2.005402565
5+200,259,-2.005402565
5+200,260,-2.005402565
5+200,261,-2.005402565
5+200,262,-2.005402565
5+200,263,-2.005402565
5+200,264,-2.005402565
5+200,265,-1.960891724
5+200,266,-1.960891724
5+200,267,-1.960891724
5+200,268,-1.960891724
5+200,269,-1.960891724
5+200,270,-1.960891724
5+200,271,-1.960891724
5+200,272,-1.960891724
5+200,273,-1.960891724
5+200,274,-1.960891724
5+200,275,-1.923850298
5+200,276,-1.923850298
5+200,277,-1.923850298
5+200,278,-1.923850298
5+200,279,-1.923850298
5+200,280,-1.923850298
5+200,281,-1.923850298
5+200,282,-1.923850298
5+200,283,-1.923850298
5+200,284,-1.923850298
5+200,285,-1.923850298
5+200,286,-1.892805815
5+200,287,-1.892805815
5+200,288,-1.892805815
5+200,289,-1.892805815
5+200,290,-1.892805815
5+200,291,-1.892805815
5+200,292,-1.892805815
5+200,293,-1.892805815
5+200,294,-1.892805815
5+200,295,-1.892805815
5+200,296,-1.830946684
5+200,297,-1.830946684
5+200,298,-1.830946684
5+200,299,-1.830946684
5+200,300,-1.830946684
5+200,301,-1.830946684
5+200,302,-1.830946684
5+200,303,-1.830946684
5+200,304,-1.830946684
5+200,305,-1.830946684
5+200,306,-1.739003539
5+200,307,-1.739003539
5+200,308,-1.739003539
5+200,309,-1.739003539
5+200,310,-1.698546171
5+200,311,-1.698546171
5+200,312,-1.698546171
5+200,313,-1.698546171
5+200,314,-1.698546171
5+200,315,-1.698546171
5+200,316,-1.566741705
5+200,317,-1.566741705
5+200,318,-1.566741705
5+200,319,-1.566741705
5+200,320,-1.566741705
5+200,321,-1.566741705
5+200,322,-1.566741705
5+200,323,-1.566741705
5+200,324,-1.566741705
5+200,325,-1.566741705
5+200,326,-1.426438451
5+200,327,-1.426438451
5+200,328,-1.426438451
5+200,329,-1.426438451
5+200,330,-1.426438451
5+200,331,-1.426438451
5+200,332,-1.426438451
5+200,333,-1.426438451
5+200,334,-1.426438451
5+200,335,-1.426438451
5+200,336,-1.282199502
5+200,337,-1.282199502
5+200,338,-1.282199502
5+200,339,-1.282199502
5+200,340,-1.282199502
5+200,341,-1.282199502
5+200,342,-1.282199502
5+200,343,-1.282199502
5+200,344,-1.282199502
5+200,345,-1.282199502
5+200,346,-1.13583684
5+200,347,-1.13583684
5+200,348,-1.13583684
5+200,349,-1.13583684
5+200,350,-1.13583684
5+200,351,-1.13583684
5+200,352,-1.13583684
5+200,353,-1.13583684
5+200,354,-1.13583684
5+200,355,-1.13583684
5+200,356,-1.13583684
5+200,357,-0.982775748
5+200,358,-0.982775748
5+200,359,-0.982775748
5+200,360,-0.982775748
5+200,361,-0.982775748
5+200,362,-0.982775748
5+200,363,-0.982775748
5+200,364,-0.982775748
5+200,365,-0.982775748
5+200,366,-0.982775748
5+200,367,-0.809297681
5+200,368,-0.809297681
5+200,369,-0.809297681
5+200,370,-0.836594701
5+200,371,-0.836594701
5+200,372,-0.836594701
5+200,373,-0.836594701
5+200,374,-0.836594701
5+200,375,-0.836594701
5+200,376,-0.836594701
5+200,377,-0.629053593
5+200,378,-0.629053593
5+200,379,-0.629053593
5+200,380,-0.629053593
5+200,381,-0.629053593
5+200,382,-0.629053593
5+200,383,-0.629053593
5+200,384,-0.629053593
5+200,385,-0.629053593
5+200,386,-0.629053593
5+200,387,-0.348324984
5+200,388,-0.348324984
5+200,389,-0.348324984
5+200,390,-0.348324984
5+200,391,-0.348324984
5+200,392,-0.348324984
5+200,393,-0.348324984
5+200,394,-0.348324984
5+200,395,-0.348324984
5+200,396,-0.348324984
5+200,397,-0.007311636
5+200,398,-0.007311636
5+200,399,-0.007311636
5+200,400,-0.007311636
5+200,401,-0.007311636
5+200,402,-0.007311636
5+200,403,-0.007311636
5+200,404,-0.007311636
5+200,405,-0.007311636
5+200,406,-0.007311636
5+200,407,0.380258769
5+200,408,0.380258769
5+200,409,0.380258769
5+200,410,0.380258769
5+200,411,0.380258769
5+200,412,0.380258769
5+200,413,0.380258769
5+200,414,0.380258769
5+200,415,0.380258769
5+200,416,0.380258769
5+200,417,0.380258769
5+200,418,0.802518964
5+200,419,0.802518964
5+200,420,0.802518964
5+200,421,0.802518964
5+200,422,0.802518964
5+200,423,0.802518964
5+200,424,0.802518964
5+200,425,0.802518964
5+200,426,0.802518964
5+200,427,0.802518964
5+200,428,1.235121727
5+200,429,1.310714722
5+200,430,1.310714722
5+200,431,1.310714722
5+200,432,1.310714722
5+200,433,1.310714722
5+200,434,1.310714722
5+200,435,1.310714722
5+200,436,1.310714722
5+200,437,1.310714722
5+200,438,1.551021099
5+200,439,1.551021099
5+200,440,1.551021099
5+200,441,1.551021099
5+200,442,1.551021099
5+200,443,1.551021099
5+200,444,1.551021099
5+200,445,1.551021099
5+200,446,1.551021099
5+200,447,1.551021099
5+200,448,1.678720236
5+200,449,1.678720236
5+200,450,1.678720236
5+200,451,1.678720236
5+200,452,1.678720236
5+200,453,1.678720236
5+200,454,1.678720236
5+200,455,1.678720236
5+200,456,1.678720236
5+200,457,1.678720236
5+200,458,1.742055297
5+200,459,1.742055297
5+200,460,1.742055297
5+200,461,1.742055297
5+200,462,1.742055297
5+200,463,1.742055297
5+200,464,1.742055297
5+200,465,1.742055297
5+200,466,1.742055297
5+200,467,1.742055297
5+200,468,1.779334903
5+200,469,1.779334903
5+200,470,1.779334903
5+200,471,1.779334903
5+200,472,1.779334903
5+200,473,1.779334903
5+200,474,1.779334903
5+200,475,1.779334903
5+200,476,1.779334903
5+200,477,1.779334903
5+200,478,1.814099789
5+200,479,1.814099789
5+200,480,1.814099789
5+200,481,1.814099789
5+200,482,1.814099789
5+200,483,1.814099789
5+200,484,1.814099789
5+200,485,1.814099789
5+200,486,1.814099789
5+200,487,1.814099789
5+200,488,1.814099789
5+200,489,1.930869579
5+200,490,1.930869579
5+200,491,1.930869579
5+200,492,1.930869579
5+200,493,1.930869579
5+200,494,1.930869579
5+200,495,1.930869579
5+200,496,1.930869579
5+200,497,1.930869579
5+200,498,1.930869579
5+200,499,1.930869579
5+200,500,1.930869579
5+300,0,-2.766033649
5+300,1,-2.766033649
5+300,2,-2.766033649
5+300,3,-2.766033649
5+300,4,-2.752138138
5+300,5,-2.752138138
5+300,6,-2.752138138
5+300,7,-2.752138138
5+300,8,-2.752138138
5+300,9,-2.728971004
5+300,10,-2.728971004
5+300,11,-2.728971004
5+300,12,-2.728971004
5+300,13,-2.728971004
5+300,14,-2.728971004
5+300,15,-2.714594364
5+300,16,-2.714594364
5+300,17,-2.714594364
5+300,18,-2.714594364
5+300,19,-2.714594364
5+300,20,-2.714594364
5+300,21,-2.714594364
5+300,22,-2.714594364
5+300,23,-2.714594364
5+300,24,-2.714594364
5+300,25,-2.714594364
5+300,26,-2.700041533
5+300,27,-2.700041533
5+300,28,-2.700041533
5+300,29,-2.700041533
5+300,30,-2.700041533
5+300,31,-2.700041533
5+300,32,-2.700041533
5+300,33,-2.700041533
5+300,34,-2.700041533
5+300,35,-2.700041533
5+300,36,-2.68525362
5+300,37,-2.68525362
5+300,38,-2.68525362
5+300,39,-2.68525362
5+300,40,-2.66059494
5+300,41,-2.66059494
5+300,42,-2.66059494
5+300,43,-2.66059494
5+300,44,-2.66059494
5+300,45,-2.66059494
5+300,46,-2.66059494
5+300,47,-2.645120382
5+300,48,-2.645120382
5+300,49,-2.645120382
5+300,50,-2.645120382
5+300,51,-2.645120382
5+300,52,-2.645120382
5+300,53,-2.645120382
5+300,54,-2.645120382
5+300,55,-2.645120382
5+300,56,-2.645120382
5+300,57,-2.62930727
5+300,58,-2.62930727
5+300,59,-2.62930727
5+300,60,-2.62930727
5+300,61,-2.62930727
5+300,62,-2.62930727
5+300,63,-2.62930727
5+300,64,-2.62930727
5+300,65,-2.62930727
5+300,66,-2.62930727
5+300,67,-2.62930727
5+300,68,-2.613056421
5+300,69,-2.613056421
5+300,70,-2.586760044
5+300,71,-2.586760044
5+300,72,-2.586760044
5+300,73,-2.586760044
5+300,74,-2.586760044
5+300,75,-2.586760044
5+300,76,-2.586760044
5+300,77,-2.586760044
5+300,78,-2.586760044
5+300,79,-2.569613695
5+300,80,-2.569613695
5+300,81,-2.569613695
5+300,82,-2.569613695
5+300,83,-2.569613695
5+300,84,-2.569613695
5+300,85,-2.569613695
5+300,86,-2.569613695
5+300,87,-2.569613695
5+300,88,-2.569613695
5+300,89,-2.551803589
5+300,90,-2.551803589
5+300,91,-2.551803589
5+300,92,-2.551803589
5+300,93,-2.551803589
5+300,94,-2.551803589
5+300,95,-2.551803589
5+300,96,-2.551803589
5+300,97,-2.551803589
5+300,98,-2.551803589
5+300,99,-2.551803589
5+300,100,-2.505328178
5+300,101,-2.505328178
5+300,102,-2.505328178
5+300,103,-2.505328178
5+300,104,-2.505328178
5+300,105,-2.505328178
5+300,106,-2.505328178
5+300,107,-2.505328178
5+300,108,-2.505328178
5+300,109,-2.505328178
5+300,110,-2.485396624
5+300,111,-2.485396624
5+300,112,-2.485396624
5+300,113,-2.485396624
5+300,114,-2.485396624
5+300,115,-2.485396624
5+300,116,-2.485396624
5+300,117,-2.485396624
5+300,118,-2.485396624
5+300,119,-2.485396624
5+300,120,-2.485396624
5+300,121,-2.46414423
5+300,122,-2.46414423
5+300,123,-2.46414423
5+300,124,-2.46414423
5+300,125,-2.46414423
5+300,126,-2.46414423
5+300,127,-2.46414423
5+300,128,-2.46414423
5+300,129,-2.46414423
5+300,130,-2.46414423
5+300,131,-2.435414314
5+300,132,-2.412740707
5+300,133,-2.412740707
5+300,134,-2.412740707
5+300,135,-2.412740707
5+300,136,-2.412740707
5+300,137,-2.412740707
5+300,138,-2.412740707
5+300,139,-2.412740707
5+300,140,-2.412740707
5+300,141,-2.412740707
5+300,142,-2.38840723
5+300,143,-2.38840723
5+300,144,-2.38840723
5+300,145,-2.38840723
5+300,146,-2.38840723
5+300,147,-2.38840723
5+300,148,-2.38840723
5+300,149,-2.38840723
5+300,150,-2.38840723
5+300,151,-2.38840723
5+300,152,-2.38840723
5+300,153,-2.362230539
5+300,154,-2.362230539
5+300,155,-2.362230539
5+300,156,-2.362230539
5+300,157,-2.362230539
5+300,158,-2.362230539
5+300,159,-2.362230539
5+300,160,-2.362230539
5+300,161,-2.333054066
5+300,162,-2.333054066
5+300,163,-2.305429459
5+300,164,-2.305429459
5+300,165,-2.305429459
5+300,166,-2.305429459
5+300,167,-2.305429459
5+300,168,-2.305429459
5+300,169,-2.305429459
5+300,170,-2.305429459
5+300,171,-2.305429459
5+300,172,-2.305429459
5+300,173,-2.305429459
5+300,174,-2.276028156
5+300,175,-2.276028156
5+300,176,-2.276028156
5+300,177,-2.276028156
5+300,178,-2.276028156
5+300,179,-2.276028156
5+300,180,-2.276028156
5+300,181,-2.276028156
5+300,182,-2.276028156
5+300,183,-2.276028156
5+300,184,-2.244952202
5+300,185,-2.244952202
5+300,186,-2.244952202
5+300,187,-2.244952202
5+300,188,-2.244952202
5+300,189,-2.244952202
5+300,190,-2.244952202
5+300,191,-2.244952202
5+300,192,-2.215533257
5+300,193,-2.215533257
5+300,194,-2.215533257
5+300,195,-2.183364391
5+300,196,-2.183364391
5+300,197,-2.183364391
5+300,198,-2.183364391
5+300,199,-2.183364391
5+300,200,-2.183364391
5+300,201,-2.183364391
5+300,202,-2.183364391
5+300,203,-2.183364391
5+300,204,-2.183364391
5+300,205,-2.183364391
5+300,206,-2.149857998
5+300,207,-2.149857998
5+300,208,-2.149857998
5+300,209,-2.149857998
5+300,210,-2.149857998
5+300,211,-2.149857998
5+300,212,-2.149857998
5+300,213,-2.149857998
5+300,214,-2.149857998
5+300,215,-2.149857998
5+300,216,-2.115104675
5+300,217,-2.115104675
5+300,218,-2.115104675
5+300,219,-2.115104675
5+300,220,-2.115104675
5+300,221,-2.115104675
5+300,222,-2.085888386
5+300,223,-2.085888386
5+300,224,-2.085888386
5+300,225,-2.085888386
5+300,226,-2.085888386
5+300,227,-2.05107069
5+300,228,-2.05107069
5+300,229,-2.05107069
5+300,230,-2.05107069
5+300,231,-2.05107069
5+300,232,-2.05107069
5+300,233,-2.05107069
5+300,234,-2.05107069
5+300,235,-2.05107069
5+300,236,-2.05107069
5+300,237,-2.015399218
5+300,238,-2.015399218
5+300,239,-2.015399218
5+300,240,-2.015399218
5+300,241,-2.015399218
5+300,242,-2.015399218
5+300,243,-2.015399218
5+300,244,-2.015399218
5+300,245,-2.015399218
5+300,246,-2.015399218
5+300,247,-2.015399218
5+300,248,-1.978589773
5+300,249,-1.978589773
5+300,250,-1.978589773
5+300,251,-1.978589773
5+300,252,-1.978589773
5+300,253,-1.951513052
5+300,254,-1.951513052
5+300,255,-1.951513052
5+300,256,-1.951513052
5+300,257,-1.951513052
5+300,258,-1.951513052
5+300,259,-1.914321065
5+300,260,-1.914321065
5+300,261,-1.914321065
5+300,262,-1.914321065
5+300,263,-1.914321065
5+300,264,-1.914321065
5+300,265,-1.914321065
5+300,266,-1.914321065
5+300,267,-1.914321065
5+300,268,-1.914321065
5+300,269,-1.871759653
5+300,270,-1.871759653
5+300,271,-1.871759653
5+300,272,-1.871759653
5+300,273,-1.871759653
5+300,274,-1.871759653
5+300,275,-1.871759653
5+300,276,-1.871759653
5+300,277,-1.871759653
5+300,278,-1.871759653
5+300,279,-1.871759653
5+300,280,-1.818591475
5+300,281,-1.818591475
5+300,282,-1.818591475
5+300,283,-1.787513852
5+300,284,-1.787513852
5+300,285,-1.787513852
5+300,286,-1.787513852
5+300,287,-1.787513852
5+300,288,-1.787513852
5+300,289,-1.787513852
5+300,290,-1.701592565
5+300,291,-1.701592565
5+300,292,-1.701592565
5+300,293,-1.701592565
5+300,294,-1.701592565
5+300,295,-1.701592565
5+300,296,-1.701592565
5+300,297,-1.701592565
5+300,298,-1.701592565
5+300,299,-1.701592565
5+300,300,-1.701592565
5+300,301,-1.592371464
5+300,302,-1.592371464
5+300,303,-1.592371464
5+300,304,-1.592371464
5+300,305,-1.592371464
5+300,306,-1.592371464
5+300,307,-1.592371464
5+300,308,-1.592371464
5+300,309,-1.592371464
5+300,310,-1.592371464
5+300,311,-1.592371464
5+300,312,-1.451726556
5+300,313,-1.408038497
5+300,314,-1.408038497
5+300,315,-1.408038497
5+300,316,-1.408038497
5+300,317,-1.408038497
5+300,318,-1.408038497
5+300,319,-1.408038497
5+300,320,-1.408038497
5+300,321,-1.408038497
5+300,322,-1.241325378
5+300,323,-1.241325378
5+300,324,-1.241325378
5+300,325,-1.241325378
5+300,326,-1.241325378
5+300,327,-1.241325378
5+300,328,-1.241325378
5+300,329,-1.241325378
5+300,330,-1.241325378
5+300,331,-1.241325378
5+300,332,-1.241325378
5+300,333,-1.076674223
5+300,334,-1.076674223
5+300,335,-1.076674223
5+300,336,-1.076674223
5+300,337,-1.076674223
5+300,338,-1.076674223
5+300,339,-1.076674223
5+300,340,-1.076674223
5+300,341,-1.076674223
5+300,342,-1.076674223
5+300,343,-0.934186578
5+300,344,-0.851670146
5+300,345,-0.851670146
5+300,346,-0.851670146
5+300,347,-0.851670146
5+300,348,-0.851670146
5+300,349,-0.851670146
5+300,350,-0.851670146
5+300,351,-0.851670146
5+300,352,-0.851670146
5+300,353,-0.851670146
5+300,354,-0.705463767
5+300,355,-0.705463767
5+300,356,-0.705463767
5+300,357,-0.705463767
5+300,358,-0.705463767
5+300,359,-0.705463767
5+300,360,-0.705463767
5+300,361,-0.705463767
5+300,362,-0.705463767
5+300,363,-0.705463767
5+300,364,-0.705463767
5+300,365,-0.698337138
5+300,366,-0.698337138
5+300,367,-0.698337138
5+300,368,-0.698337138
5+300,369,-0.698337138
5+300,370,-0.698337138
5+300,371,-0.698337138
5+300,372,-0.698337138
5+300,373,-0.698337138
5+300,374,-0.625465751
5+300,375,-0.476757288
5+300,376,-0.476757288
5+300,377,-0.476757288
5+300,378,-0.476757288
5+300,379,-0.476757288
5+300,380,-0.476757288
5+300,381,-0.476757288
5+300,382,-0.476757288
5+300,383,-0.476757288
5+300,384,-0.476757288
5+300,385,-0.476757288
5+300,386,-0.20502609
5+300,387,-0.20502609
5+300,388,-0.20502609
5+300,389,-0.20502609
5+300,390,-0.20502609
5+300,391,-0.20502609
5+300,392,-0.20502609
5+300,393,-0.20502609
5+300,394,-0.20502609
5+300,395,-0.20502609
5+300,396,0.191223472
5+300,397,0.191223472
5+300,398,0.191223472
5+300,399,0.191223472
5+300,400,0.191223472
5+300,401,0.191223472
5+300,402,0.191223472
5+300,403,0.191223472
5+300,404,0.191223472
5+300,405,0.334454
5+300,406,0.334454
5+300,407,1.025452852
5+300,408,1.025452852
5+300,409,1.025452852
5+300,410,1.025452852
5+300,411,1.025452852
5+300,412,1.025452852
5+300,413,1.025452852
5+300,414,1.025452852
5+300,415,1.025452852
5+300,416,1.025452852
5+300,417,1.025452852
5+300,418,1.700152159
5+300,419,1.700152159
5+300,420,1.700152159
5+300,421,1.700152159
5+300,422,1.700152159
5+300,423,1.700152159
5+300,424,1.700152159
5+300,425,1.700152159
5+300,426,1.700152159
5+300,427,1.700152159
5+300,428,2.086357832
5+300,429,2.086357832
5+300,430,2.086357832
5+300,431,2.086357832
5+300,432,2.086357832
5+300,433,2.086357832
5+300,434,2.086357832
5+300,435,1.571713567
5+300,436,1.571713567
5+300,437,1.571713567
5+300,438,1.571713567
5+300,439,1.723137498
5+300,440,1.723137498
5+300,441,1.723137498
5+300,442,1.723137498
5+300,443,1.723137498
5+300,444,1.723137498
5+300,445,1.723137498
5+300,446,1.723137498
5+300,447,1.723137498
5+300,448,1.723137498
5+300,449,1.771350861
5+300,450,1.771350861
5+300,451,1.771350861
5+300,452,1.771350861
5+300,453,1.771350861
5+300,454,1.771350861
5+300,455,1.771350861
5+300,456,1.771350861
5+300,457,1.771350861
5+300,458,1.771350861
5+300,459,1.771350861
5+300,460,1.823165417
5+300,461,1.823165417
5+300,462,1.823165417
5+300,463,1.823165417
5+300,464,1.823165417
5+300,465,1.823165417
5+300,466,1.639990687
5+300,467,1.639990687
5+300,468,1.639990687
5+300,469,1.639990687
5+300,470,1.639990687
5+300,471,1.780483365
5+300,472,1.780483365
5+300,473,1.780483365
5+300,474,1.780483365
5+300,475,1.780483365
5+300,476,1.780483365
5+300,477,1.780483365
5+300,478,1.780483365
5+300,479,1.780483365
5+300,480,1.780483365
5+300,481,1.894125104
5+300,482,1.894125104
5+300,483,1.894125104
5+300,484,1.894125104
5+300,485,1.894125104
5+300,486,1.894125104
5+300,487,1.894125104
5+300,488,1.894125104
5+300,489,1.894125104
5+300,490,1.894125104
5+300,491,1.894125104
5+300,492,1.989714622
5+300,493,1.989714622
5+300,494,1.989714622
5+300,495,1.989714622
5+300,496,1.989714622
5+300,497,1.989714622
5+300,498,1.989714622
5+300,499,1.989714622
5+300,500,1.989714622
5+400,0,-2.757448435
5+400,1,-2.757448435
5+400,2,-2.757448435
5+400,3,-2.757448435
5+400,4,-2.743233919
5+400,5,-2.743233919
5+400,6,-2.743233919
5+400,7,-2.743233919
5+400,8,-2.743233919
5+400,9,-2.743233919
5+400,10,-2.743233919
5+400,11,-2.743233919
5+400,12,-2.743233919
5+400,13,-2.743233919
5+400,14,-2.743233919
5+400,15,-2.743233919
5+400,16,-2.728971004
5+400,17,-2.728971004
5+400,18,-2.728971004
5+400,19,-2.728971004
5+400,20,-2.70558691
5+400,21,-2.70558691
5+400,22,-2.70558691
5+400,23,-2.70558691
5+400,24,-2.70558691
5+400,25,-2.70558691
5+400,26,-2.70558691
5+400,27,-2.690776825
5+400,28,-2.690776825
5+400,29,-2.690776825
5+400,30,-2.690776825
5+400,31,-2.690776825
5+400,32,-2.690776825
5+400,33,-2.690776825
5+400,34,-2.690776825
5+400,35,-2.690776825
5+400,36,-2.690776825
5+400,37,-2.690776825
5+400,38,-2.690776825
5+400,39,-2.675796986
5+400,40,-2.675796986
5+400,41,-2.651379585
5+400,42,-2.651379585
5+400,43,-2.651379585
5+400,44,-2.651379585
5+400,45,-2.651379585
5+400,46,-2.651379585
5+400,47,-2.651379585
5+400,48,-2.651379585
5+400,49,-2.651379585
5+400,50,-2.635675669
5+400,51,-2.635675669
5+400,52,-2.635675669
5+400,53,-2.635675669
5+400,54,-2.635675669
5+400,55,-2.635675669
5+400,56,-2.635675669
5+400,57,-2.635675669
5+400,58,-2.635675669
5+400,59,-2.635675669
5+400,60,-2.635675669
5+400,61,-2.594155788
5+400,62,-2.594155788
5+400,63,-2.594155788
5+400,64,-2.594155788
5+400,65,-2.594155788
5+400,66,-2.594155788
5+400,67,-2.594155788
5+400,68,-2.594155788
5+400,69,-2.594155788
5+400,70,-2.594155788
5+400,71,-2.594155788
5+400,72,-2.594155788
5+400,73,-2.577290535
5+400,74,-2.577290535
5+400,75,-2.577290535
5+400,76,-2.577290535
5+400,77,-2.577290535
5+400,78,-2.577290535
5+400,79,-2.577290535
5+400,80,-2.577290535
5+400,81,-2.577290535
5+400,82,-2.551165104
5+400,83,-2.551165104
5+400,84,-2.533282518
5+400,85,-2.533282518
5+400,86,-2.533282518
5+400,87,-2.533282518
5+400,88,-2.533282518
5+400,89,-2.533282518
5+400,90,-2.533282518
5+400,91,-2.533282518
5+400,92,-2.533282518
5+400,93,-2.533282518
5+400,94,-2.533282518
5+400,95,-2.533282518
5+400,96,-2.515002728
5+400,97,-2.515002728
5+400,98,-2.515002728
5+400,99,-2.515002728
5+400,100,-2.515002728
5+400,101,-2.515002728
5+400,102,-2.515002728
5+400,103,-2.487608671
5+400,104,-2.487608671
5+400,105,-2.487608671
5+400,106,-2.487608671
5+400,107,-2.468136311
5+400,108,-2.468136311
5+400,109,-2.468136311
5+400,110,-2.468136311
5+400,111,-2.468136311
5+400,112,-2.468136311
5+400,113,-2.468136311
5+400,114,-2.468136311
5+400,115,-2.468136311
5+400,116,-2.468136311
5+400,117,-2.468136311
5+400,118,-2.448131084
5+400,119,-2.448131084
5+400,120,-2.448131084
5+400,121,-2.448131084
5+400,122,-2.448131084
5+400,123,-2.448131084
5+400,124,-2.419438839
5+400,125,-2.419438839
5+400,126,-2.419438839
5+400,127,-2.419438839
5+400,128,-2.419438839
5+400,129,-2.419438839
5+400,130,-2.398053885
5+400,131,-2.398053885
5+400,132,-2.398053885
5+400,133,-2.398053885
5+400,134,-2.398053885
5+400,135,-2.398053885
5+400,136,-2.398053885
5+400,137,-2.398053885
5+400,138,-2.398053885
5+400,139,-2.398053885
5+400,140,-2.398053885
5+400,141,-2.375912189
5+400,142,-2.375912189
5+400,143,-2.375912189
5+400,144,-2.375912189
5+400,145,-2.346052647
5+400,146,-2.346052647
5+400,147,-2.346052647
5+400,148,-2.346052647
5+400,149,-2.346052647
5+400,150,-2.346052647
5+400,151,-2.346052647
5+400,152,-2.346052647
5+400,153,-2.322345734
5+400,154,-2.322345734
5+400,155,-2.322345734
5+400,156,-2.322345734
5+400,157,-2.322345734
5+400,158,-2.322345734
5+400,159,-2.322345734
5+400,160,-2.322345734
5+400,161,-2.322345734
5+400,162,-2.322345734
5+400,163,-2.322345734
5+400,164,-2.297602177
5+400,165,-2.297602177
5+400,166,-2.266871452
5+400,167,-2.266871452
5+400,168,-2.266871452
5+400,169,-2.266871452
5+400,170,-2.266871452
5+400,171,-2.266871452
5+400,172,-2.266871452
5+400,173,-2.266871452
5+400,174,-2.266871452
5+400,175,-2.240399837
5+400,176,-2.240399837
5+400,177,-2.240399837
5+400,178,-2.240399837
5+400,179,-2.240399837
5+400,180,-2.240399837
5+400,181,-2.240399837
5+400,182,-2.240399837
5+400,183,-2.240399837
5+400,184,-2.240399837
5+400,185,-2.240399837
5+400,186,-2.209660053
5+400,187,-2.18131876
5+400,188,-2.18131876
5+400,189,-2.18131876
5+400,190,-2.18131876
5+400,191,-2.18131876
5+400,192,-2.18131876
5+400,193,-2.18131876
5+400,194,-2.18131876
5+400,195,-2.18131876
5+400,196,-2.18131876
5+400,197,-2.18131876
5+400,198,-2.151660681
5+400,199,-2.151660681
5+400,200,-2.151660681
5+400,201,-2.151660681
5+400,202,-2.151660681
5+400,203,-2.151660681
5+400,204,-2.151660681
5+400,205,-2.151660681
5+400,206,-2.151660681
5+400,207,-2.120372295
5+400,208,-2.120372295
5+400,209,-2.120372295
5+400,210,-2.088474751
5+400,211,-2.088474751
5+400,212,-2.088474751
5+400,213,-2.088474751
5+400,214,-2.088474751
5+400,215,-2.088474751
5+400,216,-2.088474751
5+400,217,-2.088474751
5+400,218,-2.088474751
5+400,219,-2.088474751
5+400,220,-2.088474751
5+400,221,-2.055191994
5+400,222,-2.055191994
5+400,223,-2.055191994
5+400,224,-2.055191994
5+400,225,-2.055191994
5+400,226,-2.055191994
5+400,227,-2.055191994
5+400,228,-2.022546291
5+400,229,-2.022546291
5+400,230,-2.022546291
5+400,231,-2.022546291
5+400,232,-1.986201167
5+400,233,-1.986201167
5+400,234,-1.986201167
5+400,235,-1.986201167
5+400,236,-1.986201167
5+400,237,-1.986201167
5+400,238,-1.986201167
5+400,239,-1.986201167
5+400,240,-1.986201167
5+400,241,-1.986201167
5+400,242,-1.986201167
5+400,243,-1.986201167
5+400,244,-1.948696494
5+400,245,-1.948696494
5+400,246,-1.948696494
5+400,247,-1.948696494
5+400,248,-1.948696494
5+400,249,-1.912048697
5+400,250,-1.912048697
5+400,251,-1.912048697
5+400,252,-1.912048697
5+400,253,-1.912048697
5+400,254,-1.912048697
5+400,255,-1.869688869
5+400,256,-1.869688869
5+400,257,-1.869688869
5+400,258,-1.869688869
5+400,259,-1.869688869
5+400,260,-1.869688869
5+400,261,-1.869688869
5+400,262,-1.869688869
5+400,263,-1.869688869
5+400,264,-1.869688869
5+400,265,-1.869688869
5+400,266,-1.869688869
5+400,267,-1.82673049
5+400,268,-1.82673049
5+400,269,-1.82673049
5+400,270,-1.78114295
5+400,271,-1.78114295
5+400,272,-1.78114295
5+400,273,-1.78114295
5+400,274,-1.78114295
5+400,275,-1.78114295
5+400,276,-1.78114295
5+400,277,-1.78114295
5+400,278,-1.730556011
5+400,279,-1.730556011
5+400,280,-1.730556011
5+400,281,-1.730556011
5+400,282,-1.730556011
5+400,283,-1.730556011
5+400,284,-1.730556011
5+400,285,-1.730556011
5+400,286,-1.730556011
5+400,287,-1.730556011
5+400,288,-1.730556011
5+400,289,-1.681214571
5+400,290,-1.681214571
5+400,291,-1.625210285
5+400,292,-1.625210285
5+400,293,-1.625210285
5+400,294,-1.625210285
5+400,295,-1.625210285
5+400,296,-1.625210285
5+400,297,-1.625210285
5+400,298,-1.625210285
5+400,299,-1.625210285
5+400,300,-1.625210285
5+400,301,-1.577272654
5+400,302,-1.577272654
5+400,303,-1.577272654
5+400,304,-1.577272654
5+400,305,-1.577272654
5+400,306,-1.577272654
5+400,307,-1.577272654
5+400,308,-1.577272654
5+400,309,-1.577272654
5+400,310,-1.577272654
5+400,311,-1.51991868
5+400,312,-1.50009644
5+400,313,-1.50009644
5+400,314,-1.50009644
5+400,315,-1.50009644
5+400,316,-1.50009644
5+400,317,-1.50009644
5+400,318,-1.50009644
5+400,319,-1.50009644
5+400,320,-1.50009644
5+400,321,-1.50009644
5+400,322,-1.50009644
5+400,323,-1.50009644
5+400,324,-1.570529461
5+400,325,-1.570529461
5+400,326,-1.570529461
5+400,327,-1.570529461
5+400,328,-1.570529461
5+400,329,-1.570529461
5+400,330,-1.570529461
5+400,331,-1.570529461
5+400,332,-1.476865768
5+400,333,-1.476865768
5+400,334,-1.476865768
5+400,335,-1.554010868
5+400,336,-1.554010868
5+400,337,-1.554010868
5+400,338,-1.554010868
5+400,339,-1.554010868
5+400,340,-1.554010868
5+400,341,-1.554010868
5+400,342,-1.554010868
5+400,343,-1.554010868
5+400,344,-1.554010868
5+400,345,-1.554010868
5+400,346,-1.554010868
5+400,347,-1.594748497
5+400,348,-1.594748497
5+400,349,-1.594748497
5+400,350,-1.594748497
5+400,351,-1.594748497
5+400,352,-1.594748497
5+400,353,-1.603854537
5+400,354,-1.603854537
5+400,355,-1.603854537
5+400,356,-1.603854537
5+400,357,-1.603854537
5+400,358,-1.610970736
5+400,359,-1.610970736
5+400,360,-1.610970736
5+400,361,-1.610970736
5+400,362,-1.610970736
5+400,363,-1.610970736
5+400,364,-1.610970736
5+400,365,-1.610970736
5+400,366,-1.610970736
5+400,367,-1.610970736
5+400,368,-1.610970736
5+400,369,-1.563631058
5+400,370,-1.563631058
5+400,371,-1.563631058
5+400,372,-1.563631058
5+400,373,-1.563631058
5+400,374,-1.595559955
5+400,375,-1.595559955
5+400,376,-1.595559955
5+400,377,-1.595559955
5+400,378,-1.595559955
5+400,379,-1.595559955
5+400,380,-1.595559955
5+400,381,-1.506708145
5+400,382,-1.506708145
5+400,383,-1.506708145
5+400,384,-1.506708145
5+400,385,-1.506708145
5+400,386,-1.506708145
5+400,387,-1.506708145
5+400,388,-1.506708145
5+400,389,-1.506708145
5+400,390,-1.506708145
5+400,391,-1.506708145
5+400,392,-1.307050586
5+400,393,-1.307050586
5+400,394,-1.307050586
5+400,395,-1.108687878
5+400,396,-1.108687878
5+400,397,-1.108687878
5+400,398,-1.108687878
5+400,399,-1.108687878
5+400,400,-1.108687878
5+400,401,-1.108687878
5+400,402,-1.108687878
5+400,403,-1.108687878
5+400,404,-0.383581161
5+400,405,-0.383581161
5+400,406,-0.383581161
5+400,407,-0.383581161
5+400,408,-0.383581161
5+400,409,-0.383581161
5+400,410,-0.383581161
5+400,411,-0.383581161
5+400,412,-0.383581161
5+400,413,-0.383581161
5+400,414,-0.383581161
5+400,415,0.574759722
5+400,416,1.157792807
5+400,417,1.157792807
5+400,418,1.157792807
5+400,419,1.157792807
5+400,420,1.157792807
5+400,421,1.157792807
5+400,422,1.157792807
5+400,423,1.157792807
5+400,424,1.157792807
5+400,425,1.157792807
5+400,426,1.61390698
5+400,427,1.61390698
5+400,428,1.61390698
5+400,429,1.61390698
5+400,430,1.61390698
5+400,431,1.61390698
5+400,432,1.61390698
5+400,433,1.61390698
5+400,434,1.61390698
5+400,435,1.61390698
5+400,436,1.744628906
5+400,437,1.744628906
5+400,438,1.778803587
5+400,439,1.778803587
5+400,440,1.778803587
5+400,441,1.778803587
5+400,442,1.778803587
5+400,443,1.778803587
5+400,444,1.778803587
5+400,445,1.778803587
5+400,446,1.778803587
5+400,447,1.778803587
5+400,448,1.778803587
5+400,449,1.678890109
5+400,450,1.678890109
5+400,451,1.678890109
5+400,452,1.678890109
5+400,453,1.678890109
5+400,454,1.678890109
5+400,455,1.678890109
5+400,456,1.678890109
5+400,457,1.503732562
5+400,458,1.503732562
5+400,459,1.503732562
5+400,460,1.503732562
5+400,461,1.33197844
5+400,462,1.33197844
5+400,463,1.33197844
5+400,464,1.33197844
5+400,465,1.33197844
5+400,466,1.33197844
5+400,467,1.33197844
5+400,468,1.33197844
5+400,469,1.33197844
5+400,470,1.33197844
5+400,471,1.33197844
5+400,472,1.333735943
5+400,473,1.333735943
5+400,474,1.333735943
5+400,475,1.333735943
5+400,476,1.333735943
5+400,477,1.333735943
5+400,478,1.561143041
5+400,479,1.561143041
5+400,480,1.561143041
5+400,481,1.561143041
5+400,482,1.561143041
5+400,483,1.595717669
5+400,484,1.595717669
5+400,485,1.595717669
5+400,486,1.595717669
5+400,487,1.595717669
5+400,488,1.595717669
5+400,489,1.595717669
5+400,490,1.595717669
5+400,491,1.595717669
5+400,492,1.595717669
5+400,493,1.595717669
5+400,494,1.595717669
5+400,495,1.595717669
5+400,496,1.595717669
5+400,497,1.595717669
5+400,498,1.595717669
5+400,499,1.595717669
5+400,500,1.595717669
5+500,0,-2.766033649
5+500,1,-2.743233919
5+500,2,-2.743233919
5+500,3,-2.728971004
5+500,4,-2.728971004
5+500,5,-2.728971004
5+500,6,-2.728971004
5+500,7,-2.728971004
5+500,8,-2.728971004
5+500,9,-2.728971004
5+500,10,-2.728971004
5+500,11,-2.728971004
5+500,12,-2.728971004
5+500,13,-2.728971004
5+500,14,-2.728971004
5+500,15,-2.728971004
5+500,16,-2.714594364
5+500,17,-2.690776825
5+500,18,-2.690776825
5+500,19,-2.690776825
5+500,20,-2.690776825
5+500,21,-2.690776825
5+500,22,-2.690776825
5+500,23,-2.690776825
5+500,24,-2.690776825
5+500,25,-2.690776825
5+500,26,-2.690776825
5+500,27,-2.690776825
5+500,28,-2.690776825
5+500,29,-2.675796986
5+500,30,-2.675796986
5+500,31,-2.675796986
5+500,32,-2.675796986
5+500,33,-2.651379585
5+500,34,-2.651379585
5+500,35,-2.651379585
5+500,36,-2.651379585
5+500,37,-2.651379585
5+500,38,-2.651379585
5+500,39,-2.651379585
5+500,40,-2.651379585
5+500,41,-2.651379585
5+500,42,-2.635675669
5+500,43,-2.635675669
5+500,44,-2.635675669
5+500,45,-2.635675669
5+500,46,-2.635675669
5+500,47,-2.635675669
5+500,48,-2.610708952
5+500,49,-2.610708952
5+500,50,-2.610708952
5+500,51,-2.610708952
5+500,52,-2.610708952
5+500,53,-2.610708952
5+500,54,-2.610708952
5+500,55,-2.594155788
5+500,56,-2.594155788
5+500,57,-2.594155788
5+500,58,-2.594155788
5+500,59,-2.594155788
5+500,60,-2.594155788
5+500,61,-2.594155788
5+500,62,-2.594155788
5+500,63,-2.594155788
5+500,64,-2.568692207
5+500,65,-2.568692207
5+500,66,-2.568692207
5+500,67,-2.568692207
5+500,68,-2.551165104
5+500,69,-2.551165104
5+500,70,-2.551165104
5+500,71,-2.551165104
5+500,72,-2.551165104
5+500,73,-2.551165104
5+500,74,-2.551165104
5+500,75,-2.551165104
5+500,76,-2.551165104
5+500,77,-2.551165104
5+500,78,-2.551165104
5+500,79,-2.525259495
5+500,80,-2.525259495
5+500,81,-2.506634712
5+500,82,-2.506634712
5+500,83,-2.506634712
5+500,84,-2.506634712
5+500,85,-2.506634712
5+500,86,-2.506634712
5+500,87,-2.506634712
5+500,88,-2.506634712
5+500,89,-2.506634712
5+500,90,-2.506634712
5+500,91,-2.506634712
5+500,92,-2.506634712
5+500,93,-2.506634712
5+500,94,-2.487608671
5+500,95,-2.46051836
5+500,96,-2.46051836
5+500,97,-2.46051836
5+500,98,-2.46051836
5+500,99,-2.46051836
5+500,100,-2.46051836
5+500,101,-2.46051836
5+500,102,-2.46051836
5+500,103,-2.46051836
5+500,104,-2.46051836
5+500,105,-2.46051836
5+500,106,-2.46051836
5+500,107,-2.440227509
5+500,108,-2.440227509
5+500,109,-2.440227509
5+500,110,-2.440227509
5+500,111,-2.412819386
5+500,112,-2.412819386
5+500,113,-2.412819386
5+500,114,-2.412819386
5+500,115,-2.412819386
5+500,116,-2.412819386
5+500,117,-2.412819386
5+500,118,-2.412819386
5+500,119,-2.412819386
5+500,120,-2.391151905
5+500,121,-2.391151905
5+500,122,-2.391151905
5+500,123,-2.391151905
5+500,124,-2.391151905
5+500,125,-2.391151905
5+500,126,-2.363619328
5+500,127,-2.363619328
5+500,128,-2.363619328
5+500,129,-2.363619328
5+500,130,-2.363619328
5+500,131,-2.363619328
5+500,132,-2.363619328
5+500,133,-2.340476036
5+500,134,-2.340476036
5+500,135,-2.340476036
5+500,136,-2.340476036
5+500,137,-2.340476036
5+500,138,-2.340476036
5+500,139,-2.340476036
5+500,140,-2.340476036
5+500,141,-2.340476036
5+500,142,-2.31308651
5+500,143,-2.31308651
5+500,144,-2.31308651
5+500,145,-2.31308651
5+500,146,-2.288385391
5+500,147,-2.288385391
5+500,148,-2.288385391
5+500,149,-2.288385391
5+500,150,-2.288385391
5+500,151,-2.288385391
5+500,152,-2.288385391
5+500,153,-2.288385391
5+500,154,-2.288385391
5+500,155,-2.288385391
5+500,156,-2.288385391
5+500,157,-2.261471272
5+500,158,-2.261471272
5+500,159,-2.235136509
5+500,160,-2.235136509
5+500,161,-2.235136509
5+500,162,-2.235136509
5+500,163,-2.235136509
5+500,164,-2.235136509
5+500,165,-2.235136509
5+500,166,-2.235136509
5+500,167,-2.235136509
5+500,168,-2.235136509
5+500,169,-2.235136509
5+500,170,-2.235136509
5+500,171,-2.235136509
5+500,172,-2.2080369
5+500,173,-2.181045294
5+500,174,-2.181045294
5+500,175,-2.181045294
5+500,176,-2.181045294
5+500,177,-2.181045294
5+500,178,-2.181045294
5+500,179,-2.181045294
5+500,180,-2.181045294
5+500,181,-2.181045294
5+500,182,-2.181045294
5+500,183,-2.181045294
5+500,184,-2.181045294
5+500,185,-2.152070999
5+500,186,-2.152070999
5+500,187,-2.152070999
5+500,188,-2.152070999
5+500,189,-2.126475573
5+500,190,-2.126475573
5+500,191,-2.126475573
5+500,192,-2.126475573
5+500,193,-2.126475573
5+500,194,-2.126475573
5+500,195,-2.126475573
5+500,196,-2.126475573
5+500,197,-2.126475573
5+500,198,-2.095379353
5+500,199,-2.095379353
5+500,200,-2.095379353
5+500,201,-2.095379353
5+500,202,-2.095379353
5+500,203,-2.095379353
5+500,204,-2.071848631
5+500,205,-2.071848631
5+500,206,-2.071848631
5+500,207,-2.071848631
5+500,208,-2.071848631
5+500,209,-2.071848631
5+500,210,-2.071848631
5+500,211,-2.038254261
5+500,212,-2.038254261
5+500,213,-2.038254261
5+500,214,-2.038254261
5+500,215,-2.038254261
5+500,216,-2.038254261
5+500,217,-2.038254261
5+500,218,-2.038254261
5+500,219,-2.038254261
5+500,220,-2.017706871
5+500,221,-2.017706871
5+500,222,-2.017706871
5+500,223,-2.017706871
5+500,224,-1.981144309
5+500,225,-1.981144309
5+500,226,-1.981144309
5+500,227,-1.981144309
5+500,228,-1.981144309
5+500,229,-1.981144309
5+500,230,-1.981144309
5+500,231,-1.981144309
5+500,232,-1.981144309
5+500,233,-1.981144309
5+500,234,-1.981144309
5+500,235,-1.964862227
5+500,236,-1.964862227
5+500,237,-1.92495513
5+500,238,-1.92495513
5+500,239,-1.92495513
5+500,240,-1.92495513
5+500,241,-1.92495513
5+500,242,-1.92495513
5+500,243,-1.92495513
5+500,244,-1.92495513
5+500,245,-1.92495513
5+500,246,-1.92495513
5+500,247,-1.92495513
5+500,248,-1.92495513
5+500,249,-1.92495513
5+500,250,-1.92495513
5+500,251,-1.871604443
5+500,252,-1.871604443
5+500,253,-1.871604443
5+500,254,-1.871604443
5+500,255,-1.871604443
5+500,256,-1.871604443
5+500,257,-1.871604443
5+500,258,-1.871604443
5+500,259,-1.871604443
5+500,260,-1.871604443
5+500,261,-1.871604443
5+500,262,-1.871604443
5+500,263,-1.871604443
5+500,264,-1.823533297
5+500,265,-1.823533297
5+500,266,-1.824621916
5+500,267,-1.824621916
5+500,268,-1.824621916
5+500,269,-1.824621916
5+500,270,-1.824621916
5+500,271,-1.824621916
5+500,272,-1.824621916
5+500,273,-1.824621916
5+500,274,-1.824621916
5+500,275,-1.824621916
5+500,276,-1.824621916
5+500,277,-1.774822712
5+500,278,-1.774822712
5+500,279,-1.774822712
5+500,280,-1.774822712
5+500,281,-1.774822712
5+500,282,-1.78847456
5+500,283,-1.78847456
5+500,284,-1.78847456
5+500,285,-1.78847456
5+500,286,-1.78847456
5+500,287,-1.78847456
5+500,288,-1.78847456
5+500,289,-1.78847456
5+500,290,-1.741628885
5+500,291,-1.741628885
5+500,292,-1.741628885
5+500,293,-1.741628885
5+500,294,-1.741628885
5+500,295,-1.741628885
5+500,296,-1.741628885
5+500,297,-1.741628885
5+500,298,-1.763990998
5+500,299,-1.763990998
5+500,300,-1.763990998
5+500,301,-1.763990998
5+500,302,-1.763990998
5+500,303,-1.72116065
5+500,304,-1.72116065
5+500,305,-1.72116065
5+500,306,-1.72116065
5+500,307,-1.72116065
5+500,308,-1.72116065
5+500,309,-1.72116065
5+500,310,-1.72116065
5+500,311,-1.72116065
5+500,312,-1.72116065
5+500,313,-1.748887539
5+500,314,-1.748887539
5+500,315,-1.748887539
5+500,316,-1.72168529
5+500,317,-1.72168529
5+500,318,-1.72168529
5+500,319,-1.72168529
5+500,320,-1.72168529
5+500,321,-1.72168529
5+500,322,-1.72168529
5+500,323,-1.72168529
5+500,324,-1.72168529
5+500,325,-1.72168529
5+500,326,-1.72168529
5+500,327,-1.72168529
5+500,328,-1.72168529
5+500,329,-1.636071205
5+500,330,-1.636071205
5+500,331,-1.636071205
5+500,332,-1.636071205
5+500,333,-1.636071205
5+500,334,-1.636071205
5+500,335,-1.636071205
5+500,336,-1.636071205
5+500,337,-1.636071205
5+500,338,-1.636071205
5+500,339,-1.636071205
5+500,340,-1.636071205
5+500,341,-1.636071205
5+500,342,-1.682733536
5+500,343,-1.682733536
5+500,344,-1.611503363
5+500,345,-1.611503363
5+500,346,-1.611503363
5+500,347,-1.611503363
5+500,348,-1.611503363
5+500,349,-1.611503363
5+500,350,-1.611503363
5+500,351,-1.611503363
5+500,352,-1.611503363
5+500,353,-1.611503363
5+500,354,-1.611503363
5+500,355,-1.587913871
5+500,356,-1.587913871
5+500,357,-1.587913871
5+500,358,-1.587913871
5+500,359,-1.587913871
5+500,360,-1.494761109
5+500,361,-1.494761109
5+500,362,-1.494761109
5+500,363,-1.494761109
5+500,364,-1.494761109
5+500,365,-1.494761109
5+500,366,-1.494761109
5+500,367,-1.494761109
5+500,368,-1.404869556
5+500,369,-1.404869556
5+500,370,-1.404869556
5+500,371,-1.404869556
5+500,372,-1.404869556
5+500,373,-1.404869556
5+500,374,-1.404869556
5+500,375,-1.404869556
5+500,376,-1.323609233
5+500,377,-1.323609233
5+500,378,-1.323609233
5+500,379,-1.323609233
5+500,380,-1.323609233
5+500,381,-1.182659984
5+500,382,-1.182659984
5+500,383,-1.182659984
5+500,384,-1.182659984
5+500,385,-1.182659984
5+500,386,-1.182659984
5+500,387,-1.182659984
5+500,388,-1.182659984
5+500,389,-1.182659984
5+500,390,-1.182659984
5+500,391,-1.145734191
5+500,392,-1.145734191
5+500,393,-1.145734191
5+500,394,-1.015348673
5+500,395,-1.015348673
5+500,396,-1.015348673
5+500,397,-1.015348673
5+500,398,-1.015348673
5+500,399,-1.015348673
5+500,400,-1.015348673
5+500,401,-1.015348673
5+500,402,-1.015348673
5+500,403,-1.015348673
5+500,404,-1.015348673
5+500,405,-1.015348673
5+500,406,-1.015348673
5+500,407,-0.59838903
5+500,408,-0.59838903
5+500,409,-0.59838903
5+500,410,-0.59838903
5+500,411,-0.59838903
5+500,412,-0.59838903
5+500,413,-0.59838903
5+500,414,-0.59838903
5+500,415,-0.59838903
5+500,416,-0.59838903
5+500,417,-0.59838903
5+500,418,-0.59838903
5+500,419,-0.59838903
5+500,420,-0.504218638
5+500,421,-0.504218638
5+500,422,-0.220130116
5+500,423,-0.220130116
5+500,424,-0.220130116
5+500,425,-0.220130116
5+500,426,-0.220130116
5+500,427,-0.220130116
5+500,428,-0.220130116
5+500,429,-0.220130116
5+500,430,-0.220130116
5+500,431,-0.220130116
5+500,432,-0.220130116
5+500,433,-0.224575311
5+500,434,-0.224575311
5+500,435,-0.224575311
5+500,436,-0.224575311
5+500,437,-0.224575311
5+500,438,0.069918558
5+500,439,0.069918558
5+500,440,0.069918558
5+500,441,0.069918558
5+500,442,0.069918558
5+500,443,0.069918558
5+500,444,0.069918558
5+500,445,0.069918558
5+500,446,0.026792884
5+500,447,0.026792884
5+500,448,0.026792884
5+500,449,0.026792884
5+500,450,0.026792884
5+500,451,0.026792884
5+500,452,0.026792884
5+500,453,0.026792884
5+500,454,0.209401757
5+500,455,0.209401757
5+500,456,0.209401757
5+500,457,0.209401757
5+500,458,0.209401757
5+500,459,0.236724079
5+500,460,0.236724079
5+500,461,0.236724079
5+500,462,0.236724079
5+500,463,0.236724079
5+500,464,0.236724079
5+500,465,0.236724079
5+500,466,0.236724079
5+500,467,0.236724079
5+500,468,0.236724079
5+500,469,0.38069585
5+500,470,0.38069585
5+500,471,0.38069585
5+500,472,0.480599642
5+500,473,0.480599642
5+500,474,0.480599642
5+500,475,0.480599642
5+500,476,0.480599642
5+500,477,0.480599642
5+500,478,0.480599642
5+500,479,0.480599642
5+500,480,0.480599642
5+500,481,0.480599642
5+500,482,0.480599642
5+500,483,0.480599642
5+500,484,0.480599642
5+500,485,0.809023559
5+500,486,0.809023559
5+500,487,0.809023559
5+500,488,0.809023559
5+500,489,0.809023559
5+500,490,0.809023559
5+500,491,0.809023559
5+500,492,0.809023559
5+500,493,0.809023559
5+500,494,0.809023559
5+500,495,0.809023559
5+500,496,0.809023559
5+500,497,0.809023559
5+500,498,0.809023559
5+500,499,0.809023559
5+500,500,0.809023559
5+600,0,-2.797089577
5+600,1,-2.797089577
5+600,2,-2.774904251
5+600,3,-2.774904251
5+600,4,-2.761148453
5+600,5,-2.761148453
5+600,6,-2.761148453
5+600,7,-2.761148453
5+600,8,-2.761148453
5+600,9,-2.761148453
5+600,10,-2.761148453
5+600,11,-2.761148453
5+600,12,-2.761148453
5+600,13,-2.761148453
5+600,14,-2.738117933
5+600,15,-2.738117933
5+600,16,-2.738117933
5+600,17,-2.738117933
5+600,18,-2.738117933
5+600,19,-2.738117933
5+600,20,-2.723903418
5+600,21,-2.723903418
5+600,22,-2.723903418
5+600,23,-2.723903418
5+600,24,-2.723903418
5+600,25,-2.723903418
5+600,26,-2.723903418
5+600,27,-2.700041533
5+600,28,-2.700041533
5+600,29,-2.700041533
5+600,30,-2.700041533
5+600,31,-2.700041533
5+600,32,-2.700041533
5+600,33,-2.700041533
5+600,34,-2.700041533
5+600,35,-2.700041533
5+600,36,-2.68525362
5+600,37,-2.68525362
5+600,38,-2.68525362
5+600,39,-2.68525362
5+600,40,-2.66059494
5+600,41,-2.66059494
5+600,42,-2.66059494
5+600,43,-2.66059494
5+600,44,-2.66059494
5+600,45,-2.66059494
5+600,46,-2.66059494
5+600,47,-2.66059494
5+600,48,-2.66059494
5+600,49,-2.66059494
5+600,50,-2.66059494
5+600,51,-2.66059494
5+600,52,-2.645120382
5+600,53,-2.61970377
5+600,54,-2.61970377
5+600,55,-2.61970377
5+600,56,-2.61970377
5+600,57,-2.61970377
5+600,58,-2.61970377
5+600,59,-2.61970377
5+600,60,-2.61970377
5+600,61,-2.61970377
5+600,62,-2.61970377
5+600,63,-2.61970377
5+600,64,-2.61970377
5+600,65,-2.61970377
5+600,66,-2.594155788
5+600,67,-2.577290535
5+600,68,-2.577290535
5+600,69,-2.577290535
5+600,70,-2.577290535
5+600,71,-2.577290535
5+600,72,-2.577290535
5+600,73,-2.577290535
5+600,74,-2.577290535
5+600,75,-2.577290535
5+600,76,-2.577290535
5+600,77,-2.577290535
5+600,78,-2.577290535
5+600,79,-2.551165104
5+600,80,-2.551165104
5+600,81,-2.551165104
5+600,82,-2.551165104
5+600,83,-2.533282518
5+600,84,-2.533282518
5+600,85,-2.533282518
5+600,86,-2.533282518
5+600,87,-2.533282518
5+600,88,-2.533282518
5+600,89,-2.533282518
5+600,90,-2.533282518
5+600,91,-2.506634712
5+600,92,-2.506634712
5+600,93,-2.506634712
5+600,94,-2.506634712
5+600,95,-2.506634712
5+600,96,-2.506634712
5+600,97,-2.506634712
5+600,98,-2.506634712
5+600,99,-2.487608671
5+600,100,-2.487608671
5+600,101,-2.487608671
5+600,102,-2.487608671
5+600,103,-2.487608671
5+600,104,-2.46051836
5+600,105,-2.46051836
5+600,106,-2.46051836
5+600,107,-2.46051836
5+600,108,-2.46051836
5+600,109,-2.46051836
5+600,110,-2.46051836
5+600,111,-2.46051836
5+600,112,-2.46051836
5+600,113,-2.46051836
5+600,114,-2.46051836
5+600,115,-2.440227509
5+600,116,-2.440227509
5+600,117,-2.412819386
5+600,118,-2.412819386
5+600,119,-2.412819386
5+600,120,-2.412819386
5+600,121,-2.412819386
5+600,122,-2.412819386
5+600,123,-2.412819386
5+600,124,-2.412819386
5+600,125,-2.412819386
5+600,126,-2.412819386
5+600,127,-2.412819386
5+600,128,-2.412819386
5+600,129,-2.412819386
5+600,130,-2.3862257
5+600,131,-2.363619328
5+600,132,-2.363619328
5+600,133,-2.363619328
5+600,134,-2.363619328
5+600,135,-2.363619328
5+600,136,-2.363619328
5+600,137,-2.363619328
5+600,138,-2.363619328
5+600,139,-2.363619328
5+600,140,-2.363619328
5+600,141,-2.363619328
5+600,142,-2.363619328
5+600,143,-2.337204218
5+600,144,-2.337204218
5+600,145,-2.337204218
5+600,146,-2.337204218
5+600,147,-2.31308651
5+600,148,-2.31308651
5+600,149,-2.31308651
5+600,150,-2.31308651
5+600,151,-2.31308651
5+600,152,-2.31308651
5+600,153,-2.31308651
5+600,154,-2.31308651
5+600,155,-2.31308651
5+600,156,-2.287158251
5+600,157,-2.287158251
5+600,158,-2.287158251
5+600,159,-2.287158251
5+600,160,-2.287158251
5+600,161,-2.287158251
5+600,162,-2.287158251
5+600,163,-2.261471272
5+600,164,-2.261471272
5+600,165,-2.261471272
5+600,166,-2.261471272
5+600,167,-2.261471272
5+600,168,-2.236401558
5+600,169,-2.236401558
5+600,170,-2.236401558
5+600,171,-2.236401558
5+600,172,-2.236401558
5+600,173,-2.236401558
5+600,174,-2.236401558
5+600,175,-2.236401558
5+600,176,-2.236401558
5+600,177,-2.236401558
5+600,178,-2.236401558
5+600,179,-2.209097862
5+600,180,-2.209097862
5+600,181,-2.185341835
5+600,182,-2.185341835
5+600,183,-2.185341835
5+600,184,-2.185341835
5+600,185,-2.185341835
5+600,186,-2.185341835
5+600,187,-2.185341835
5+600,188,-2.185341835
5+600,189,-2.185341835
5+600,190,-2.185341835
5+600,191,-2.185341835
5+600,192,-2.185341835
5+600,193,-2.185341835
5+600,194,-2.164266109
5+600,195,-2.134490967
5+600,196,-2.134490967
5+600,197,-2.134490967
5+600,198,-2.134490967
5+600,199,-2.134490967
5+600,200,-2.134490967
5+600,201,-2.134490967
5+600,202,-2.134490967
5+600,203,-2.134490967
5+600,204,-2.134490967
5+600,205,-2.134490967
5+600,206,-2.134490967
5+600,207,-2.11577034
5+600,208,-2.11577034
5+600,209,-2.11577034
5+600,210,-2.11577034
5+600,211,-2.084470272
5+600,212,-2.084470272
5+600,213,-2.084470272
5+600,214,-2.084470272
5+600,215,-2.084470272
5+600,216,-2.084470272
5+600,217,-2.084470272
5+600,218,-2.084470272
5+600,219,-2.084470272
5+600,220,-2.068804502
5+600,221,-2.068804502
5+600,222,-2.068804502
5+600,223,-2.068804502
5+600,224,-2.068804502
5+600,225,-2.068804502
5+600,226,-2.068804502
5+600,227,-2.036030769
5+600,228,-2.036030769
5+600,229,-2.036030769
5+600,230,-2.036030769
5+600,231,-2.036030769
5+600,232,-2.036030769
5+600,233,-2.024215221
5+600,234,-2.024215221
5+600,235,-2.024215221
5+600,236,-2.024215221
5+600,237,-2.024215221
5+600,238,-2.024215221
5+600,239,-2.024215221
5+600,240,-2.024215221
5+600,241,-2.024215221
5+600,242,-1.990097284
5+600,243,-1.990097284
5+600,244,-1.990097284
5+600,245,-1.990097284
5+600,246,-1.982973695
5+600,247,-1.982973695
5+600,248,-1.982973695
5+600,249,-1.982973695
5+600,250,-1.982973695
5+600,251,-1.982973695
5+600,252,-1.982973695
5+600,253,-1.982973695
5+600,254,-1.982973695
5+600,255,-1.982973695
5+600,256,-1.982973695
5+600,257,-1.982973695
5+600,258,-1.946054339
5+600,259,-1.946054339
5+600,260,-1.946054339
5+600,261,-1.946054339
5+600,262,-1.946054339
5+600,263,-1.946054339
5+600,264,-1.946054339
5+600,265,-1.946054339
5+600,266,-1.946054339
5+600,267,-1.946054339
5+600,268,-1.946054339
5+600,269,-1.946054339
5+600,270,-1.946054339
5+600,271,-1.947968006
5+600,272,-1.947968006
5+600,273,-1.947968006
5+600,274,-1.91390419
5+600,275,-1.91390419
5+600,276,-1.91390419
5+600,277,-1.91390419
5+600,278,-1.91390419
5+600,279,-1.91390419
5+600,280,-1.91390419
5+600,281,-1.91390419
5+600,282,-1.91390419
5+600,283,-1.91390419
5+600,284,-1.920049906
5+600,285,-1.920049906
5+600,286,-1.920049906
5+600,287,-1.920049906
5+600,288,-1.920049906
5+600,289,-1.920049906
5+600,290,-1.885118008
5+600,291,-1.885118008
5+600,292,-1.885118008
5+600,293,-1.885118008
5+600,294,-1.885118008
5+600,295,-1.885118008
5+600,296,-1.885118008
5+600,297,-1.894576073
5+600,298,-1.894576073
5+600,299,-1.894576073
5+600,300,-1.894576073
5+600,301,-1.894576073
5+600,302,-1.894576073
5+600,303,-1.894576073
5+600,304,-1.894576073
5+600,305,-1.894576073
5+600,306,-1.851324081
5+600,307,-1.851324081
5+600,308,-1.851324081
5+600,309,-1.851324081
5+600,310,-1.857855082
5+600,311,-1.857855082
5+600,312,-1.857855082
5+600,313,-1.857855082
5+600,314,-1.857855082
5+600,315,-1.857855082
5+600,316,-1.857855082
5+600,317,-1.857855082
5+600,318,-1.857855082
5+600,319,-1.857855082
5+600,320,-1.857855082
5+600,321,-1.857855082
5+600,322,-1.794825435
5+600,323,-1.801047325
5+600,324,-1.801047325
5+600,325,-1.801047325
5+600,326,-1.801047325
5+600,327,-1.801047325
5+600,328,-1.801047325
5+600,329,-1.801047325
5+600,330,-1.801047325
5+600,331,-1.801047325
5+600,332,-1.801047325
5+600,333,-1.801047325
5+600,334,-1.801047325
5+600,335,-1.82173419
5+600,336,-1.82173419
5+600,337,-1.82173419
5+600,338,-1.717574835
5+600,339,-1.717574835
5+600,340,-1.717574835
5+600,341,-1.717574835
5+600,342,-1.717574835
5+600,343,-1.717574835
5+600,344,-1.717574835
5+600,345,-1.717574835
5+600,346,-1.717574835
5+600,347,-1.717574835
5+600,348,-1.736555576
5+600,349,-1.736555576
5+600,350,-1.736555576
5+600,351,-1.736555576
5+600,352,-1.736555576
5+600,353,-1.736555576
5+600,354,-1.69802928
5+600,355,-1.69802928
5+600,356,-1.69802928
5+600,357,-1.69802928
5+600,358,-1.69802928
5+600,359,-1.69802928
5+600,360,-1.69802928
5+600,361,-1.750751257
5+600,362,-1.750751257
5+600,363,-1.750751257
5+600,364,-1.750751257
5+600,365,-1.750751257
5+600,366,-1.750751257
5+600,367,-1.750751257
5+600,368,-1.750751257
5+600,369,-1.750751257
5+600,370,-1.685121894
5+600,371,-1.685121894
5+600,372,-1.685121894
5+600,373,-1.685121894
5+600,374,-1.756718636
5+600,375,-1.756718636
5+600,376,-1.756718636
5+600,377,-1.756718636
5+600,378,-1.756718636
5+600,379,-1.756718636
5+600,380,-1.756718636
5+600,381,-1.756718636
5+600,382,-1.756718636
5+600,383,-1.756718636
5+600,384,-1.756718636
5+600,385,-1.756718636
5+600,386,-1.671034455
5+600,387,-1.787964582
5+600,388,-1.787964582
5+600,389,-1.787964582
5+600,390,-1.787964582
5+600,391,-1.787964582
5+600,392,-1.787964582
5+600,393,-1.787964582
5+600,394,-1.787964582
5+600,395,-1.787964582
5+600,396,-1.787964582
5+600,397,-1.787964582
5+600,398,-1.787964582
5+600,399,-1.787964582
5+600,400,-1.761904597
5+600,401,-1.761904597
5+600,402,-1.465631604
5+600,403,-1.465631604
5+600,404,-1.465631604
5+600,405,-1.465631604
5+600,406,-1.465631604
5+600,407,-1.465631604
5+600,408,-1.465631604
5+600,409,-1.465631604
5+600,410,-1.465631604
5+600,411,-1.465631604
5+600,412,-1.465631604
5+600,413,-0.93807292
5+600,414,-0.93807292
5+600,415,-0.93807292
5+600,416,-0.93807292
5+600,417,-0.93807292
5+600,418,-0.162417442
5+600,419,-0.162417442
5+600,420,-0.162417442
5+600,421,-0.162417442
5+600,422,-0.162417442
5+600,423,-0.162417442
5+600,424,-0.162417442
5+600,425,0.767672896
5+600,426,0.767672896
5+600,427,0.767672896
5+600,428,0.767672896
5+600,429,0.767672896
5+600,430,0.767672896
5+600,431,0.767672896
5+600,432,0.767672896
5+600,433,1.454405665
5+600,434,1.454405665
5+600,435,1.454405665
5+600,436,1.454405665
5+600,437,1.454405665
5+600,438,2.088106632
5+600,439,2.088106632
5+600,440,2.088106632
5+600,441,2.088106632
5+600,442,2.088106632
5+600,443,2.088106632
5+600,444,2.088106632
5+600,445,2.088106632
5+600,446,2.088106632
5+600,447,2.088106632
5+600,448,2.088106632
5+600,449,2.383112907
5+600,450,2.383112907
5+600,451,2.607112885
5+600,452,2.607112885
5+600,453,2.607112885
5+600,454,2.607112885
5+600,455,2.607112885
5+600,456,2.607112885
5+600,457,2.607112885
5+600,458,2.607112885
5+600,459,2.607112885
5+600,460,2.607112885
5+600,461,2.607112885
5+600,462,2.607112885
5+600,463,2.607112885
5+600,464,2.652799368
5+600,465,2.616651535
5+600,466,2.616651535
5+600,467,2.616651535
5+600,468,2.616651535
5+600,469,2.616651535
5+600,470,2.616651535
5+600,471,2.616651535
5+600,472,2.616651535
5+600,473,2.616651535
5+600,474,2.616651535
5+600,475,2.616651535
5+600,476,2.616651535
5+600,477,2.539949179
5+600,478,2.539949179
5+600,479,2.539949179
5+600,480,2.539949179
5+600,481,2.472231388
5+600,482,2.472231388
5+600,483,2.472231388
5+600,484,2.472231388
5+600,485,2.472231388
5+600,486,2.472231388
5+600,487,2.472231388
5+600,488,2.472231388
5+600,489,2.472231388
5+600,490,2.415971041
5+600,491,2.415971041
5+600,492,2.415971041
5+600,493,2.415971041
5+600,494,2.415971041
5+600,495,2.415971041
5+600,496,2.415971041
5+600,497,2.415971041
5+600,498,2.415971041
5+600,499,2.415971041
5+600,500,2.415971041
5+700,0,-2.774316549
5+700,1,-2.774316549
5+700,2,-2.774316549
5+700,3,-2.758597851
5+700,4,-2.738352537
5+700,5,-2.738352537
5+700,6,-2.738352537
5+700,7,-2.738352537
5+700,8,-2.738352537
5+700,9,-2.738352537
5+700,10,-2.738352537
5+700,11,-2.738352537
5+700,12,-2.738352537
5+700,13,-2.738352537
5+700,14,-2.738352537
5+700,15,-2.738352537
5+700,16,-2.718846798
5+700,17,-2.718846798
5+700,18,-2.718846798
5+700,19,-2.702035427
5+700,20,-2.702035427
5+700,21,-2.702035427
5+700,22,-2.702035427
5+700,23,-2.702035427
5+700,24,-2.702035427
5+700,25,-2.702035427
5+700,26,-2.702035427
5+700,27,-2.702035427
5+700,28,-2.702035427
5+700,29,-2.682716846
5+700,30,-2.682716846
5+700,31,-2.682716846
5+700,32,-2.682716846
5+700,33,-2.682716846
5+700,34,-2.682716846
5+700,35,-2.665324688
5+700,36,-2.665324688
5+700,37,-2.665324688
5+700,38,-2.665324688
5+700,39,-2.665324688
5+700,40,-2.665324688
5+700,41,-2.665324688
5+700,42,-2.646265984
5+700,43,-2.646265984
5+700,44,-2.646265984
5+700,45,-2.646265984
5+700,46,-2.646265984
5+700,47,-2.646265984
5+700,48,-2.646265984
5+700,49,-2.646265984
5+700,50,-2.646265984
5+700,51,-2.628168106
5+700,52,-2.628168106
5+700,53,-2.628168106
5+700,54,-2.628168106
5+700,55,-2.609452248
5+700,56,-2.609452248
5+700,57,-2.609452248
5+700,58,-2.609452248
5+700,59,-2.609452248
5+700,60,-2.609452248
5+700,61,-2.609452248
5+700,62,-2.609452248
5+700,63,-2.609452248
5+700,64,-2.609452248
5+700,65,-2.609452248
5+700,66,-2.609452248
5+700,67,-2.590528011
5+700,68,-2.572264671
5+700,69,-2.572264671
5+700,70,-2.572264671
5+700,71,-2.572264671
5+700,72,-2.572264671
5+700,73,-2.572264671
5+700,74,-2.572264671
5+700,75,-2.572264671
5+700,76,-2.572264671
5+700,77,-2.572264671
5+700,78,-2.572264671
5+700,79,-2.572264671
5+700,80,-2.572264671
5+700,81,-2.555602551
5+700,82,-2.555602551
5+700,83,-2.534725666
5+700,84,-2.534725666
5+700,85,-2.534725666
5+700,86,-2.534725666
5+700,87,-2.534725666
5+700,88,-2.534725666
5+700,89,-2.534725666
5+700,90,-2.534725666
5+700,91,-2.534725666
5+700,92,-2.534725666
5+700,93,-2.534725666
5+700,94,-2.518863678
5+700,95,-2.518863678
5+700,96,-2.518863678
5+700,97,-2.518863678
5+700,98,-2.518863678
5+700,99,-2.496900082
5+700,100,-2.496900082
5+700,101,-2.496900082
5+700,102,-2.496900082
5+700,103,-2.496900082
5+700,104,-2.496900082
5+700,105,-2.496900082
5+700,106,-2.482021332
5+700,107,-2.482021332
5+700,108,-2.482021332
5+700,109,-2.482021332
5+700,110,-2.482021332
5+700,111,-2.482021332
5+700,112,-2.482021332
5+700,113,-2.482021332
5+700,114,-2.482021332
5+700,115,-2.458891869
5+700,116,-2.458891869
5+700,117,-2.458891869
5+700,118,-2.458891869
5+700,119,-2.445206881
5+700,120,-2.445206881
5+700,121,-2.445206881
5+700,122,-2.445206881
5+700,123,-2.445206881
5+700,124,-2.445206881
5+700,125,-2.445206881
5+700,126,-2.445206881
5+700,127,-2.445206881
5+700,128,-2.445206881
5+700,129,-2.445206881
5+700,130,-2.445206881
5+700,131,-2.420851946
5+700,132,-2.408595562
5+700,133,-2.408595562
5+700,134,-2.408595562
5+700,135,-2.408595562
5+700,136,-2.408595562
5+700,137,-2.408595562
5+700,138,-2.408595562
5+700,139,-2.408595562
5+700,140,-2.408595562
5+700,141,-2.408595562
5+700,142,-2.408595562
5+700,143,-2.408595562
5+700,144,-2.408595562
5+700,145,-2.399031162
5+700,146,-2.372381687
5+700,147,-2.372381687
5+700,148,-2.372381687
5+700,149,-2.372381687
5+700,150,-2.372381687
5+700,151,-2.372381687
5+700,152,-2.372381687
5+700,153,-2.372381687
5+700,154,-2.372381687
5+700,155,-2.372381687
5+700,156,-2.372381687
5+700,157,-2.372381687
5+700,158,-2.364679575
5+700,159,-2.364679575
5+700,160,-2.364679575
5+700,161,-2.364679575
5+700,162,-2.336765051
5+700,163,-2.336765051
5+700,164,-2.336765051
5+700,165,-2.336765051
5+700,166,-2.336765051
5+700,167,-2.336765051
5+700,168,-2.336765051
5+700,169,-2.336765051
5+700,170,-2.336765051
5+700,171,-2.331117392
5+700,172,-2.331117392
5+700,173,-2.331117392
5+700,174,-2.331117392
5+700,175,-2.331117392
5+700,176,-2.331117392
5+700,177,-2.331117392
5+700,178,-2.301942587
5+700,179,-2.301942587
5+700,180,-2.301942587
5+700,181,-2.301942587
5+700,182,-2.301942587
5+700,183,-2.298496246
5+700,184,-2.298496246
5+700,185,-2.298496246
5+700,186,-2.298496246
5+700,187,-2.298496246
5+700,188,-2.298496246
5+700,189,-2.298496246
5+700,190,-2.298496246
5+700,191,-2.298496246
5+700,192,-2.298496246
5+700,193,-2.298496246
5+700,194,-2.268115759
5+700,195,-2.268115759
5+700,196,-2.266988277
5+700,197,-2.266988277
5+700,198,-2.266988277
5+700,199,-2.266988277
5+700,200,-2.266988277
5+700,201,-2.266988277
5+700,202,-2.266988277
5+700,203,-2.266988277
5+700,204,-2.266988277
5+700,205,-2.266988277
5+700,206,-2.266988277
5+700,207,-2.266988277
5+700,208,-2.266988277
5+700,209,-2.268794537
5+700,210,-2.236872673
5+700,211,-2.236872673
5+700,212,-2.236872673
5+700,213,-2.236872673
5+700,214,-2.236872673
5+700,215,-2.236872673
5+700,216,-2.236872673
5+700,217,-2.236872673
5+700,218,-2.236872673
5+700,219,-2.236872673
5+700,220,-2.236872673
5+700,221,-2.236872673
5+700,222,-2.240991592
5+700,223,-2.240991592
5+700,224,-2.240991592
5+700,225,-2.240991592
5+700,226,-2.208631992
5+700,227,-2.208631992
5+700,228,-2.208631992
5+700,229,-2.208631992
5+700,230,-2.208631992
5+700,231,-2.208631992
5+700,232,-2.208631992
5+700,233,-2.208631992
5+700,234,-2.208631992
5+700,235,-2.217820644
5+700,236,-2.217820644
5+700,237,-2.217820644
5+700,238,-2.217820644
5+700,239,-2.217820644
5+700,240,-2.217820644
5+700,241,-2.217820644
5+700,242,-2.18596673
5+700,243,-2.18596673
5+700,244,-2.18596673
5+700,245,-2.18596673
5+700,246,-2.18596673
5+700,247,-2.18596673
5+700,248,-2.197943211
5+700,249,-2.197943211
5+700,250,-2.197943211
5+700,251,-2.197943211
5+700,252,-2.197943211
5+700,253,-2.197943211
5+700,254,-2.197943211
5+700,255,-2.197943211
5+700,256,-2.197943211
5+700,257,-2.197943211
5+700,258,-2.167346001
5+700,259,-2.167346001
5+700,260,-2.181923628
5+700,261,-2.181923628
5+700,262,-2.181923628
5+700,263,-2.181923628
5+700,264,-2.181923628
5+700,265,-2.181923628
5+700,266,-2.181923628
5+700,267,-2.181923628
5+700,268,-2.181923628
5+700,269,-2.181923628
5+700,270,-2.181923628
5+700,271,-2.181923628
5+700,272,-2.181923628
5+700,273,-2.196615934
5+700,274,-2.16988349
5+700,275,-2.16988349
5+700,276,-2.16988349
5+700,277,-2.16988349
5+700,278,-2.16988349
5+700,279,-2.16988349
5+700,280,-2.16988349
5+700,281,-2.16988349
5+700,282,-2.16988349
5+700,283,-2.16988349
5+700,284,-2.16988349
5+700,285,-2.16988349
5+700,286,-2.184751511
5+700,287,-2.184751511
5+700,288,-2.184751511
5+700,289,-2.184751511
5+700,290,-2.160718918
5+700,291,-2.160718918
5+700,292,-2.160718918
5+700,293,-2.160718918
5+700,294,-2.160718918
5+700,295,-2.160718918
5+700,296,-2.160718918
5+700,297,-2.160718918
5+700,298,-2.160718918
5+700,299,-2.173074245
5+700,300,-2.173074245
5+700,301,-2.173074245
5+700,302,-2.173074245
5+700,303,-2.173074245
5+700,304,-2.173074245
5+700,305,-2.173074245
5+700,306,-2.152063608
5+700,307,-2.152063608
5+700,308,-2.152063608
5+700,309,-2.152063608
5+700,310,-2.152063608
5+700,311,-2.152063608
5+700,312,-2.157711744
5+700,313,-2.157711744
5+700,314,-2.157711744
5+700,315,-2.157711744
5+700,316,-2.157711744
5+700,317,-2.157711744
5+700,318,-2.157711744
5+700,319,-2.157711744
5+700,320,-2.157711744
5+700,321,-2.141526699
5+700,322,-2.141526699
5+700,323,-2.141526699
5+700,324,-2.141526699
5+700,325,-2.119822025
5+700,326,-2.119822025
5+700,327,-2.119822025
5+700,328,-2.119822025
5+700,329,-2.119822025
5+700,330,-2.119822025
5+700,331,-2.119822025
5+700,332,-2.119822025
5+700,333,-2.119822025
5+700,334,-2.119822025
5+700,335,-2.119822025
5+700,336,-2.119822025
5+700,337,-2.101709366
5+700,338,-2.095675945
5+700,339,-2.095675945
5+700,340,-2.095675945
5+700,341,-2.095675945
5+700,342,-2.095675945
5+700,343,-2.095675945
5+700,344,-2.095675945
5+700,345,-2.095675945
5+700,346,-2.095675945
5+700,347,-2.095675945
5+700,348,-2.095675945
5+700,349,-2.095675945
5+700,350,-2.012244225
5+700,351,-2.012244225
5+700,352,-2.012244225
5+700,353,-1.922282219
5+700,354,-1.922282219
5+700,355,-1.922282219
5+700,356,-1.922282219
5+700,357,-1.922282219
5+700,358,-1.922282219
5+700,359,-1.922282219
5+700,360,-1.922282219
5+700,361,-1.922282219
5+700,362,-1.922282219
5+700,363,-1.846556067
5+700,364,-1.846556067
5+700,365,-1.846556067
5+700,366,-1.846556067
5+700,367,-1.846556067
5+700,368,-1.846556067
5+700,369,-1.786460638
5+700,370,-1.786460638
5+700,371,-1.786460638
5+700,372,-1.786460638
5+700,373,-1.786460638
5+700,374,-1.786460638
5+700,375,-1.786460638
5+700,376,-1.714765787
5+700,377,-1.714765787
5+700,378,-1.714765787
5+700,379,-1.714765787
5+700,380,-1.714765787
5+700,381,-1.714765787
5+700,382,-1.714765787
5+700,383,-1.714765787
5+700,384,-1.714765787
5+700,385,-1.646150947
5+700,386,-1.646150947
5+700,387,-1.646150947
5+700,388,-1.646150947
5+700,389,-1.598098516
5+700,390,-1.598098516
5+700,391,-1.598098516
5+700,392,-1.598098516
5+700,393,-1.598098516
5+700,394,-1.598098516
5+700,395,-1.598098516
5+700,396,-1.598098516
5+700,397,-1.598098516
5+700,398,-1.598098516
5+700,399,-1.598098516
5+700,400,-1.598098516
5+700,401,-1.487281799
5+700,402,-1.460031629
5+700,403,-1.460031629
5+700,404,-1.460031629
5+700,405,-1.460031629
5+700,406,-1.460031629
5+700,407,-1.460031629
5+700,408,-1.460031629
5+700,409,-1.460031629
5+700,410,-1.460031629
5+700,411,-1.460031629
5+700,412,-1.460031629
5+700,413,-1.460031629
5+700,414,-1.460031629
5+700,415,-1.212493658
5+700,416,-1.212493658
5+700,417,-1.090686083
5+700,418,-1.090686083
5+700,419,-1.090686083
5+700,420,-1.090686083
5+700,421,-1.090686083
5+700,422,-1.090686083
5+700,423,-1.090686083
5+700,424,-1.090686083
5+700,425,-1.090686083
5+700,426,-1.090686083
5+700,427,-0.351742089
5+700,428,-0.351742089
5+700,429,-0.351742089
5+700,430,-0.351742089
5+700,431,-0.351742089
5+700,432,-0.351742089
5+700,433,-0.245580822
5+700,434,-0.245580822
5+700,435,-0.245580822
5+700,436,-0.245580822
5+700,437,-0.245580822
5+700,438,-0.245580822
5+700,439,-0.245580822
5+700,440,0.563615918
5+700,441,0.563615918
5+700,442,0.563615918
5+700,443,0.563615918
5+700,444,0.563615918
5+700,445,0.563615918
5+700,446,0.563615918
5+700,447,0.563615918
5+700,448,0.563615918
5+700,449,0.429739296
5+700,450,0.429739296
5+700,451,0.429739296
5+700,452,0.429739296
5+700,453,1.164264917
5+700,454,1.164264917
5+700,455,1.164264917
5+700,456,1.164264917
5+700,457,1.164264917
5+700,458,1.164264917
5+700,459,1.164264917
5+700,460,1.164264917
5+700,461,1.164264917
5+700,462,1.164264917
5+700,463,1.164264917
5+700,464,1.164264917
5+700,465,0.941705346
5+700,466,1.492253304
5+700,467,1.492253304
5+700,468,1.492253304
5+700,469,1.492253304
5+700,470,1.492253304
5+700,471,1.492253304
5+700,472,1.492253304
5+700,473,1.492253304
5+700,474,1.492253304
5+700,475,1.492253304
5+700,476,1.492253304
5+700,477,1.492253304
5+700,478,1.492253304
5+700,479,1.900734663
5+700,480,1.900734663
5+700,481,1.715389252
5+700,482,1.715389252
5+700,483,1.715389252
5+700,484,1.715389252
5+700,485,1.715389252
5+700,486,1.715389252
5+700,487,1.715389252
5+700,488,1.715389252
5+700,489,1.715389252
5+700,490,1.715389252
5+700,491,1.715389252
5+700,492,1.987203479
5+700,493,1.987203479
5+700,494,1.987203479
5+700,495,1.987203479
5+700,496,1.987203479
5+700,497,1.987203479
5+700,498,1.987203479
5+700,499,1.987203479
5+700,500,1.987203479
5+800,0,-2.77312994
5+800,1,-2.77312994
5+800,2,-2.77312994
5+800,3,-2.758852482
5+800,4,-2.758852482
5+800,5,-2.758852482
5+800,6,-2.758852482
5+800,7,-2.758852482
5+800,8,-2.758852482
5+800,9,-2.758852482
5+800,10,-2.758852482
5+800,11,-2.758852482
5+800,12,-2.758852482
5+800,13,-2.758852482
5+800,14,-2.758852482
5+800,15,-2.725843906
5+800,16,-2.725843906
5+800,17,-2.725843906
5+800,18,-2.725843906
5+800,19,-2.725843906
5+800,20,-2.725843906
5+800,21,-2.725843906
5+800,22,-2.725843906
5+800,23,-2.725843906
5+800,24,-2.725843906
5+800,25,-2.725843906
5+800,26,-2.725843906
5+800,27,-2.713877201
5+800,28,-2.713877201
5+800,29,-2.713877201
5+800,30,-2.713877201
5+800,31,-2.713877201
5+800,32,-2.693123579
5+800,33,-2.693123579
5+800,34,-2.693123579
5+800,35,-2.693123579
5+800,36,-2.693123579
5+800,37,-2.693123579
5+800,38,-2.693123579
5+800,39,-2.682081223
5+800,40,-2.682081223
5+800,41,-2.682081223
5+800,42,-2.682081223
5+800,43,-2.682081223
5+800,44,-2.682081223
5+800,45,-2.682081223
5+800,46,-2.682081223
5+800,47,-2.682081223
5+800,48,-2.682081223
5+800,49,-2.660691023
5+800,50,-2.660691023
5+800,51,-2.660691023
5+800,52,-2.650665283
5+800,53,-2.650665283
5+800,54,-2.650665283
5+800,55,-2.650665283
5+800,56,-2.650665283
5+800,57,-2.650665283
5+800,58,-2.650665283
5+800,59,-2.650665283
5+800,60,-2.650665283
5+800,61,-2.650665283
5+800,62,-2.650665283
5+800,63,-2.650665283
5+800,64,-2.642633915
5+800,65,-2.642633915
5+800,66,-2.61963129
5+800,67,-2.61963129
5+800,68,-2.61963129
5+800,69,-2.61963129
5+800,70,-2.61963129
5+800,71,-2.61963129
5+800,72,-2.61963129
5+800,73,-2.61963129
5+800,74,-2.61963129
5+800,75,-2.61963129
5+800,76,-2.612818241
5+800,77,-2.612818241
5+800,78,-2.612818241
5+800,79,-2.612818241
5+800,80,-2.612818241
5+800,81,-2.612818241
5+800,82,-2.612818241
5+800,83,-2.588993073
5+800,84,-2.588993073
5+800,85,-2.588993073
5+800,86,-2.588993073
5+800,87,-2.588993073
5+800,88,-2.588993073
5+800,89,-2.583493233
5+800,90,-2.583493233
5+800,91,-2.583493233
5+800,92,-2.583493233
5+800,93,-2.583493233
5+800,94,-2.583493233
5+800,95,-2.583493233
5+800,96,-2.583493233
5+800,97,-2.583493233
5+800,98,-2.583493233
5+800,99,-2.583493233
5+800,100,-2.583493233
5+800,101,-2.554713726
5+800,102,-2.554713726
5+800,103,-2.554713726
5+800,104,-2.554713726
5+800,105,-2.554713726
5+800,106,-2.554713726
5+800,107,-2.554713726
5+800,108,-2.554713726
5+800,109,-2.554713726
5+800,110,-2.554713726
5+800,111,-2.554713726
5+800,112,-2.554713726
5+800,113,-2.55290699
5+800,114,-2.55290699
5+800,115,-2.55290699
5+800,116,-2.55290699
5+800,117,-2.55290699
5+800,118,-2.526566982
5+800,119,-2.526566982
5+800,120,-2.526566982
5+800,121,-2.526566982
5+800,122,-2.526566982
5+800,123,-2.526566982
5+800,124,-2.526566982
5+800,125,-2.526321411
5+800,126,-2.526321411
5+800,127,-2.526321411
5+800,128,-2.526321411
5+800,129,-2.526321411
5+800,130,-2.526321411
5+800,131,-2.526321411
5+800,132,-2.526321411
5+800,133,-2.526321411
5+800,134,-2.526321411
5+800,135,-2.499167442
5+800,136,-2.499167442
5+800,137,-2.499167442
5+800,138,-2.500553131
5+800,139,-2.500553131
5+800,140,-2.500553131
5+800,141,-2.500553131
5+800,142,-2.500553131
5+800,143,-2.500553131
5+800,144,-2.500553131
5+800,145,-2.500553131
5+800,146,-2.500553131
5+800,147,-2.500553131
5+800,148,-2.500553131
5+800,149,-2.500553131
5+800,150,-2.504080296
5+800,151,-2.504080296
5+800,152,-2.475675583
5+800,153,-2.475675583
5+800,154,-2.475675583
5+800,155,-2.475675583
5+800,156,-2.475675583
5+800,157,-2.475675583
5+800,158,-2.475675583
5+800,159,-2.475675583
5+800,160,-2.475675583
5+800,161,-2.475675583
5+800,162,-2.480760574
5+800,163,-2.480760574
5+800,164,-2.480760574
5+800,165,-2.480760574
5+800,166,-2.480760574
5+800,167,-2.480760574
5+800,168,-2.480760574
5+800,169,-2.451691151
5+800,170,-2.451691151
5+800,171,-2.451691151
5+800,172,-2.451691151
5+800,173,-2.451691151
5+800,174,-2.451691151
5+800,175,-2.458230019
5+800,176,-2.458230019
5+800,177,-2.458230019
5+800,178,-2.458230019
5+800,179,-2.458230019
5+800,180,-2.458230019
5+800,181,-2.458230019
5+800,182,-2.458230019
5+800,183,-2.458230019
5+800,184,-2.458230019
5+800,185,-2.458230019
5+800,186,-2.42847538
5+800,187,-2.437800407
5+800,188,-2.437800407
5+800,189,-2.437800407
5+800,190,-2.437800407
5+800,191,-2.437800407
5+800,192,-2.437800407
5+800,193,-2.437800407
5+800,194,-2.437800407
5+800,195,-2.437800407
5+800,196,-2.437800407
5+800,197,-2.437800407
5+800,198,-2.437800407
5+800,199,-2.448292494
5+800,200,-2.448292494
5+800,201,-2.448292494
5+800,202,-2.448292494
5+800,203,-2.448292494
5+800,204,-2.417644501
5+800,205,-2.417644501
5+800,206,-2.417644501
5+800,207,-2.417644501
5+800,208,-2.417644501
5+800,209,-2.417644501
5+800,210,-2.417644501
5+800,211,-2.428620577
5+800,212,-2.428620577
5+800,213,-2.428620577
5+800,214,-2.428620577
5+800,215,-2.428620577
5+800,216,-2.428620577
5+800,217,-2.428620577
5+800,218,-2.428620577
5+800,219,-2.428620577
5+800,220,-2.428620577
5+800,221,-2.397200108
5+800,222,-2.397200108
5+800,223,-2.397200108
5+800,224,-2.407934666
5+800,225,-2.407934666
5+800,226,-2.407934666
5+800,227,-2.407934666
5+800,228,-2.407934666
5+800,229,-2.407934666
5+800,230,-2.407934666
5+800,231,-2.407934666
5+800,232,-2.407934666
5+800,233,-2.407934666
5+800,234,-2.407934666
5+800,235,-2.407934666
5+800,236,-2.41822052
5+800,237,-2.41822052
5+800,238,-2.385276318
5+800,239,-2.385276318
5+800,240,-2.385276318
5+800,241,-2.385276318
5+800,242,-2.385276318
5+800,243,-2.385276318
5+800,244,-2.385276318
5+800,245,-2.385276318
5+800,246,-2.385276318
5+800,247,-2.385276318
5+800,248,-2.393351555
5+800,249,-2.393351555
5+800,250,-2.393351555
5+800,251,-2.393351555
5+800,252,-2.393351555
5+800,253,-2.393351555
5+800,254,-2.393351555
5+800,255,-2.359648705
5+800,256,-2.359648705
5+800,257,-2.359648705
5+800,258,-2.359648705
5+800,259,-2.359648705
5+800,260,-2.359648705
5+800,261,-2.363934517
5+800,262,-2.363934517
5+800,263,-2.363934517
5+800,264,-2.363934517
5+800,265,-2.363934517
5+800,266,-2.363934517
5+800,267,-2.363934517
5+800,268,-2.363934517
5+800,269,-2.363934517
5+800,270,-2.363934517
5+800,271,-2.363934517
5+800,272,-2.329968214
5+800,273,-2.325451612
5+800,274,-2.325451612
5+800,275,-2.325451612
5+800,276,-2.325451612
5+800,277,-2.325451612
5+800,278,-2.325451612
5+800,279,-2.325451612
5+800,280,-2.325451612
5+800,281,-2.325451612
5+800,282,-2.325451612
5+800,283,-2.325451612
5+800,284,-2.325451612
5+800,285,-2.318430424
5+800,286,-2.318430424
5+800,287,-2.318430424
5+800,288,-2.318430424
5+800,289,-2.279889822
5+800,290,-2.279889822
5+800,291,-2.279889822
5+800,292,-2.279889822
5+800,293,-2.279889822
5+800,294,-2.279889822
5+800,295,-2.279889822
5+800,296,-2.279889822
5+800,297,-2.271078587
5+800,298,-2.271078587
5+800,299,-2.271078587
5+800,300,-2.271078587
5+800,301,-2.271078587
5+800,302,-2.271078587
5+800,303,-2.271078587
5+800,304,-2.271078587
5+800,305,-2.271078587
5+800,306,-2.271078587
5+800,307,-2.218777895
5+800,308,-2.218777895
5+800,309,-2.218777895
5+800,310,-2.19983077
5+800,311,-2.19983077
5+800,312,-2.19983077
5+800,313,-2.19983077
5+800,314,-2.19983077
5+800,315,-2.19983077
5+800,316,-2.19983077
5+800,317,-2.19983077
5+800,318,-2.19983077
5+800,319,-2.19983077
5+800,320,-2.19983077
5+800,321,-2.19983077
5+800,322,-2.176768303
5+800,323,-2.176768303
5+800,324,-2.112699032
5+800,325,-2.112699032
5+800,326,-2.112699032
5+800,327,-2.112699032
5+800,328,-2.112699032
5+800,329,-2.112699032
5+800,330,-2.112699032
5+800,331,-2.112699032
5+800,332,-2.112699032
5+800,333,-2.112699032
5+800,334,-2.073094606
5+800,335,-2.073094606
5+800,336,-2.073094606
5+800,337,-2.073094606
5+800,338,-2.073094606
5+800,339,-2.073094606
5+800,340,-2.073094606
5+800,341,-2.008156538
5+800,342,-2.008156538
5+800,343,-2.008156538
5+800,344,-2.008156538
5+800,345,-2.008156538
5+800,346,-2.008156538
5+800,347,-1.935019732
5+800,348,-1.935019732
5+800,349,-1.935019732
5+800,350,-1.935019732
5+800,351,-1.935019732
5+800,352,-1.935019732
5+800,353,-1.935019732
5+800,354,-1.935019732
5+800,355,-1.935019732
5+800,356,-1.935019732
5+800,357,-1.935019732
5+800,358,-1.838709831
5+800,359,-1.741315603
5+800,360,-1.741315603
5+800,361,-1.741315603
5+800,362,-1.741315603
5+800,363,-1.741315603
5+800,364,-1.741315603
5+800,365,-1.741315603
5+800,366,-1.741315603
5+800,367,-1.741315603
5+800,368,-1.741315603
5+800,369,-1.741315603
5+800,370,-1.741315603
5+800,371,-1.646159291
5+800,372,-1.646159291
5+800,373,-1.646159291
5+800,374,-1.646159291
5+800,375,-1.505260348
5+800,376,-1.505260348
5+800,377,-1.505260348
5+800,378,-1.505260348
5+800,379,-1.505260348
5+800,380,-1.505260348
5+800,381,-1.505260348
5+800,382,-1.505260348
5+800,383,-1.46048677
5+800,384,-1.46048677
5+800,385,-1.46048677
5+800,386,-1.46048677
5+800,387,-1.46048677
5+800,388,-1.46048677
5+800,389,-1.46048677
5+800,390,-1.46048677
5+800,391,-1.46048677
5+800,392,-1.46048677
5+800,393,-1.27849102
5+800,394,-1.27849102
5+800,395,-1.27849102
5+800,396,-1.292223334
5+800,397,-1.292223334
5+800,398,-1.292223334
5+800,399,-1.292223334
5+800,400,-1.292223334
5+800,401,-1.292223334
5+800,402,-1.292223334
5+800,403,-1.292223334
5+800,404,-1.292223334
5+800,405,-1.292223334
5+800,406,-1.292223334
5+800,407,-1.292223334
5+800,408,-1.050058007
5+800,409,-1.050058007
5+800,410,-1.106123447
5+800,411,-1.106123447
5+800,412,-1.106123447
5+800,413,-1.106123447
5+800,414,-1.106123447
5+800,415,-1.106123447
5+800,416,-1.106123447
5+800,417,-1.106123447
5+800,418,-1.106123447
5+800,419,-1.106123447
5+800,420,-0.523245633
5+800,421,-0.523245633
5+800,422,-0.523245633
5+800,423,-0.523245633
5+800,424,-0.523245633
5+800,425,-0.523245633
5+800,426,-0.523245633
5+800,427,-0.200287819
5+800,428,-0.200287819
5+800,429,-0.200287819
5+800,430,-0.200287819
5+800,431,-0.200287819
5+800,432,-0.200287819
5+800,433,0.185119137
5+800,434,0.185119137
5+800,435,0.185119137
5+800,436,0.185119137
5+800,437,0.185119137
5+800,438,0.185119137
5+800,439,0.185119137
5+800,440,0.185119137
5+800,441,0.185119137
5+800,442,0.185119137
5+800,443,0.185119137
5+800,444,0.619197845
5+800,445,0.902502418
5+800,446,0.902502418
5+800,447,0.902502418
5+800,448,0.902502418
5+800,449,0.902502418
5+800,450,0.902502418
5+800,451,0.902502418
5+800,452,0.902502418
5+800,453,0.902502418
5+800,454,0.902502418
5+800,455,0.902502418
5+800,456,0.902502418
5+800,457,1.307557583
5+800,458,1.307557583
5+800,459,1.307557583
5+800,460,1.307557583
5+800,461,1.604167342
5+800,462,1.604167342
5+800,463,1.604167342
5+800,464,1.604167342
5+800,465,1.604167342
5+800,466,1.604167342
5+800,467,1.604167342
5+800,468,1.604167342
5+800,469,1.92992878
5+800,470,1.92992878
5+800,471,1.92992878
5+800,472,1.92992878
5+800,473,1.92992878
5+800,474,1.92992878
5+800,475,1.92992878
5+800,476,1.92992878
5+800,477,1.92992878
5+800,478,2.171568394
5+800,479,2.171568394
5+800,480,2.171568394
5+800,481,2.171568394
5+800,482,2.439294815
5+800,483,2.439294815
5+800,484,2.439294815
5+800,485,2.439294815
5+800,486,2.439294815
5+800,487,2.439294815
5+800,488,2.439294815
5+800,489,2.439294815
5+800,490,2.439294815
5+800,491,2.439294815
5+800,492,2.439294815
5+800,493,2.439294815
5+800,494,2.704822063
5+800,495,2.704822063
5+800,496,2.704822063
5+800,497,2.704822063
5+800,498,2.704822063
5+800,499,2.704822063
5+800,500,2.704822063
5+900,0,-2.838010788
5+900,1,-2.838010788
5+900,2,-2.838010788
5+900,3,-2.838010788
5+900,4,-2.838010788
5+900,5,-2.838010788
5+900,6,-2.838010788
5+900,7,-2.838010788
5+900,8,-2.838010788
5+900,9,-2.838010788
5+900,10,-2.838010788
5+900,11,-2.838010788
5+900,12,-2.833553553
5+900,13,-2.833553553
5+900,14,-2.833553553
5+900,15,-2.833553553
5+900,16,-2.833553553
5+900,17,-2.833553553
5+900,18,-2.833553553
5+900,19,-2.810072899
5+900,20,-2.810072899
5+900,21,-2.810072899
5+900,22,-2.810072899
5+900,23,-2.810072899
5+900,24,-2.806798935
5+900,25,-2.806798935
5+900,26,-2.806798935
5+900,27,-2.806798935
5+900,28,-2.806798935
5+900,29,-2.806798935
5+900,30,-2.806798935
5+900,31,-2.806798935
5+900,32,-2.806798935
5+900,33,-2.806798935
5+900,34,-2.806798935
5+900,35,-2.806798935
5+900,36,-2.805191517
5+900,37,-2.805191517
5+900,38,-2.78092432
5+900,39,-2.78092432
5+900,40,-2.78092432
5+900,41,-2.78092432
5+900,42,-2.78092432
5+900,43,-2.78092432
5+900,44,-2.78092432
5+900,45,-2.78092432
5+900,46,-2.78092432
5+900,47,-2.78092432
5+900,48,-2.780562878
5+900,49,-2.780562878
5+900,50,-2.780562878
5+900,51,-2.780562878
5+900,52,-2.780562878
5+900,53,-2.780562878
5+900,54,-2.780562878
5+900,55,-2.780562878
5+900,56,-2.755930185
5+900,57,-2.755930185
5+900,58,-2.755930185
5+900,59,-2.756827831
5+900,60,-2.756827831
5+900,61,-2.756827831
5+900,62,-2.756827831
5+900,63,-2.756827831
5+900,64,-2.756827831
5+900,65,-2.756827831
5+900,66,-2.756827831
5+900,67,-2.756827831
5+900,68,-2.756827831
5+900,69,-2.756827831
5+900,70,-2.756827831
5+900,71,-2.759305954
5+900,72,-2.759305954
5+900,73,-2.759305954
5+900,74,-2.759305954
5+900,75,-2.733942032
5+900,76,-2.733942032
5+900,77,-2.733942032
5+900,78,-2.733942032
5+900,79,-2.733942032
5+900,80,-2.733942032
5+900,81,-2.733942032
5+900,82,-2.733942032
5+900,83,-2.73762989
5+900,84,-2.73762989
5+900,85,-2.73762989
5+900,86,-2.73762989
5+900,87,-2.73762989
5+900,88,-2.73762989
5+900,89,-2.73762989
5+900,90,-2.73762989
5+900,91,-2.73762989
5+900,92,-2.73762989
5+900,93,-2.73762989
5+900,94,-2.711838722
5+900,95,-2.716689587
5+900,96,-2.716689587
5+900,97,-2.716689587
5+900,98,-2.716689587
5+900,99,-2.716689587
5+900,100,-2.716689587
5+900,101,-2.716689587
5+900,102,-2.716689587
5+900,103,-2.716689587
5+900,104,-2.716689587
5+900,105,-2.716689587
5+900,106,-2.716689587
5+900,107,-2.722816944
5+900,108,-2.722816944
5+900,109,-2.722816944
5+900,110,-2.722816944
5+900,111,-2.722816944
5+900,112,-2.722816944
5+900,113,-2.696391582
5+900,114,-2.696391582
5+900,115,-2.696391582
5+900,116,-2.696391582
5+900,117,-2.696391582
5+900,118,-2.696391582
5+900,119,-2.703504562
5+900,120,-2.703504562
5+900,121,-2.703504562
5+900,122,-2.703504562
5+900,123,-2.703504562
5+900,124,-2.703504562
5+900,125,-2.703504562
5+900,126,-2.703504562
5+900,127,-2.703504562
5+900,128,-2.703504562
5+900,129,-2.703504562
5+900,130,-2.711555958
5+900,131,-2.684653282
5+900,132,-2.684653282
5+900,133,-2.684653282
5+900,134,-2.684653282
5+900,135,-2.684653282
5+900,136,-2.684653282
5+900,137,-2.684653282
5+900,138,-2.684653282
5+900,139,-2.684653282
5+900,140,-2.684653282
5+900,141,-2.684653282
5+900,142,-2.694211483
5+900,143,-2.694211483
5+900,144,-2.694211483
5+900,145,-2.694211483
5+900,146,-2.694211483
5+900,147,-2.694211483
5+900,148,-2.694211483
5+900,149,-2.694211483
5+900,150,-2.667041302
5+900,151,-2.667041302
5+900,152,-2.667041302
5+900,153,-2.667041302
5+900,154,-2.677293301
5+900,155,-2.677293301
5+900,156,-2.677293301
5+900,157,-2.677293301
5+900,158,-2.677293301
5+900,159,-2.677293301
5+900,160,-2.677293301
5+900,161,-2.677293301
5+900,162,-2.677293301
5+900,163,-2.677293301
5+900,164,-2.677293301
5+900,165,-2.677293301
5+900,166,-2.68791151
5+900,167,-2.68791151
5+900,168,-2.68791151
5+900,169,-2.660784006
5+900,170,-2.660784006
5+900,171,-2.660784006
5+900,172,-2.660784006
5+900,173,-2.660784006
5+900,174,-2.660784006
5+900,175,-2.660784006
5+900,176,-2.660784006
5+900,177,-2.660784006
5+900,178,-2.671887636
5+900,179,-2.671887636
5+900,180,-2.671887636
5+900,181,-2.671887636
5+900,182,-2.671887636
5+900,183,-2.671887636
5+900,184,-2.671887636
5+900,185,-2.671887636
5+900,186,-2.671887636
5+900,187,-2.671887636
5+900,188,-2.644701481
5+900,189,-2.656245232
5+900,190,-2.656245232
5+900,191,-2.656245232
5+900,192,-2.656245232
5+900,193,-2.656245232
5+900,194,-2.656245232
5+900,195,-2.656245232
5+900,196,-2.656245232
5+900,197,-2.656245232
5+900,198,-2.656245232
5+900,199,-2.656245232
5+900,200,-2.656245232
5+900,201,-2.667733192
5+900,202,-2.667733192
5+900,203,-2.667733192
5+900,204,-2.667733192
5+900,205,-2.667733192
5+900,206,-2.641005993
5+900,207,-2.641005993
5+900,208,-2.641005993
5+900,209,-2.641005993
5+900,210,-2.641005993
5+900,211,-2.641005993
5+900,212,-2.641005993
5+900,213,-2.652898073
5+900,214,-2.652898073
5+900,215,-2.652898073
5+900,216,-2.652898073
5+900,217,-2.652898073
5+900,218,-2.652898073
5+900,219,-2.652898073
5+900,220,-2.652898073
5+900,221,-2.652898073
5+900,222,-2.652898073
5+900,223,-2.652898073
5+900,224,-2.652898073
5+900,225,-2.63858223
5+900,226,-2.63858223
5+900,227,-2.63858223
5+900,228,-2.63858223
5+900,229,-2.63858223
5+900,230,-2.63858223
5+900,231,-2.63858223
5+900,232,-2.63858223
5+900,233,-2.63858223
5+900,234,-2.63858223
5+900,235,-2.63858223
5+900,236,-2.63858223
5+900,237,-2.651169777
5+900,238,-2.651169777
5+900,239,-2.651169777
5+900,240,-2.651169777
5+900,241,-2.651169777
5+900,242,-2.651169777
5+900,243,-2.651169777
5+900,244,-2.625097752
5+900,245,-2.625097752
5+900,246,-2.625097752
5+900,247,-2.625097752
5+900,248,-2.625097752
5+900,249,-2.63932848
5+900,250,-2.63932848
5+900,251,-2.63932848
5+900,252,-2.63932848
5+900,253,-2.63932848
5+900,254,-2.63932848
5+900,255,-2.63932848
5+900,256,-2.63932848
5+900,257,-2.63932848
5+900,258,-2.63932848
5+900,259,-2.63932848
5+900,260,-2.655405283
5+900,261,-2.655405283
5+900,262,-2.637702703
5+900,263,-2.637702703
5+900,264,-2.637702703
5+900,265,-2.637702703
5+900,266,-2.637702703
5+900,267,-2.637702703
5+900,268,-2.637702703
5+900,269,-2.637702703
5+900,270,-2.637702703
5+900,271,-2.637702703
5+900,272,-2.658918381
5+900,273,-2.658918381
5+900,274,-2.658918381
5+900,275,-2.658918381
5+900,276,-2.658918381
5+900,277,-2.658918381
5+900,278,-2.658918381
5+900,279,-2.658918381
5+900,280,-2.658918381
5+900,281,-2.64160943
5+900,282,-2.64160943
5+900,283,-2.64160943
5+900,284,-2.626329422
5+900,285,-2.626329422
5+900,286,-2.626329422
5+900,287,-2.626329422
5+900,288,-2.626329422
5+900,289,-2.626329422
5+900,290,-2.626329422
5+900,291,-2.626329422
5+900,292,-2.626329422
5+900,293,-2.626329422
5+900,294,-2.626329422
5+900,295,-2.626329422
5+900,296,-2.567831516
5+900,297,-2.567831516
5+900,298,-2.567831516
5+900,299,-2.567831516
5+900,300,-2.509761333
5+900,301,-2.509761333
5+900,302,-2.509761333
5+900,303,-2.509761333
5+900,304,-2.509761333
5+900,305,-2.509761333
5+900,306,-2.509761333
5+900,307,-2.509761333
5+900,308,-2.325275898
5+900,309,-2.325275898
5+900,310,-2.325275898
5+900,311,-2.325275898
5+900,312,-2.325275898
5+900,313,-2.325275898
5+900,314,-2.325275898
5+900,315,-2.325275898
5+900,316,-2.325275898
5+900,317,-2.325275898
5+900,318,-2.325275898
5+900,319,-1.982809305
5+900,320,-1.982809305
5+900,321,-1.982809305
5+900,322,-1.982809305
5+900,323,-1.982809305
5+900,324,-1.982809305
5+900,325,-1.982809305
5+900,326,-1.982809305
5+900,327,-1.982809305
5+900,328,-1.982809305
5+900,329,-1.982809305
5+900,330,-1.982809305
5+900,331,-1.680300832
5+900,332,-1.680300832
5+900,333,-1.680300832
5+900,334,-1.680300832
5+900,335,-1.680300832
5+900,336,-1.680300832
5+900,337,-1.616452217
5+900,338,-1.616452217
5+900,339,-1.616452217
5+900,340,-1.616452217
5+900,341,-1.616452217
5+900,342,-1.616452217
5+900,343,-1.279877543
5+900,344,-1.279877543
5+900,345,-1.279877543
5+900,346,-1.279877543
5+900,347,-1.279877543
5+900,348,-1.279877543
5+900,349,-1.279877543
5+900,350,-1.279877543
5+900,351,-1.279877543
5+900,352,-1.279877543
5+900,353,-1.279877543
5+900,354,-1.279877543
5+900,355,-1.054087043
5+900,356,-1.118949175
5+900,357,-1.118949175
5+900,358,-1.118949175
5+900,359,-1.118949175
5+900,360,-1.118949175
5+900,361,-1.118949175
5+900,362,-1.118949175
5+900,363,-1.118949175
5+900,364,-1.118949175
5+900,365,-1.118949175
5+900,366,-1.118949175
5+900,367,-0.815934062
5+900,368,-0.815934062
5+900,369,-0.815934062
5+900,370,-0.815934062
5+900,371,-0.815934062
5+900,372,-0.815934062
5+900,373,-0.815934062
5+900,374,-0.815934062
5+900,375,-0.914251924
5+900,376,-0.914251924
5+900,377,-0.914251924
5+900,378,-0.914251924
5+900,379,-0.392856687
5+900,380,-0.392856687
5+900,381,-0.392856687
5+900,382,-0.392856687
5+900,383,-0.392856687
5+900,384,-0.392856687
5+900,385,-0.392856687
5+900,386,-0.392856687
5+900,387,-0.392856687
5+900,388,-0.392856687
5+900,389,-0.392856687
5+900,390,0.155475646
5+900,391,0.155475646
5+900,392,0.155475646
5+900,393,0.337448001
5+900,394,0.337448001
5+900,395,0.337448001
5+900,396,0.337448001
5+900,397,0.337448001
5+900,398,0.337448001
5+900,399,0.337448001
5+900,400,0.337448001
5+900,401,0.337448001
5+900,402,0.961739302
5+900,403,0.961739302
5+900,404,0.961739302
5+900,405,0.961739302
5+900,406,0.961739302
5+900,407,0.961739302
5+900,408,0.961739302
5+900,409,0.961739302
5+900,410,0.961739302
5+900,411,0.961739302
5+900,412,1.284778953
5+900,413,1.284778953
5+900,414,1.932589412
5+900,415,1.932589412
5+900,416,1.932589412
5+900,417,1.932589412
5+900,418,1.932589412
5+900,419,1.932589412
5+900,420,1.932589412
5+900,421,1.932589412
5+900,422,1.932589412
5+900,423,1.932589412
5+900,424,1.932589412
5+900,425,1.932589412
5+900,426,2.174013138
5+900,427,2.174013138
5+900,428,2.174013138
5+900,429,2.174013138
5+900,430,2.174013138
5+900,431,2.408974171
5+900,432,2.408974171
5+900,433,2.408974171
5+900,434,2.408974171
5+900,435,2.408974171
5+900,436,2.408974171
5+900,437,2.408974171
5+900,438,2.424843073
5+900,439,2.424843073
5+900,440,2.424843073
5+900,441,2.424843073
5+900,442,2.424843073
5+900,443,2.424843073
5+900,444,2.424843073
5+900,445,2.424843073
5+900,446,2.424843073
5+900,447,2.424843073
5+900,448,2.424843073
5+900,449,2.52954483
5+900,450,2.582806349
5+900,451,2.582806349
5+900,452,2.582806349
5+900,453,2.582806349
5+900,454,2.582806349
5+900,455,2.582806349
5+900,456,2.582806349
5+900,457,2.582806349
5+900,458,2.582806349
5+900,459,2.582806349
5+900,460,2.582806349
5+900,461,2.714598179
5+900,462,2.714598179
5+900,463,2.714598179
5+900,464,2.714598179
5+900,465,2.714598179
5+900,466,2.714598179
5+900,467,2.714598179
5+900,468,2.790890694
5+900,469,2.790890694
5+900,470,2.790890694
5+900,471,2.790890694
5+900,472,2.790890694
5+900,473,2.897721052
5+900,474,2.897721052
5+900,475,2.897721052
5+900,476,2.897721052
5+900,477,2.897721052
5+900,478,2.897721052
5+900,479,2.897721052
5+900,480,2.897721052
5+900,481,2.897721052
5+900,482,2.897721052
5+900,483,2.897721052
5+900,484,2.897721052
5+900,485,2.989818811
5+900,486,2.989818811
5+900,487,3.041273117
5+900,488,3.041273117
5+900,489,3.041273117
5+900,490,3.041273117
5+900,491,3.041273117
5+900,492,3.041273117
5+900,493,3.041273117
5+900,494,3.041273117
5+900,495,3.041273117
5+900,496,3.041273117
5+900,497,3.041273117
5+900,498,3.041273117
5+900,499,3.041273117
5+900,500,3.041273117
6+000,0,-3.06273
6+000,1,-2.774643
6+000,2,-2.884003
6+000,3,-2.950671
6+000,4,-3.171991
6+000,5,-3.172003
6+000,6,-3.220958
6+000,7,-2.816912
6+000,8,-2.949442
6+000,9,-2.895964
6+000,10,-3.239708
6+000,11,-2.765045
6+000,12,-2.833779
6+000,13,-3.14383
6+000,14,-3.159088
6+000,15,-3.158298
6+000,16,-3.097879
6+000,17,-2.987622
6+000,18,-3.034027
6+000,19,-3.104385
6+000,20,-2.944074
6+000,21,-3.180253
6+000,22,-3.103928
6+000,23,-3.066819
6+000,24,-3.021965
6+000,25,-2.857412
6+000,26,-3.150163
6+000,27,-2.992883
6+000,28,-2.953793
6+000,29,-3.226775
6+000,30,-2.946228
6+000,31,-3.164738
6+000,32,-3.217474
6+000,33,-2.775557
6+000,34,-2.767184
6+000,35,-2.845801
6+000,36,-3.097693
6+000,37,-3.201164
6+000,38,-2.907883
6+000,39,-3.029924
6+000,40,-3.188981
6+000,41,-3.002412
6+000,42,-3.232806
6+000,43,-2.79534
6+000,44,-3.12061
6+000,45,-2.918739
6+000,46,-3.094144
6+000,47,-2.989966
6+000,48,-2.976645
6+000,49,-3.157573
6+000,50,-2.765208
6+000,51,-2.862434
6+000,52,-2.780251
6+000,53,-2.802586
6+000,54,-2.95105
6+000,55,-2.789063
6+000,56,-3.205754
6+000,57,-3.152009
6+000,58,-3.227386
6+000,59,-3.087335
6+000,60,-3.055661
6+000,61,-3.114325
6+000,62,-2.835631
6+000,63,-3.071623
6+000,64,-3.109533
6+000,65,-2.978652
6+000,66,-3.179538
6+000,67,-2.848902
6+000,68,-3.212725
6+000,69,-2.756557
6+000,70,-2.863878
6+000,71,-3.150642
6+000,72,-3.247239
6+000,73,-2.842269
6+000,74,-2.896571
6+000,75,-2.885496
6+000,76,-2.864365
6+000,77,-3.212978
6+000,78,-3.070767
6+000,79,-3.192065
6+000,80,-2.818448
6+000,81,-2.938351
6+000,82,-3.084551
6+000,83,-3.218221
6+000,84,-3.094509
6+000,85,-3.087408
6+000,86,-2.885197
6+000,87,-2.931221
6+000,88,-2.806394
6+000,89,-3.013893
6+000,90,-3.190203
6+000,91,-2.893378
6+000,92,-2.869607
6+000,93,-2.969361
6+000,94,-2.864516
6+000,95,-3.003102
6+000,96,-2.988634
6+000,97,-3.036229
6+000,98,-3.23729
6+000,99,-3.196054
6+000,100,-2.950623751
6+000,101,-2.950623751
6+000,102,-2.950623751
6+000,103,-2.950623751
6+000,104,-2.950623751
6+000,105,-2.927410603
6+000,106,-2.927410603
6+000,107,-2.927410603
6+000,108,-2.927410603
6+000,109,-2.934100628
6+000,110,-2.934100628
6+000,111,-2.934100628
6+000,112,-2.934100628
6+000,113,-2.934100628
6+000,114,-2.934100628
6+000,115,-2.934100628
6+000,116,-2.934100628
6+000,117,-2.934100628
6+000,118,-2.934100628
6+000,119,-2.934100628
6+000,120,-2.934100628
6+000,121,-2.940015078
6+000,122,-2.940015078
6+000,123,-2.917370796
6+000,124,-2.917370796
6+000,125,-2.917370796
6+000,126,-2.917370796
6+000,127,-2.917370796
6+000,128,-2.917370796
6+000,129,-2.917370796
6+000,130,-2.917370796
6+000,131,-2.917370796
6+000,132,-2.917370796
6+000,133,-2.922466278
6+000,134,-2.922466278
6+000,135,-2.922466278
6+000,136,-2.922466278
6+000,137,-2.922466278
6+000,138,-2.922466278
6+000,139,-2.922466278
6+000,140,-2.922466278
6+000,141,-2.922466278
6+000,142,-2.900149345
6+000,143,-2.900149345
6+000,144,-2.900149345
6+000,145,-2.90402174
6+000,146,-2.90402174
6+000,147,-2.90402174
6+000,148,-2.90402174
6+000,149,-2.90402174
6+000,150,-2.90402174
6+000,151,-2.90402174
6+000,152,-2.90402174
6+000,153,-2.90402174
6+000,154,-2.90402174
6+000,155,-2.90402174
6+000,156,-2.905613422
6+000,157,-2.905613422
6+000,158,-2.905613422
6+000,159,-2.905613422
6+000,160,-2.905613422
6+000,161,-2.884476662
6+000,162,-2.884476662
6+000,163,-2.884476662
6+000,164,-2.884476662
6+000,165,-2.884476662
6+000,166,-2.884476662
6+000,167,-2.884476662
6+000,168,-2.88380909
6+000,169,-2.88380909
6+000,170,-2.88380909
6+000,171,-2.88380909
6+000,172,-2.88380909
6+000,173,-2.88380909
6+000,174,-2.88380909
6+000,175,-2.88380909
6+000,176,-2.88380909
6+000,177,-2.88380909
6+000,178,-2.88380909
6+000,179,-2.863866568
6+000,180,-2.860666513
6+000,181,-2.860666513
6+000,182,-2.860666513
6+000,183,-2.860666513
6+000,184,-2.860666513
6+000,185,-2.860666513
6+000,186,-2.860666513
6+000,187,-2.860666513
6+000,188,-2.860666513
6+000,189,-2.860666513
6+000,190,-2.860666513
6+000,191,-2.860666513
6+000,192,-2.84896946
6+000,193,-2.84896946
6+000,194,-2.84896946
6+000,195,-2.84896946
6+000,196,-2.84896946
6+000,197,-2.84896946
6+000,198,-2.833726406
6+000,199,-2.833726406
6+000,200,-2.833726406
6+000,201,-2.833726406
6+000,202,-2.833726406
6+000,203,-2.833726406
6+000,204,-2.818250656
6+000,205,-2.818250656
6+000,206,-2.818250656
6+000,207,-2.818250656
6+000,208,-2.818250656
6+000,209,-2.818250656
6+000,210,-2.818250656
6+000,211,-2.818250656
6+000,212,-2.818250656
6+000,213,-2.818250656
6+000,214,-2.818250656
6+000,215,-2.796423912
6+000,216,-2.796423912
6+000,217,-2.788368464
6+000,218,-2.788368464
6+000,219,-2.788368464
6+000,220,-2.788368464
6+000,221,-2.788368464
6+000,222,-2.788368464
6+000,223,-2.788368464
6+000,224,-2.788368464
6+000,225,-2.788368464
6+000,226,-2.788368464
6+000,227,-2.763108015
6+000,228,-2.763108015
6+000,229,-2.763108015
6+000,230,-2.763108015
6+000,231,-2.763108015
6+000,232,-2.763108015
6+000,233,-2.763108015
6+000,234,-2.763108015
6+000,235,-2.763108015
6+000,236,-2.761795044
6+000,237,-2.761795044
6+000,238,-2.761795044
6+000,239,-2.734575748
6+000,240,-2.734575748
6+000,241,-2.734575748
6+000,242,-2.734575748
6+000,243,-2.734575748
6+000,244,-2.734575748
6+000,245,-2.734575748
6+000,246,-2.734575748
6+000,247,-2.734575748
6+000,248,-2.734575748
6+000,249,-2.734575748
6+000,250,-2.734575748
6+000,251,-2.698501587
6+000,252,-2.698501587
6+000,253,-2.698501587
6+000,254,-2.713306904
6+000,255,-2.713306904
6+000,256,-2.713306904
6+000,257,-2.713306904
6+000,258,-2.713306904
6+000,259,-2.713306904
6+000,260,-2.713306904
6+000,261,-2.713306904
6+000,262,-2.713306904
6+000,263,-2.676164627
6+000,264,-2.676164627
6+000,265,-2.676164627
6+000,266,-2.676164627
6+000,267,-2.676164627
6+000,268,-2.676164627
6+000,269,-2.676164627
6+000,270,-2.676164627
6+000,271,-2.676164627
6+000,272,-2.676164627
6+000,273,-2.699615002
6+000,274,-2.699615002
6+000,275,-2.663733721
6+000,276,-2.663733721
6+000,277,-2.663733721
6+000,278,-2.663733721
6+000,279,-2.663733721
6+000,280,-2.663733721
6+000,281,-2.663733721
6+000,282,-2.663733721
6+000,283,-2.663733721
6+000,284,-2.663733721
6+000,285,-2.663733721
6+000,286,-2.60244751
6+000,287,-2.60244751
6+000,288,-2.60244751
6+000,289,-2.60244751
6+000,290,-2.60244751
6+000,291,-2.60244751
6+000,292,-2.648531199
6+000,293,-2.648531199
6+000,294,-2.648531199
6+000,295,-2.648531199
6+000,296,-2.648531199
6+000,297,-2.648531199
6+000,298,-2.549842596
6+000,299,-2.549842596
6+000,300,-2.549842596
6+000,301,-2.549842596
6+000,302,-2.549842596
6+000,303,-2.549842596
6+000,304,-2.549842596
6+000,305,-2.549842596
6+000,306,-2.549842596
6+000,307,-2.549842596
6+000,308,-2.549842596
6+000,309,-2.549842596
6+000,310,-2.399935722
6+000,311,-2.36585927
6+000,312,-2.36585927
6+000,313,-2.36585927
6+000,314,-2.36585927
6+000,315,-2.36585927
6+000,316,-2.36585927
6+000,317,-2.36585927
6+000,318,-2.36585927
6+000,319,-2.36585927
6+000,320,-2.36585927
6+000,321,-2.36585927
6+000,322,-2.248654127
6+000,323,-2.248654127
6+000,324,-2.248654127
6+000,325,-2.248654127
6+000,326,-2.248654127
6+000,327,-2.248654127
6+000,328,-2.248654127
6+000,329,-2.186850309
6+000,330,-2.186850309
6+000,331,-2.186850309
6+000,332,-2.186850309
6+000,333,-2.186850309
6+000,334,-2.121040344
6+000,335,-2.121040344
6+000,336,-2.121040344
6+000,337,-2.121040344
6+000,338,-2.121040344
6+000,339,-2.121040344
6+000,340,-2.121040344
6+000,341,-2.121040344
6+000,342,-2.121040344
6+000,343,-2.121040344
6+000,344,-2.121040344
6+000,345,-2.044088125
6+000,346,-2.044088125
6+000,347,-2.044088125
6+000,348,-1.999763846
6+000,349,-1.999763846
6+000,350,-1.999763846
6+000,351,-1.999763846
6+000,352,-1.999763846
6+000,353,-1.999763846
6+000,354,-1.999763846
6+000,355,-1.999763846
6+000,356,-1.999763846
6+000,357,-1.878005028
6+000,358,-1.878005028
6+000,359,-1.878005028
6+000,360,-1.878005028
6+000,361,-1.878005028
6+000,362,-1.878005028
6+000,363,-1.878005028
6+000,364,-1.878005028
6+000,365,-1.878005028
6+000,366,-1.878005028
6+000,367,-1.772701263
6+000,368,-1.772701263
6+000,369,-1.617693305
6+000,370,-1.617693305
6+000,371,-1.617693305
6+000,372,-1.617693305
6+000,373,-1.617693305
6+000,374,-1.617693305
6+000,375,-1.617693305
6+000,376,-1.617693305
6+000,377,-1.617693305
6+000,378,-1.617693305
6+000,379,-1.617693305
6+000,380,-1.617693305
6+000,381,-1.355314374
6+000,382,-1.355314374
6+000,383,-1.355314374
6+000,384,-1.355314374
6+000,385,-0.880586267
6+000,386,-0.880586267
6+000,387,-0.880586267
6+000,388,-0.880586267
6+000,389,-0.880586267
6+000,390,-0.880586267
6+000,391,-0.880586267
6+000,392,-0.880586267
6+000,393,-0.286434591
6+000,394,-0.286434591
6+000,395,-0.286434591
6+000,396,-0.286434591
6+000,397,-0.286434591
6+000,398,-0.286434591
6+000,399,-0.286434591
6+000,400,-0.286434591
6+000,401,-0.286434591
6+000,402,-0.286434591
6+000,403,-0.286434591
6+000,404,0.376670569
6+000,405,1.078531027
6+000,406,1.078531027
6+000,407,1.078531027
6+000,408,1.078531027
6+000,409,1.078531027
6+000,410,1.078531027
6+000,411,1.078531027
6+000,412,1.078531027
6+000,413,1.078531027
6+000,414,1.078531027
6+000,415,1.078531027
6+000,416,1.643691182
6+000,417,1.643691182
6+000,418,1.643691182
6+000,419,1.643691182
6+000,420,1.643691182
6+000,421,1.643691182
6+000,422,1.643691182
6+000,423,2.039250851
6+000,424,2.039250851
6+000,425,2.039250851
6+000,426,2.039250851
6+000,427,2.039250851
6+000,428,2.138461113
6+000,429,2.138461113
6+000,430,2.138461113
6+000,431,2.138461113
6+000,432,2.138461113
6+000,433,2.138461113
6+000,434,2.138461113
6+000,435,2.138461113
6+000,436,2.138461113
6+000,437,2.138461113
6+000,438,2.138461113
6+000,439,2.138461113
6+000,440,2.069456577
6+000,441,2.069456577
6+000,442,2.536299229
6+000,443,2.536299229
6+000,444,2.536299229
6+000,445,2.536299229
6+000,446,2.536299229
6+000,447,2.536299229
6+000,448,2.536299229
6+000,449,2.536299229
6+000,450,2.536299229
6+000,451,2.536299229
6+000,452,2.491367579
6+000,453,2.491367579
6+000,454,2.491367579
6+000,455,2.491367579
6+000,456,2.491367579
6+000,457,2.491367579
6+000,458,2.491367579
6+000,459,2.491367579
6+000,460,2.613893032
6+000,461,2.613893032
6+000,462,2.613893032
6+000,463,2.613893032
6+000,464,2.326980591
6+000,465,2.326980591
6+000,466,2.326980591
6+000,467,2.326980591
6+000,468,2.326980591
6+000,469,2.326980591
6+000,470,2.326980591
6+000,471,2.326980591
6+000,472,2.326980591
6+000,473,2.326980591
6+000,474,2.326980591
6+000,475,2.055263042
6+000,476,2.055263042
6+000,477,2.055263042
6+000,478,2.055263042
6+000,479,2.13678956
6+000,480,2.13678956
6+000,481,2.13678956
6+000,482,2.13678956
6+000,483,2.13678956
6+000,484,2.13678956
6+000,485,2.13678956
6+000,486,2.13678956
6+000,487,2.093936205
6+000,488,2.093936205
6+000,489,2.093936205
6+000,490,2.093936205
6+000,491,2.093936205
6+000,492,2.093936205
6+000,493,2.093936205
6+000,494,2.093936205
6+000,495,2.093936205
6+000,496,2.093936205
6+000,497,2.093936205
6+000,498,2.270708561
6+000,499,2.270708561
6+000,500,2.270708561
6+100,0,-3.234285
6+100,1,-2.931795
6+100,2,-3.092822
6+100,3,-2.995715
6+100,4,-2.796217
6+100,5,-3.125354
6+100,6,-3.044809
6+100,7,-2.872224
6+100,8,-3.135601
6+100,9,-3.21151
6+100,10,-3.105124
6+100,11,-3.169389
6+100,12,-2.785151
6+100,13,-2.84594
6+100,14,-2.933298
6+100,15,-2.81427
6+100,16,-2.848164
6+100,17,-3.156715
6+100,18,-2.803721
6+100,19,-2.980329
6+100,20,-2.84628
6+100,21,-2.801954
6+100,22,-3.090998
6+100,23,-3.194974
6+100,24,-3.136032
6+100,25,-3.036446
6+100,26,-2.840993
6+100,27,-2.819635
6+100,28,-3.246524
6+100,29,-2.994626
6+100,30,-3.041294
6+100,31,-3.138946
6+100,32,-3.190067
6+100,33,-3.081192
6+100,34,-2.778545
6+100,35,-3.088399
6+100,36,-2.990605
6+100,37,-2.898491
6+100,38,-3.068185
6+100,39,-2.764109
6+100,40,-2.768776
6+100,41,-3.124109
6+100,42,-3.001376
6+100,43,-3.099561
6+100,44,-3.10758
6+100,45,-3.231557
6+100,46,-2.945218
6+100,47,-2.99866
6+100,48,-3.224261
6+100,49,-3.110677
6+100,50,-2.795867
6+100,51,-3.130219
6+100,52,-3.177553
6+100,53,-3.005274
6+100,54,-2.757175
6+100,55,-3.128972
6+100,56,-2.913932
6+100,57,-2.86919
6+100,58,-3.131181
6+100,59,-2.885892
6+100,60,-3.066108
6+100,61,-2.933847
6+100,62,-2.933235
6+100,63,-2.982113
6+100,64,-3.204855
6+100,65,-2.832349
6+100,66,-3.08961
6+100,67,-3.156741
6+100,68,-3.229612
6+100,69,-2.954554
6+100,70,-2.911218
6+100,71,-3.241706
6+100,72,-2.993953
6+100,73,-3.136752
6+100,74,-2.927414
6+100,75,-3.162817
6+100,76,-2.904531
6+100,77,-3.056632
6+100,78,-2.781635
6+100,79,-3.18124
6+100,80,-3.079467
6+100,81,-3.193263
6+100,82,-2.787653
6+100,83,-2.81133
6+100,84,-3.121029
6+100,85,-2.920008
6+100,86,-2.841389
6+100,87,-2.9724
6+100,88,-2.985175
6+100,89,-3.129074
6+100,90,-3.203449
6+100,91,-2.801392
6+100,92,-2.799791
6+100,93,-2.933449
6+100,94,-3.080485
6+100,95,-3.075395
6+100,96,-2.887022
6+100,97,-2.801445
6+100,98,-2.806457
6+100,99,-2.860062
6+100,100,-3.126472235
6+100,101,-3.126472235
6+100,102,-3.126472235
6+100,103,-3.126472235
6+100,104,-3.126472235
6+100,105,-3.126472235
6+100,106,-3.126472235
6+100,107,-3.126472235
6+100,108,-3.126472235
6+100,109,-3.126472235
6+100,110,-3.126472235
6+100,111,-3.126533508
6+100,112,-3.126533508
6+100,113,-3.126533508
6+100,114,-3.126533508
6+100,115,-3.104506493
6+100,116,-3.104506493
6+100,117,-3.104506493
6+100,118,-3.104506493
6+100,119,-3.104506493
6+100,120,-3.104506493
6+100,121,-3.104506493
6+100,122,-3.104506493
6+100,123,-3.102757454
6+100,124,-3.102757454
6+100,125,-3.102757454
6+100,126,-3.102757454
6+100,127,-3.102757454
6+100,128,-3.102757454
6+100,129,-3.102757454
6+100,130,-3.102757454
6+100,131,-3.102757454
6+100,132,-3.102757454
6+100,133,-3.102757454
6+100,134,-3.079997063
6+100,135,-3.073639393
6+100,136,-3.073639393
6+100,137,-3.073639393
6+100,138,-3.073639393
6+100,139,-3.073639393
6+100,140,-3.073639393
6+100,141,-3.073639393
6+100,142,-3.073639393
6+100,143,-3.073639393
6+100,144,-3.073639393
6+100,145,-3.073639393
6+100,146,-3.073639393
6+100,147,-3.064980507
6+100,148,-3.064980507
6+100,149,-3.064980507
6+100,150,-3.064980507
6+100,151,-3.064980507
6+100,152,-3.064980507
6+100,153,-3.03961277
6+100,154,-3.03961277
6+100,155,-3.03961277
6+100,156,-3.03961277
6+100,157,-3.03961277
6+100,158,-3.03961277
6+100,159,-3.027061224
6+100,160,-3.027061224
6+100,161,-3.027061224
6+100,162,-3.027061224
6+100,163,-3.027061224
6+100,164,-3.027061224
6+100,165,-3.027061224
6+100,166,-3.027061224
6+100,167,-3.027061224
6+100,168,-3.027061224
6+100,169,-3.027061224
6+100,170,-3.027061224
6+100,171,-2.981841564
6+100,172,-2.981841564
6+100,173,-2.981841564
6+100,174,-2.981841564
6+100,175,-2.981841564
6+100,176,-2.981841564
6+100,177,-2.981841564
6+100,178,-2.981841564
6+100,179,-2.981841564
6+100,180,-2.981841564
6+100,181,-2.981841564
6+100,182,-2.961603165
6+100,183,-2.961603165
6+100,184,-2.961603165
6+100,185,-2.961603165
6+100,186,-2.961603165
6+100,187,-2.961603165
6+100,188,-2.961603165
6+100,189,-2.961603165
6+100,190,-2.927520275
6+100,191,-2.927520275
6+100,192,-2.927520275
6+100,193,-2.927520275
6+100,194,-2.901247263
6+100,195,-2.901247263
6+100,196,-2.901247263
6+100,197,-2.901247263
6+100,198,-2.901247263
6+100,199,-2.901247263
6+100,200,-2.901247263
6+100,201,-2.901247263
6+100,202,-2.901247263
6+100,203,-2.901247263
6+100,204,-2.901247263
6+100,205,-2.901247263
6+100,206,-2.872616768
6+100,207,-2.872616768
6+100,208,-2.872616768
6+100,209,-2.828865051
6+100,210,-2.828865051
6+100,211,-2.828865051
6+100,212,-2.828865051
6+100,213,-2.828865051
6+100,214,-2.828865051
6+100,215,-2.828865051
6+100,216,-2.828865051
6+100,217,-2.828865051
6+100,218,-2.793655634
6+100,219,-2.793655634
6+100,220,-2.793655634
6+100,221,-2.793655634
6+100,222,-2.793655634
6+100,223,-2.793655634
6+100,224,-2.793655634
6+100,225,-2.793655634
6+100,226,-2.793655634
6+100,227,-2.793655634
6+100,228,-2.742668152
6+100,229,-2.742668152
6+100,230,-2.700379372
6+100,231,-2.700379372
6+100,232,-2.700379372
6+100,233,-2.700379372
6+100,234,-2.700379372
6+100,235,-2.700379372
6+100,236,-2.700379372
6+100,237,-2.700379372
6+100,238,-2.700379372
6+100,239,-2.700379372
6+100,240,-2.700379372
6+100,241,-2.65942955
6+100,242,-2.65942955
6+100,243,-2.65942955
6+100,244,-2.65942955
6+100,245,-2.65942955
6+100,246,-2.592061281
6+100,247,-2.592061281
6+100,248,-2.592061281
6+100,249,-2.592061281
6+100,250,-2.592061281
6+100,251,-2.592061281
6+100,252,-2.592061281
6+100,253,-2.547194958
6+100,254,-2.547194958
6+100,255,-2.547194958
6+100,256,-2.547194958
6+100,257,-2.547194958
6+100,258,-2.547194958
6+100,259,-2.547194958
6+100,260,-2.547194958
6+100,261,-2.547194958
6+100,262,-2.547194958
6+100,263,-2.547194958
6+100,264,-2.547194958
6+100,265,-2.424852848
6+100,266,-2.424852848
6+100,267,-2.424852848
6+100,268,-2.424852848
6+100,269,-2.424852848
6+100,270,-2.424852848
6+100,271,-2.424852848
6+100,272,-2.424852848
6+100,273,-2.424852848
6+100,274,-2.424852848
6+100,275,-2.424852848
6+100,276,-2.424852848
6+100,277,-2.396232843
6+100,278,-2.396232843
6+100,279,-2.396232843
6+100,280,-2.396232843
6+100,281,-2.396232843
6+100,282,-2.396232843
6+100,283,-2.396232843
6+100,284,-2.303626537
6+100,285,-2.303626537
6+100,286,-2.303626537
6+100,287,-2.303626537
6+100,288,-2.303626537
6+100,289,-2.300665379
6+100,290,-2.300665379
6+100,291,-2.300665379
6+100,292,-2.300665379
6+100,293,-2.300665379
6+100,294,-2.300665379
6+100,295,-2.300665379
6+100,296,-2.300665379
6+100,297,-2.300665379
6+100,298,-2.300665379
6+100,299,-2.300665379
6+100,300,-2.300665379
6+100,301,-2.334559441
6+100,302,-2.274487495
6+100,303,-2.274487495
6+100,304,-2.274487495
6+100,305,-2.274487495
6+100,306,-2.274487495
6+100,307,-2.274487495
6+100,308,-2.274487495
6+100,309,-2.274487495
6+100,310,-2.274487495
6+100,311,-2.274487495
6+100,312,-2.317177773
6+100,313,-2.317177773
6+100,314,-2.317177773
6+100,315,-2.317177773
6+100,316,-2.317177773
6+100,317,-2.317177773
6+100,318,-2.317177773
6+100,319,-2.317177773
6+100,320,-2.317177773
6+100,321,-2.230784893
6+100,322,-2.230784893
6+100,323,-2.230784893
6+100,324,-2.226350307
6+100,325,-2.226350307
6+100,326,-2.226350307
6+100,327,-2.226350307
6+100,328,-2.226350307
6+100,329,-2.226350307
6+100,330,-2.226350307
6+100,331,-2.226350307
6+100,332,-2.226350307
6+100,333,-2.226350307
6+100,334,-2.226350307
6+100,335,-2.226350307
6+100,336,-2.161859035
6+100,337,-2.161859035
6+100,338,-2.161859035
6+100,339,-2.161859035
6+100,340,-2.09842968
6+100,341,-2.09842968
6+100,342,-2.09842968
6+100,343,-2.09842968
6+100,344,-2.09842968
6+100,345,-2.09842968
6+100,346,-2.09842968
6+100,347,-2.09842968
6+100,348,-2.013985872
6+100,349,-2.013985872
6+100,350,-2.013985872
6+100,351,-2.013985872
6+100,352,-2.013985872
6+100,353,-2.013985872
6+100,354,-2.013985872
6+100,355,-2.013985872
6+100,356,-2.013985872
6+100,357,-2.013985872
6+100,358,-2.013985872
6+100,359,-1.989585638
6+100,360,-1.874675751
6+100,361,-1.874675751
6+100,362,-1.874675751
6+100,363,-1.874675751
6+100,364,-1.874675751
6+100,365,-1.874675751
6+100,366,-1.874675751
6+100,367,-1.874675751
6+100,368,-1.874675751
6+100,369,-1.874675751
6+100,370,-1.874675751
6+100,371,-1.637698531
6+100,372,-1.637698531
6+100,373,-1.637698531
6+100,374,-1.637698531
6+100,375,-1.637698531
6+100,376,-1.637698531
6+100,377,-1.686896443
6+100,378,-1.686896443
6+100,379,-1.686896443
6+100,380,-1.686896443
6+100,381,-1.686896443
6+100,382,-1.686896443
6+100,383,-1.255135059
6+100,384,-1.255135059
6+100,385,-1.255135059
6+100,386,-1.255135059
6+100,387,-1.255135059
6+100,388,-1.255135059
6+100,389,-1.255135059
6+100,390,-1.255135059
6+100,391,-1.255135059
6+100,392,-1.255135059
6+100,393,-1.255135059
6+100,394,-1.255135059
6+100,395,-0.543222427
6+100,396,-0.197636053
6+100,397,-0.197636053
6+100,398,-0.197636053
6+100,399,-0.197636053
6+100,400,-0.197636053
6+100,401,-0.197636053
6+100,402,-0.197636053
6+100,403,-0.197636053
6+100,404,-0.197636053
6+100,405,-0.197636053
6+100,406,-0.197636053
6+100,407,0.779198885
6+100,408,0.779198885
6+100,409,0.779198885
6+100,410,0.779198885
6+100,411,0.779198885
6+100,412,0.779198885
6+100,413,0.779198885
6+100,414,0.779198885
6+100,415,1.232730865
6+100,416,1.232730865
6+100,417,1.232730865
6+100,418,1.232730865
6+100,419,1.944972515
6+100,420,1.944972515
6+100,421,1.944972515
6+100,422,1.944972515
6+100,423,1.944972515
6+100,424,1.944972515
6+100,425,1.944972515
6+100,426,1.944972515
6+100,427,1.944972515
6+100,428,1.944972515
6+100,429,1.944972515
6+100,430,1.944972515
6+100,431,2.39261055
6+100,432,2.39261055
6+100,433,2.39261055
6+100,434,2.600689888
6+100,435,2.600689888
6+100,436,2.600689888
6+100,437,2.600689888
6+100,438,2.600689888
6+100,439,2.600689888
6+100,440,2.600689888
6+100,441,2.600689888
6+100,442,2.726742983
6+100,443,2.726742983
6+100,444,2.726742983
6+100,445,2.726742983
6+100,446,2.726742983
6+100,447,2.726742983
6+100,448,2.726742983
6+100,449,2.726742983
6+100,450,2.726742983
6+100,451,2.726742983
6+100,452,2.789659977
6+100,453,2.789659977
6+100,454,2.782516479
6+100,455,2.782516479
6+100,456,2.782516479
6+100,457,2.782516479
6+100,458,2.782516479
6+100,459,2.782516479
6+100,460,2.782516479
6+100,461,2.782516479
6+100,462,2.782516479
6+100,463,2.782516479
6+100,464,2.782516479
6+100,465,2.782516479
6+100,466,2.750470638
6+100,467,2.750470638
6+100,468,2.750470638
6+100,469,2.750470638
6+100,470,2.750470638
6+100,471,2.718320847
6+100,472,2.718320847
6+100,473,2.718320847
6+100,474,2.718320847
6+100,475,2.718320847
6+100,476,2.718320847
6+100,477,2.718320847
6+100,478,2.701482773
6+100,479,2.701482773
6+100,480,2.701482773
6+100,481,2.701482773
6+100,482,2.701482773
6+100,483,2.701482773
6+100,484,2.701482773
6+100,485,2.701482773
6+100,486,2.701482773
6+100,487,2.701482773
6+100,488,2.701482773
6+100,489,2.701482773
6+100,490,2.668786526
6+100,491,2.668786526
6+100,492,2.668786526
6+100,493,2.668786526
6+100,494,2.668786526
6+100,495,2.668786526
6+100,496,2.668786526
6+100,497,2.668786526
6+100,498,2.668786526
6+100,499,2.668786526
6+100,500,2.668786526
6+200,0,-2.928984
6+200,1,-3.20793
6+200,2,-3.169186
6+200,3,-2.800723
6+200,4,-2.946785
6+200,5,-3.245401
6+200,6,-3.199264
6+200,7,-2.918249
6+200,8,-3.247469
6+200,9,-3.169596
6+200,10,-2.975633
6+200,11,-2.904052
6+200,12,-2.924019
6+200,13,-3.137865
6+200,14,-2.89391
6+200,15,-3.131375
6+200,16,-3.0873
6+200,17,-2.876754
6+200,18,-2.925184
6+200,19,-2.825388
6+200,20,-2.921194
6+200,21,-2.965846
6+200,22,-3.203163
6+200,23,-3.066142
6+200,24,-3.117399
6+200,25,-3.128005
6+200,26,-2.763495
6+200,27,-3.053451
6+200,28,-2.803977
6+200,29,-2.934431
6+200,30,-2.852594
6+200,31,-2.998681
6+200,32,-2.961548
6+200,33,-3.003741
6+200,34,-3.152379
6+200,35,-2.888774
6+200,36,-3.109614
6+200,37,-3.237842
6+200,38,-2.927264
6+200,39,-3.161445
6+200,40,-2.779771
6+200,41,-2.773036
6+200,42,-2.792568
6+200,43,-3.064921
6+200,44,-3.242272
6+200,45,-2.785841
6+200,46,-3.035908
6+200,47,-2.766673
6+200,48,-2.76819
6+200,49,-2.823495
6+200,50,-3.102776
6+200,51,-3.057451
6+200,52,-2.824432
6+200,53,-3.091539
6+200,54,-3.165254
6+200,55,-2.971599
6+200,56,-2.781923
6+200,57,-2.901985
6+200,58,-2.964969
6+200,59,-3.201412
6+200,60,-2.942496
6+200,61,-2.754973
6+200,62,-3.179958
6+200,63,-2.990835
6+200,64,-2.811313
6+200,65,-2.879616
6+200,66,-2.901492
6+200,67,-2.898758
6+200,68,-3.070254
6+200,69,-3.103204
6+200,70,-2.845319
6+200,71,-2.844943
6+200,72,-2.816464
6+200,73,-2.79338
6+200,74,-2.994329
6+200,75,-2.999242
6+200,76,-2.850852
6+200,77,-2.925018
6+200,78,-2.899017
6+200,79,-2.852104
6+200,80,-2.804997
6+200,81,-3.081002
6+200,82,-3.062209
6+200,83,-3.203009
6+200,84,-2.96086
6+200,85,-3.232029
6+200,86,-3.017201
6+200,87,-2.978678
6+200,88,-3.106729
6+200,89,-2.954583
6+200,90,-3.23475
6+200,91,-3.231326
6+200,92,-2.8387
6+200,93,-3.069905
6+200,94,-3.18647
6+200,95,-2.988878
6+200,96,-2.865003
6+200,97,-3.142089
6+200,98,-2.938555
6+200,99,-3.207326
6+200,100,-3.271469355
6+200,101,-3.271469355
6+200,102,-3.262276173
6+200,103,-3.262276173
6+200,104,-3.262276173
6+200,105,-3.262276173
6+200,106,-3.262276173
6+200,107,-3.245958567
6+200,108,-3.245958567
6+200,109,-3.245958567
6+200,110,-3.245958567
6+200,111,-3.245958567
6+200,112,-3.245958567
6+200,113,-3.245958567
6+200,114,-3.235417128
6+200,115,-3.235417128
6+200,116,-3.235417128
6+200,117,-3.235417128
6+200,118,-3.235417128
6+200,119,-3.235417128
6+200,120,-3.235417128
6+200,121,-3.235417128
6+200,122,-3.235417128
6+200,123,-3.235417128
6+200,124,-3.235417128
6+200,125,-3.235417128
6+200,126,-3.206864357
6+200,127,-3.206864357
6+200,128,-3.206864357
6+200,129,-3.206864357
6+200,130,-3.206864357
6+200,131,-3.206864357
6+200,132,-3.206864357
6+200,133,-3.206864357
6+200,134,-3.206864357
6+200,135,-3.206864357
6+200,136,-3.206864357
6+200,137,-3.193152905
6+200,138,-3.193152905
6+200,139,-3.193152905
6+200,140,-3.193152905
6+200,141,-3.193152905
6+200,142,-3.193152905
6+200,143,-3.193152905
6+200,144,-3.193152905
6+200,145,-3.176297426
6+200,146,-3.176297426
6+200,147,-3.176297426
6+200,148,-3.176297426
6+200,149,-3.161324739
6+200,150,-3.161324739
6+200,151,-3.161324739
6+200,152,-3.161324739
6+200,153,-3.161324739
6+200,154,-3.161324739
6+200,155,-3.161324739
6+200,156,-3.161324739
6+200,157,-3.161324739
6+200,158,-3.161324739
6+200,159,-3.161324739
6+200,160,-3.161324739
6+200,161,-3.144949675
6+200,162,-3.144949675
6+200,163,-3.127389431
6+200,164,-3.127389431
6+200,165,-3.127389431
6+200,166,-3.127389431
6+200,167,-3.127389431
6+200,168,-3.127389431
6+200,169,-3.127389431
6+200,170,-3.127389431
6+200,171,-3.127389431
6+200,172,-3.127389431
6+200,173,-3.110511303
6+200,174,-3.110511303
6+200,175,-3.110511303
6+200,176,-3.110511303
6+200,177,-3.110511303
6+200,178,-3.110511303
6+200,179,-3.110511303
6+200,180,-3.110511303
6+200,181,-3.110511303
6+200,182,-3.091213226
6+200,183,-3.091213226
6+200,184,-3.091213226
6+200,185,-3.074588299
6+200,186,-3.074588299
6+200,187,-3.074588299
6+200,188,-3.074588299
6+200,189,-3.074588299
6+200,190,-3.074588299
6+200,191,-3.074588299
6+200,192,-3.074588299
6+200,193,-3.074588299
6+200,194,-3.074588299
6+200,195,-3.074588299
6+200,196,-3.074588299
6+200,197,-3.057804585
6+200,198,-3.057804585
6+200,199,-3.057804585
6+200,200,-3.057804585
6+200,201,-3.037159204
6+200,202,-3.037159204
6+200,203,-3.037159204
6+200,204,-3.037159204
6+200,205,-3.037159204
6+200,206,-3.037159204
6+200,207,-3.037159204
6+200,208,-3.022167444
6+200,209,-3.022167444
6+200,210,-3.022167444
6+200,211,-3.022167444
6+200,212,-3.022167444
6+200,213,-3.022167444
6+200,214,-3.022167444
6+200,215,-3.022167444
6+200,216,-3.022167444
6+200,217,-3.022167444
6+200,218,-3.022167444
6+200,219,-2.997417927
6+200,220,-2.984323978
6+200,221,-2.984323978
6+200,222,-2.984323978
6+200,223,-2.984323978
6+200,224,-2.984323978
6+200,225,-2.984323978
6+200,226,-2.984323978
6+200,227,-2.984323978
6+200,228,-2.984323978
6+200,229,-2.984323978
6+200,230,-2.984323978
6+200,231,-2.984323978
6+200,232,-2.971692562
6+200,233,-2.971692562
6+200,234,-2.971692562
6+200,235,-2.971692562
6+200,236,-2.971692562
6+200,237,-2.971692562
6+200,238,-2.94071579
6+200,239,-2.94071579
6+200,240,-2.94071579
6+200,241,-2.94071579
6+200,242,-2.94071579
6+200,243,-2.94071579
6+200,244,-2.928521395
6+200,245,-2.928521395
6+200,246,-2.928521395
6+200,247,-2.928521395
6+200,248,-2.928521395
6+200,249,-2.928521395
6+200,250,-2.928521395
6+200,251,-2.928521395
6+200,252,-2.928521395
6+200,253,-2.928521395
6+200,254,-2.928521395
6+200,255,-2.928521395
6+200,256,-2.917089462
6+200,257,-2.866137028
6+200,258,-2.866137028
6+200,259,-2.866137028
6+200,260,-2.866137028
6+200,261,-2.866137028
6+200,262,-2.866137028
6+200,263,-2.866137028
6+200,264,-2.866137028
6+200,265,-2.866137028
6+200,266,-2.866137028
6+200,267,-2.83980608
6+200,268,-2.83980608
6+200,269,-2.83980608
6+200,270,-2.83980608
6+200,271,-2.83980608
6+200,272,-2.83980608
6+200,273,-2.83980608
6+200,274,-2.83980608
6+200,275,-2.83980608
6+200,276,-2.811675072
6+200,277,-2.811675072
6+200,278,-2.811675072
6+200,279,-2.800057888
6+200,280,-2.800057888
6+200,281,-2.800057888
6+200,282,-2.800057888
6+200,283,-2.800057888
6+200,284,-2.800057888
6+200,285,-2.800057888
6+200,286,-2.800057888
6+200,287,-2.800057888
6+200,288,-2.800057888
6+200,289,-2.800057888
6+200,290,-2.800057888
6+200,291,-2.780106306
6+200,292,-2.780106306
6+200,293,-2.780106306
6+200,294,-2.662559509
6+200,295,-2.662559509
6+200,296,-2.662559509
6+200,297,-2.662559509
6+200,298,-2.662559509
6+200,299,-2.662559509
6+200,300,-2.662559509
6+200,301,-2.662559509
6+200,302,-2.662559509
6+200,303,-2.42345643
6+200,304,-2.42345643
6+200,305,-2.42345643
6+200,306,-2.42345643
6+200,307,-2.42345643
6+200,308,-2.42345643
6+200,309,-2.42345643
6+200,310,-2.42345643
6+200,311,-2.42345643
6+200,312,-2.42345643
6+200,313,-2.248291969
6+200,314,-2.248291969
6+200,315,-1.907332897
6+200,316,-1.907332897
6+200,317,-1.907332897
6+200,318,-1.907332897
6+200,319,-1.907332897
6+200,320,-1.907332897
6+200,321,-1.907332897
6+200,322,-1.907332897
6+200,323,-1.907332897
6+200,324,-1.907332897
6+200,325,-1.907332897
6+200,326,-1.907332897
6+200,327,-1.613169789
6+200,328,-1.613169789
6+200,329,-1.613169789
6+200,330,-1.613169789
6+200,331,-1.613169789
6+200,332,-1.440191031
6+200,333,-1.440191031
6+200,334,-1.440191031
6+200,335,-1.440191031
6+200,336,-1.440191031
6+200,337,-1.440191031
6+200,338,-1.393375397
6+200,339,-1.393375397
6+200,340,-1.393375397
6+200,341,-1.393375397
6+200,342,-1.393375397
6+200,343,-1.393375397
6+200,344,-1.393375397
6+200,345,-1.393375397
6+200,346,-1.393375397
6+200,347,-1.393375397
6+200,348,-1.393375397
6+200,349,-1.393375397
6+200,350,-1.289975882
6+200,351,-1.242331028
6+200,352,-1.242331028
6+200,353,-1.242331028
6+200,354,-1.242331028
6+200,355,-1.242331028
6+200,356,-1.242331028
6+200,357,-1.242331028
6+200,358,-1.242331028
6+200,359,-1.242331028
6+200,360,-1.242331028
6+200,361,-1.242331028
6+200,362,-1.191944003
6+200,363,-1.191944003
6+200,364,-1.191944003
6+200,365,-1.191944003
6+200,366,-1.191944003
6+200,367,-1.191944003
6+200,368,-1.191944003
6+200,369,-1.045179605
6+200,370,-1.045179605
6+200,371,-1.045179605
6+200,372,-1.045179605
6+200,373,-1.045179605
6+200,374,-0.791030943
6+200,375,-0.791030943
6+200,376,-0.791030943
6+200,377,-0.791030943
6+200,378,-0.791030943
6+200,379,-0.791030943
6+200,380,-0.791030943
6+200,381,-0.791030943
6+200,382,-0.791030943
6+200,383,-0.791030943
6+200,384,-0.791030943
6+200,385,-0.791030943
6+200,386,-0.408208251
6+200,387,-0.408208251
6+200,388,0.155975521
6+200,389,0.155975521
6+200,390,0.155975521
6+200,391,0.155975521
6+200,392,0.155975521
6+200,393,0.155975521
6+200,394,0.155975521
6+200,395,0.155975521
6+200,396,0.155975521
6+200,397,0.741166234
6+200,398,0.741166234
6+200,399,0.741166234
6+200,400,0.741166234
6+200,401,0.741166234
6+200,402,0.741166234
6+200,403,0.741166234
6+200,404,0.741166234
6+200,405,0.741166234
6+200,406,0.741166234
6+200,407,1.460575581
6+200,408,1.460575581
6+200,409,1.889500618
6+200,410,1.889500618
6+200,411,1.889500618
6+200,412,1.889500618
6+200,413,1.889500618
6+200,414,1.889500618
6+200,415,1.889500618
6+200,416,1.889500618
6+200,417,1.889500618
6+200,418,1.889500618
6+200,419,1.889500618
6+200,420,1.889500618
6+200,421,1.852348566
6+200,422,1.852348566
6+200,423,1.852348566
6+200,424,1.852348566
6+200,425,2.322403431
6+200,426,2.322403431
6+200,427,2.322403431
6+200,428,2.322403431
6+200,429,2.322403431
6+200,430,2.322403431
6+200,431,2.322403431
6+200,432,2.322403431
6+200,433,2.068775177
6+200,434,2.068775177
6+200,435,2.068775177
6+200,436,2.068775177
6+200,437,2.068775177
6+200,438,2.068775177
6+200,439,2.068775177
6+200,440,2.068775177
6+200,441,2.068775177
6+200,442,2.068775177
6+200,443,2.068775177
6+200,444,2.254170895
6+200,445,2.07422781
6+200,446,2.07422781
6+200,447,2.07422781
6+200,448,2.07422781
6+200,449,2.07422781
6+200,450,2.07422781
6+200,451,2.07422781
6+200,452,2.07422781
6+200,453,2.07422781
6+200,454,2.07422781
6+200,455,2.07422781
6+200,456,2.07422781
6+200,457,1.878209829
6+200,458,1.878209829
6+200,459,1.878209829
6+200,460,1.878209829
6+200,461,1.878209829
6+200,462,1.878209829
6+200,463,2.101501226
6+200,464,2.101501226
6+200,465,2.101501226
6+200,466,2.101501226
6+200,467,2.101501226
6+200,468,1.937240243
6+200,469,1.937240243
6+200,470,1.937240243
6+200,471,1.937240243
6+200,472,1.937240243
6+200,473,1.937240243
6+200,474,1.937240243
6+200,475,1.937240243
6+200,476,1.937240243
6+200,477,1.937240243
6+200,478,1.937240243
6+200,479,1.937240243
6+200,480,1.784085989
6+200,481,1.784085989
6+200,482,1.998684406
6+200,483,1.998684406
6+200,484,1.998684406
6+200,485,1.998684406
6+200,486,1.998684406
6+200,487,1.998684406
6+200,488,1.998684406
6+200,489,1.998684406
6+200,490,1.998684406
6+200,491,1.998684406
6+200,492,1.870325804
6+200,493,1.870325804
6+200,494,1.870325804
6+200,495,1.870325804
6+200,496,1.870325804
6+200,497,1.870325804
6+200,498,1.870325804
6+200,499,1.870325804
6+200,500,1.870325804
6+300,0,-3.224159
6+300,1,-2.984323
6+300,2,-2.979682
6+300,3,-2.931285
6+300,4,-2.886954
6+300,5,-2.762074
6+300,6,-2.99185
6+300,7,-3.088522
6+300,8,-2.852407
6+300,9,-3.114584
6+300,10,-3.030514
6+300,11,-3.210772
6+300,12,-3.237325
6+300,13,-2.768676
6+300,14,-2.83201
6+300,15,-2.902013
6+300,16,-3.045524
6+300,17,-3.163353
6+300,18,-3.171781
6+300,19,-3.124879
6+300,20,-2.975387
6+300,21,-2.892702
6+300,22,-2.919901
6+300,23,-3.110033
6+300,24,-2.772567
6+300,25,-2.881052
6+300,26,-2.972823
6+300,27,-2.94414
6+300,28,-3.0402
6+300,29,-3.126135
6+300,30,-3.072014
6+300,31,-2.871077
6+300,32,-3.242803
6+300,33,-3.191964
6+300,34,-3.226999
6+300,35,-3.229636
6+300,36,-2.82227
6+300,37,-2.898171
6+300,38,-3.012913
6+300,39,-3.201083
6+300,40,-3.004192
6+300,41,-3.013264
6+300,42,-3.163399
6+300,43,-3.033074
6+300,44,-3.050748
6+300,45,-2.942075
6+300,46,-2.932453
6+300,47,-3.227348
6+300,48,-3.062694
6+300,49,-2.93707
6+300,50,-2.998432
6+300,51,-2.821755
6+300,52,-2.920653
6+300,53,-3.168533
6+300,54,-3.214716
6+300,55,-2.92879
6+300,56,-3.236744
6+300,57,-2.957112
6+300,58,-2.779885
6+300,59,-2.962263
6+300,60,-3.055915
6+300,61,-2.928356
6+300,62,-3.020874
6+300,63,-2.977192
6+300,64,-2.779268
6+300,65,-3.056949
6+300,66,-2.769405
6+300,67,-2.797325
6+300,68,-3.152104
6+300,69,-3.215319
6+300,70,-3.199611
6+300,71,-3.240889
6+300,72,-3.202779
6+300,73,-2.908497
6+300,74,-3.214406
6+300,75,-3.090512
6+300,76,-2.827562
6+300,77,-3.238364
6+300,78,-2.842766
6+300,79,-3.109073
6+300,80,-3.190918
6+300,81,-2.901631
6+300,82,-2.935529
6+300,83,-2.811264
6+300,84,-2.882464
6+300,85,-2.84826
6+300,86,-3.108983
6+300,87,-3.16128
6+300,88,-2.874693
6+300,89,-2.846583
6+300,90,-2.754747
6+300,91,-3.043691
6+300,92,-3.063991
6+300,93,-2.861794
6+300,94,-3.079598
6+300,95,-2.784621
6+300,96,-2.820794
6+300,97,-3.035503
6+300,98,-2.874564
6+300,99,-2.872729
6+300,100,-3.290749073
6+300,101,-3.290749073
6+300,102,-3.290749073
6+300,103,-3.290749073
6+300,104,-3.26657629
6+300,105,-3.26657629
6+300,106,-3.26657629
6+300,107,-3.26657629
6+300,108,-3.26657629
6+300,109,-3.26657629
6+300,110,-3.26657629
6+300,111,-3.26657629
6+300,112,-3.26657629
6+300,113,-3.26657629
6+300,114,-3.26657629
6+300,115,-3.26657629
6+300,116,-3.240129948
6+300,117,-3.240129948
6+300,118,-3.231149435
6+300,119,-3.231149435
6+300,120,-3.231149435
6+300,121,-3.231149435
6+300,122,-3.231149435
6+300,123,-3.231149435
6+300,124,-3.231149435
6+300,125,-3.231149435
6+300,126,-3.231149435
6+300,127,-3.231149435
6+300,128,-3.203253508
6+300,129,-3.203253508
6+300,130,-3.203253508
6+300,131,-3.203253508
6+300,132,-3.203253508
6+300,133,-3.203253508
6+300,134,-3.203253508
6+300,135,-3.203253508
6+300,136,-3.203253508
6+300,137,-3.194764137
6+300,138,-3.194764137
6+300,139,-3.194764137
6+300,140,-3.165446758
6+300,141,-3.165446758
6+300,142,-3.165446758
6+300,143,-3.165446758
6+300,144,-3.165446758
6+300,145,-3.165446758
6+300,146,-3.165446758
6+300,147,-3.165446758
6+300,148,-3.165446758
6+300,149,-3.165446758
6+300,150,-3.165446758
6+300,151,-3.165446758
6+300,152,-3.133582115
6+300,153,-3.133582115
6+300,154,-3.133582115
6+300,155,-3.125521421
6+300,156,-3.125521421
6+300,157,-3.125521421
6+300,158,-3.125521421
6+300,159,-3.125521421
6+300,160,-3.125521421
6+300,161,-3.125521421
6+300,162,-3.125521421
6+300,163,-3.09132576
6+300,164,-3.09132576
6+300,165,-3.09132576
6+300,166,-3.09132576
6+300,167,-3.09132576
6+300,168,-3.09132576
6+300,169,-3.09132576
6+300,170,-3.09132576
6+300,171,-3.09132576
6+300,172,-3.09132576
6+300,173,-3.09132576
6+300,174,-3.082782507
6+300,175,-3.045319319
6+300,176,-3.045319319
6+300,177,-3.045319319
6+300,178,-3.045319319
6+300,179,-3.045319319
6+300,180,-3.045319319
6+300,181,-3.045319319
6+300,182,-3.045319319
6+300,183,-3.045319319
6+300,184,-3.045319319
6+300,185,-3.045319319
6+300,186,-3.045319319
6+300,187,-3.003937244
6+300,188,-3.003937244
6+300,189,-3.003937244
6+300,190,-3.003937244
6+300,191,-3.003937244
6+300,192,-3.003937244
6+300,193,-2.993671417
6+300,194,-2.993671417
6+300,195,-2.993671417
6+300,196,-2.993671417
6+300,197,-2.993671417
6+300,198,-2.993671417
6+300,199,-2.946457863
6+300,200,-2.946457863
6+300,201,-2.946457863
6+300,202,-2.946457863
6+300,203,-2.946457863
6+300,204,-2.946457863
6+300,205,-2.946457863
6+300,206,-2.946457863
6+300,207,-2.946457863
6+300,208,-2.946457863
6+300,209,-2.946457863
6+300,210,-2.946457863
6+300,211,-2.878446341
6+300,212,-2.878446341
6+300,213,-2.878446341
6+300,214,-2.878446341
6+300,215,-2.878446341
6+300,216,-2.878446341
6+300,217,-2.878446341
6+300,218,-2.878446341
6+300,219,-2.878446341
6+300,220,-2.878446341
6+300,221,-2.878446341
6+300,222,-2.878446341
6+300,223,-2.815758228
6+300,224,-2.815758228
6+300,225,-2.815758228
6+300,226,-2.815758228
6+300,227,-2.815758228
6+300,228,-2.815758228
6+300,229,-2.815758228
6+300,230,-2.796724319
6+300,231,-2.796724319
6+300,232,-2.796724319
6+300,233,-2.796724319
6+300,234,-2.720616817
6+300,235,-2.720616817
6+300,236,-2.720616817
6+300,237,-2.720616817
6+300,238,-2.720616817
6+300,239,-2.720616817
6+300,240,-2.720616817
6+300,241,-2.720616817
6+300,242,-2.720616817
6+300,243,-2.720616817
6+300,244,-2.720616817
6+300,245,-2.720616817
6+300,246,-2.636661053
6+300,247,-2.636661053
6+300,248,-2.636661053
6+300,249,-2.606443882
6+300,250,-2.606443882
6+300,251,-2.606443882
6+300,252,-2.606443882
6+300,253,-2.606443882
6+300,254,-2.606443882
6+300,255,-2.606443882
6+300,256,-2.606443882
6+300,257,-2.606443882
6+300,258,-2.506882191
6+300,259,-2.506882191
6+300,260,-2.506882191
6+300,261,-2.506882191
6+300,262,-2.506882191
6+300,263,-2.506882191
6+300,264,-2.506882191
6+300,265,-2.506882191
6+300,266,-2.506882191
6+300,267,-2.506882191
6+300,268,-2.475324154
6+300,269,-2.475324154
6+300,270,-2.361986399
6+300,271,-2.361986399
6+300,272,-2.361986399
6+300,273,-2.361986399
6+300,274,-2.361986399
6+300,275,-2.361986399
6+300,276,-2.361986399
6+300,277,-2.361986399
6+300,278,-2.361986399
6+300,279,-2.361986399
6+300,280,-2.361986399
6+300,281,-2.361986399
6+300,282,-2.253535748
6+300,283,-2.253535748
6+300,284,-2.253535748
6+300,285,-2.253535748
6+300,286,-2.222394466
6+300,287,-2.222394466
6+300,288,-2.222394466
6+300,289,-2.222394466
6+300,290,-2.222394466
6+300,291,-2.222394466
6+300,292,-2.222394466
6+300,293,-2.126386642
6+300,294,-2.126386642
6+300,295,-2.126386642
6+300,296,-2.126386642
6+300,297,-2.126386642
6+300,298,-2.126386642
6+300,299,-2.126386642
6+300,300,-2.126386642
6+300,301,-2.126386642
6+300,302,-2.126386642
6+300,303,-2.126386642
6+300,304,-2.126386642
6+300,305,-2.10384655
6+300,306,-2.10384655
6+300,307,-2.10384655
6+300,308,-2.10384655
6+300,309,-2.10384655
6+300,310,-2.10384655
6+300,311,-2.10384655
6+300,312,-2.10384655
6+300,313,-2.10384655
6+300,314,-2.10384655
6+300,315,-2.10384655
6+300,316,-2.10384655
6+300,317,-2.087927341
6+300,318,-2.087927341
6+300,319,-2.087927341
6+300,320,-2.087927341
6+300,321,-2.087927341
6+300,322,-2.087927341
6+300,323,-2.087927341
6+300,324,-2.170556068
6+300,325,-2.170556068
6+300,326,-2.170556068
6+300,327,-2.170556068
6+300,328,-2.170556068
6+300,329,-2.137311935
6+300,330,-2.137311935
6+300,331,-2.137311935
6+300,332,-2.137311935
6+300,333,-2.137311935
6+300,334,-2.137311935
6+300,335,-2.137311935
6+300,336,-2.137311935
6+300,337,-2.137311935
6+300,338,-2.137311935
6+300,339,-2.137311935
6+300,340,-2.137311935
6+300,341,-2.091126442
6+300,342,-2.147451878
6+300,343,-2.147451878
6+300,344,-2.147451878
6+300,345,-2.147451878
6+300,346,-2.147451878
6+300,347,-2.147451878
6+300,348,-2.147451878
6+300,349,-2.147451878
6+300,350,-2.147451878
6+300,351,-2.147451878
6+300,352,-2.147451878
6+300,353,-2.092187881
6+300,354,-2.092187881
6+300,355,-2.092187881
6+300,356,-2.092187881
6+300,357,-2.092187881
6+300,358,-2.092187881
6+300,359,-2.092187881
6+300,360,-2.092187881
6+300,361,-2.022846222
6+300,362,-2.022846222
6+300,363,-2.022846222
6+300,364,-1.856314898
6+300,365,-1.856314898
6+300,366,-1.856314898
6+300,367,-1.856314898
6+300,368,-1.856314898
6+300,369,-1.856314898
6+300,370,-1.856314898
6+300,371,-1.856314898
6+300,372,-1.856314898
6+300,373,-1.856314898
6+300,374,-1.856314898
6+300,375,-1.856314898
6+300,376,-1.511906147
6+300,377,-1.511906147
6+300,378,-1.511906147
6+300,379,-1.511906147
6+300,380,-0.993704379
6+300,381,-0.993704379
6+300,382,-0.993704379
6+300,383,-0.993704379
6+300,384,-0.993704379
6+300,385,-0.993704379
6+300,386,-0.993704379
6+300,387,-0.993704379
6+300,388,-0.088657603
6+300,389,-0.088657603
6+300,390,-0.088657603
6+300,391,-0.088657603
6+300,392,-0.088657603
6+300,393,-0.088657603
6+300,394,-0.088657603
6+300,395,-0.088657603
6+300,396,-0.088657603
6+300,397,-0.088657603
6+300,398,-0.088657603
6+300,399,0.536041677
6+300,400,1.636331081
6+300,401,1.636331081
6+300,402,1.636331081
6+300,403,1.636331081
6+300,404,1.636331081
6+300,405,1.636331081
6+300,406,1.636331081
6+300,407,1.636331081
6+300,408,1.636331081
6+300,409,1.636331081
6+300,410,1.636331081
6+300,411,1.636331081
6+300,412,2.364225149
6+300,413,2.364225149
6+300,414,2.364225149
6+300,415,2.364225149
6+300,416,2.364225149
6+300,417,2.135170937
6+300,418,2.135170937
6+300,419,2.135170937
6+300,420,2.135170937
6+300,421,2.135170937
6+300,422,2.135170937
6+300,423,2.358855486
6+300,424,2.358855486
6+300,425,2.358855486
6+300,426,2.358855486
6+300,427,2.358855486
6+300,428,2.358855486
6+300,429,2.358855486
6+300,430,2.358855486
6+300,431,2.358855486
6+300,432,2.358855486
6+300,433,2.358855486
6+300,434,2.358855486
6+300,435,2.445708036
6+300,436,2.090964794
6+300,437,2.090964794
6+300,438,2.090964794
6+300,439,2.090964794
6+300,440,2.090964794
6+300,441,2.090964794
6+300,442,2.090964794
6+300,443,2.090964794
6+300,444,2.090964794
6+300,445,2.090964794
6+300,446,2.090964794
6+300,447,2.140003681
6+300,448,2.140003681
6+300,449,2.140003681
6+300,450,2.140003681
6+300,451,2.140003681
6+300,452,2.140003681
6+300,453,2.140003681
6+300,454,2.140003681
6+300,455,1.766288757
6+300,456,1.766288757
6+300,457,1.766288757
6+300,458,1.766288757
6+300,459,1.812176585
6+300,460,1.812176585
6+300,461,1.812176585
6+300,462,1.812176585
6+300,463,1.812176585
6+300,464,1.812176585
6+300,465,1.812176585
6+300,466,1.812176585
6+300,467,1.812176585
6+300,468,1.812176585
6+300,469,1.812176585
6+300,470,1.812176585
6+300,471,1.839625478
6+300,472,1.839625478
6+300,473,1.839625478
6+300,474,1.564928293
6+300,475,1.564928293
6+300,476,1.564928293
6+300,477,1.564928293
6+300,478,1.564928293
6+300,479,1.564928293
6+300,480,1.564928293
6+300,481,1.564928293
6+300,482,1.641739249
6+300,483,1.641739249
6+300,484,1.641739249
6+300,485,1.641739249
6+300,486,1.641739249
6+300,487,1.641739249
6+300,488,1.641739249
6+300,489,1.641739249
6+300,490,1.641739249
6+300,491,1.641739249
6+300,492,1.443327427
6+300,493,1.443327427
6+300,494,1.443327427
6+300,495,1.443327427
6+300,496,1.443327427
6+300,497,1.443327427
6+300,498,1.443327427
6+300,499,1.443327427
6+300,500,1.443327427
6+400,0,-3.198438
6+400,1,-2.798724
6+400,2,-2.997374
6+400,3,-2.836771
6+400,4,-3.089975
6+400,5,-2.802238
6+400,6,-3.055399
6+400,7,-3.244581
6+400,8,-2.797309
6+400,9,-3.204357
6+400,10,-3.090343
6+400,11,-2.774969
6+400,12,-2.774696
6+400,13,-2.963281
6+400,14,-2.934081
6+400,15,-3.025777
6+400,16,-3.103395
6+400,17,-3.085668
6+400,18,-2.913741
6+400,19,-2.873813
6+400,20,-2.85421
6+400,21,-2.855191
6+400,22,-3.204397
6+400,23,-3.00279
6+400,24,-3.221221
6+400,25,-2.975236
6+400,26,-3.029235
6+400,27,-2.806148
6+400,28,-3.074542
6+400,29,-3.191466
6+400,30,-3.178504
6+400,31,-2.869245
6+400,32,-2.940891
6+400,33,-3.199439
6+400,34,-3.207947
6+400,35,-2.899515
6+400,36,-3.213618
6+400,37,-2.83907
6+400,38,-2.896879
6+400,39,-3.209326
6+400,40,-3.207581
6+400,41,-2.75668
6+400,42,-3.062865
6+400,43,-3.064679
6+400,44,-2.8436
6+400,45,-2.776376
6+400,46,-2.756999
6+400,47,-2.873311
6+400,48,-3.06187
6+400,49,-3.20825
6+400,50,-2.861427
6+400,51,-2.970798
6+400,52,-3.037889
6+400,53,-2.796823
6+400,54,-3.194401
6+400,55,-3.003687
6+400,56,-3.244323
6+400,57,-3.01567
6+400,58,-3.221848
6+400,59,-3.190591
6+400,60,-3.191237
6+400,61,-2.925395
6+400,62,-2.876978
6+400,63,-2.958316
6+400,64,-2.768914
6+400,65,-3.062565
6+400,66,-3.107144
6+400,67,-2.8157
6+400,68,-3.138202
6+400,69,-2.768389
6+400,70,-3.243923
6+400,71,-2.765061
6+400,72,-3.22842
6+400,73,-2.804428
6+400,74,-2.986149
6+400,75,-2.753518
6+400,76,-3.213102
6+400,77,-2.973073
6+400,78,-2.765349
6+400,79,-2.988451
6+400,80,-2.935301
6+400,81,-2.902126
6+400,82,-3.022729
6+400,83,-2.936221
6+400,84,-2.957843
6+400,85,-2.799421
6+400,86,-3.227277
6+400,87,-3.109518
6+400,88,-2.774794
6+400,89,-2.804868
6+400,90,-3.022172
6+400,91,-2.939934
6+400,92,-3.111309
6+400,93,-3.155939
6+400,94,-3.018151
6+400,95,-3.073324
6+400,96,-2.958172
6+400,97,-3.211133
6+400,98,-2.762803
6+400,99,-2.756895
6+400,100,-3.20821476
6+400,101,-3.20821476
6+400,102,-3.20821476
6+400,103,-3.20821476
6+400,104,-3.20821476
6+400,105,-3.20821476
6+400,106,-3.20821476
6+400,107,-3.164401293
6+400,108,-3.164401293
6+400,109,-3.164401293
6+400,110,-3.154123545
6+400,111,-3.154123545
6+400,112,-3.154123545
6+400,113,-3.154123545
6+400,114,-3.154123545
6+400,115,-3.154123545
6+400,116,-3.154123545
6+400,117,-3.154123545
6+400,118,-3.154123545
6+400,119,-3.107355118
6+400,120,-3.107355118
6+400,121,-3.107355118
6+400,122,-3.107355118
6+400,123,-3.107355118
6+400,124,-3.107355118
6+400,125,-3.107355118
6+400,126,-3.107355118
6+400,127,-3.107355118
6+400,128,-3.098699808
6+400,129,-3.098699808
6+400,130,-3.048934221
6+400,131,-3.048934221
6+400,132,-3.048934221
6+400,133,-3.048934221
6+400,134,-3.048934221
6+400,135,-3.048934221
6+400,136,-3.048934221
6+400,137,-3.048934221
6+400,138,-3.048934221
6+400,139,-3.048934221
6+400,140,-3.048934221
6+400,141,-3.048934221
6+400,142,-2.995567322
6+400,143,-2.995567322
6+400,144,-2.995567322
6+400,145,-2.995567322
6+400,146,-2.995567322
6+400,147,-2.989458084
6+400,148,-2.989458084
6+400,149,-2.989458084
6+400,150,-2.989458084
6+400,151,-2.989458084
6+400,152,-2.989458084
6+400,153,-2.989458084
6+400,154,-2.932815552
6+400,155,-2.932815552
6+400,156,-2.932815552
6+400,157,-2.932815552
6+400,158,-2.932815552
6+400,159,-2.932815552
6+400,160,-2.932815552
6+400,161,-2.932815552
6+400,162,-2.932815552
6+400,163,-2.932815552
6+400,164,-2.932815552
6+400,165,-2.932815552
6+400,166,-2.869254589
6+400,167,-2.869254589
6+400,168,-2.869254589
6+400,169,-2.869254589
6+400,170,-2.869254589
6+400,171,-2.869254589
6+400,172,-2.869254589
6+400,173,-2.869254589
6+400,174,-2.869254589
6+400,175,-2.869254589
6+400,176,-2.869254589
6+400,177,-2.869254589
6+400,178,-2.804752827
6+400,179,-2.804752827
6+400,180,-2.804752827
6+400,181,-2.804752827
6+400,182,-2.804752827
6+400,183,-2.804752827
6+400,184,-2.804752827
6+400,185,-2.805384398
6+400,186,-2.805384398
6+400,187,-2.805384398
6+400,188,-2.805384398
6+400,189,-2.736876249
6+400,190,-2.736876249
6+400,191,-2.736876249
6+400,192,-2.736876249
6+400,193,-2.736876249
6+400,194,-2.736876249
6+400,195,-2.736876249
6+400,196,-2.736876249
6+400,197,-2.736876249
6+400,198,-2.736876249
6+400,199,-2.736876249
6+400,200,-2.736876249
6+400,201,-2.662868023
6+400,202,-2.662868023
6+400,203,-2.669785023
6+400,204,-2.669785023
6+400,205,-2.669785023
6+400,206,-2.669785023
6+400,207,-2.669785023
6+400,208,-2.669785023
6+400,209,-2.669785023
6+400,210,-2.669785023
6+400,211,-2.669785023
6+400,212,-2.669785023
6+400,213,-2.591348171
6+400,214,-2.591348171
6+400,215,-2.591348171
6+400,216,-2.591348171
6+400,217,-2.591348171
6+400,218,-2.591348171
6+400,219,-2.591348171
6+400,220,-2.591348171
6+400,221,-2.591348171
6+400,222,-2.6060431
6+400,223,-2.6060431
6+400,224,-2.6060431
6+400,225,-2.524908543
6+400,226,-2.524908543
6+400,227,-2.524908543
6+400,228,-2.524908543
6+400,229,-2.524908543
6+400,230,-2.524908543
6+400,231,-2.524908543
6+400,232,-2.524908543
6+400,233,-2.524908543
6+400,234,-2.524908543
6+400,235,-2.524908543
6+400,236,-2.524908543
6+400,237,-2.436235666
6+400,238,-2.436235666
6+400,239,-2.436235666
6+400,240,-2.436235666
6+400,241,-2.470582485
6+400,242,-2.470582485
6+400,243,-2.470582485
6+400,244,-2.470582485
6+400,245,-2.470582485
6+400,246,-2.470582485
6+400,247,-2.470582485
6+400,248,-2.470582485
6+400,249,-2.383143425
6+400,250,-2.383143425
6+400,251,-2.383143425
6+400,252,-2.383143425
6+400,253,-2.383143425
6+400,254,-2.383143425
6+400,255,-2.383143425
6+400,256,-2.383143425
6+400,257,-2.383143425
6+400,258,-2.383143425
6+400,259,-2.383143425
6+400,260,-2.356906891
6+400,261,-2.356906891
6+400,262,-2.356906891
6+400,263,-2.356906891
6+400,264,-2.356906891
6+400,265,-2.356906891
6+400,266,-2.356906891
6+400,267,-2.356906891
6+400,268,-2.356906891
6+400,269,-2.356906891
6+400,270,-2.356906891
6+400,271,-2.356906891
6+400,272,-2.261973858
6+400,273,-2.261973858
6+400,274,-2.261973858
6+400,275,-2.261973858
6+400,276,-2.261973858
6+400,277,-2.261973858
6+400,278,-2.304564476
6+400,279,-2.304564476
6+400,280,-2.304564476
6+400,281,-2.304564476
6+400,282,-2.304564476
6+400,283,-2.304564476
6+400,284,-2.274714947
6+400,285,-2.274714947
6+400,286,-2.274714947
6+400,287,-2.274714947
6+400,288,-2.274714947
6+400,289,-2.274714947
6+400,290,-2.274714947
6+400,291,-2.274714947
6+400,292,-2.274714947
6+400,293,-2.274714947
6+400,294,-2.274714947
6+400,295,-2.274714947
6+400,296,-2.248165607
6+400,297,-2.193068027
6+400,298,-2.193068027
6+400,299,-2.193068027
6+400,300,-2.193068027
6+400,301,-2.193068027
6+400,302,-2.193068027
6+400,303,-2.193068027
6+400,304,-2.193068027
6+400,305,-2.193068027
6+400,306,-2.193068027
6+400,307,-2.193068027
6+400,308,-2.169265747
6+400,309,-2.169265747
6+400,310,-2.169265747
6+400,311,-2.169265747
6+400,312,-2.169265747
6+400,313,-2.169265747
6+400,314,-2.169265747
6+400,315,-2.169265747
6+400,316,-2.039613724
6+400,317,-2.039613724
6+400,318,-2.039613724
6+400,319,-2.019999027
6+400,320,-2.019999027
6+400,321,-2.019999027
6+400,322,-2.019999027
6+400,323,-2.019999027
6+400,324,-2.019999027
6+400,325,-2.019999027
6+400,326,-2.019999027
6+400,327,-2.019999027
6+400,328,-2.019999027
6+400,329,-2.019999027
6+400,330,-2.019999027
6+400,331,-2.013493061
6+400,332,-2.013493061
6+400,333,-2.013493061
6+400,334,-1.795248508
6+400,335,-1.795248508
6+400,336,-1.795248508
6+400,337,-1.795248508
6+400,338,-1.795248508
6+400,339,-1.795248508
6+400,340,-1.795248508
6+400,341,-1.795248508
6+400,342,-1.795248508
6+400,343,-1.784974337
6+400,344,-1.784974337
6+400,345,-1.784974337
6+400,346,-1.784974337
6+400,347,-1.784974337
6+400,348,-1.784974337
6+400,349,-1.784974337
6+400,350,-1.784974337
6+400,351,-1.784974337
6+400,352,-1.784974337
6+400,353,-1.507724285
6+400,354,-1.507724285
6+400,355,-1.489765525
6+400,356,-1.489765525
6+400,357,-1.489765525
6+400,358,-1.489765525
6+400,359,-1.489765525
6+400,360,-1.489765525
6+400,361,-1.489765525
6+400,362,-1.489765525
6+400,363,-1.489765525
6+400,364,-1.489765525
6+400,365,-1.489765525
6+400,366,-1.489765525
6+400,367,-1.146906018
6+400,368,-1.146906018
6+400,369,-1.146906018
6+400,370,-1.146906018
6+400,371,-1.146906018
6+400,372,-0.904771447
6+400,373,-0.904771447
6+400,374,-0.904771447
6+400,375,-0.904771447
6+400,376,-0.904771447
6+400,377,-0.904771447
6+400,378,-0.904771447
6+400,379,0.013944727
6+400,380,0.013944727
6+400,381,0.013944727
6+400,382,0.013944727
6+400,383,0.013944727
6+400,384,0.013944727
6+400,385,0.013944727
6+400,386,0.013944727
6+400,387,0.013944727
6+400,388,0.013944727
6+400,389,0.013944727
6+400,390,1.021663904
6+400,391,1.333934188
6+400,392,1.333934188
6+400,393,1.333934188
6+400,394,1.333934188
6+400,395,1.333934188
6+400,396,1.333934188
6+400,397,1.333934188
6+400,398,1.333934188
6+400,399,1.333934188
6+400,400,1.333934188
6+400,401,1.333934188
6+400,402,2.013414621
6+400,403,2.013414621
6+400,404,2.013414621
6+400,405,2.013414621
6+400,406,2.013414621
6+400,407,2.013414621
6+400,408,2.013414621
6+400,409,2.289103031
6+400,410,2.289103031
6+400,411,2.289103031
6+400,412,2.289103031
6+400,413,2.289103031
6+400,414,2.617007732
6+400,415,2.617007732
6+400,416,2.617007732
6+400,417,2.617007732
6+400,418,2.617007732
6+400,419,2.617007732
6+400,420,2.617007732
6+400,421,2.617007732
6+400,422,2.617007732
6+400,423,2.617007732
6+400,424,2.617007732
6+400,425,2.617007732
6+400,426,2.799113274
6+400,427,2.799113274
6+400,428,2.902470112
6+400,429,2.902470112
6+400,430,2.902470112
6+400,431,2.902470112
6+400,432,2.902470112
6+400,433,2.902470112
6+400,434,2.902470112
6+400,435,2.902470112
6+400,436,2.902470112
6+400,437,2.902470112
6+400,438,2.960137844
6+400,439,2.960137844
6+400,440,2.960137844
6+400,441,2.960137844
6+400,442,2.960137844
6+400,443,2.960137844
6+400,444,2.960137844
6+400,445,2.960137844
6+400,446,2.960137844
6+400,447,3.000329256
6+400,448,3.000329256
6+400,449,3.017958164
6+400,450,3.017958164
6+400,451,3.017958164
6+400,452,3.017958164
6+400,453,3.017958164
6+400,454,3.017958164
6+400,455,3.017958164
6+400,456,3.017958164
6+400,457,3.017958164
6+400,458,3.017958164
6+400,459,3.017958164
6+400,460,3.017958164
6+400,461,3.040798664
6+400,462,3.040798664
6+400,463,3.040798664
6+400,464,3.040798664
6+400,465,3.038671494
6+400,466,3.038671494
6+400,467,3.038671494
6+400,468,3.038671494
6+400,469,3.038671494
6+400,470,3.038671494
6+400,471,3.038671494
6+400,472,3.038671494
6+400,473,3.071056366
6+400,474,3.071056366
6+400,475,3.071056366
6+400,476,3.071056366
6+400,477,3.071056366
6+400,478,3.071056366
6+400,479,3.071056366
6+400,480,3.071056366
6+400,481,3.071056366
6+400,482,3.071056366
6+400,483,3.071056366
6+400,484,3.043123722
6+400,485,3.075537205
6+400,486,3.075537205
6+400,487,3.075537205
6+400,488,3.075537205
6+400,489,3.075537205
6+400,490,3.075537205
6+400,491,3.075537205
6+400,492,3.075537205
6+400,493,3.075537205
6+400,494,3.075537205
6+400,495,3.075537205
6+400,496,3.075537205
6+400,497,3.075537205
6+400,498,3.075537205
6+400,499,3.075537205
6+400,500,3.075537205
6+500,0,-2.900919
6+500,1,-2.981952
6+500,2,-3.095236
6+500,3,-2.843102
6+500,4,-2.907634
6+500,5,-3.168692
6+500,6,-2.794536
6+500,7,-2.838731
6+500,8,-2.7751
6+500,9,-2.88714
6+500,10,-2.943292
6+500,11,-3.040878
6+500,12,-2.783636
6+500,13,-2.816968
6+500,14,-3.227391
6+500,15,-3.236817
6+500,16,-3.061768
6+500,17,-2.844723
6+500,18,-2.756362
6+500,19,-3.174792
6+500,20,-2.952935
6+500,21,-3.059555
6+500,22,-2.765043
6+500,23,-2.828941
6+500,24,-2.830836
6+500,25,-3.015653
6+500,26,-3.04259
6+500,27,-3.113296
6+500,28,-3.221812
6+500,29,-2.817639
6+500,30,-2.843549
6+500,31,-2.750141
6+500,32,-2.751682
6+500,33,-2.972284
6+500,34,-2.865506
6+500,35,-2.777617
6+500,36,-2.825176
6+500,37,-3.126326
6+500,38,-3.024728
6+500,39,-3.18542
6+500,40,-2.772974
6+500,41,-2.946913
6+500,42,-3.135679
6+500,43,-2.91415
6+500,44,-2.940936
6+500,45,-3.070919
6+500,46,-3.193221
6+500,47,-2.914213
6+500,48,-2.989846
6+500,49,-2.863841
6+500,50,-2.989918
6+500,51,-2.823909
6+500,52,-2.974047
6+500,53,-2.969531
6+500,54,-2.811673
6+500,55,-3.048259
6+500,56,-3.182992
6+500,57,-3.235609
6+500,58,-2.872431
6+500,59,-2.939845
6+500,60,-2.89796
6+500,61,-3.143518
6+500,62,-3.181814
6+500,63,-3.242728
6+500,64,-3.074706
6+500,65,-2.955041
6+500,66,-3.053878
6+500,67,-3.031263
6+500,68,-2.797921
6+500,69,-3.075872
6+500,70,-2.993005
6+500,71,-2.858173
6+500,72,-3.051729
6+500,73,-2.938957
6+500,74,-2.818818
6+500,75,-2.77524
6+500,76,-3.176463
6+500,77,-2.786706
6+500,78,-3.003942
6+500,79,-3.120878
6+500,80,-3.020432
6+500,81,-2.759984
6+500,82,-3.003691
6+500,83,-3.085624
6+500,84,-2.9333
6+500,85,-3.129927
6+500,86,-3.212068
6+500,87,-3.18556
6+500,88,-3.185977
6+500,89,-3.174049
6+500,90,-3.180586
6+500,91,-2.929563
6+500,92,-3.15906
6+500,93,-3.077166
6+500,94,-2.801606
6+500,95,-3.013019
6+500,96,-2.916221
6+500,97,-3.16384
6+500,98,-3.153855
6+500,99,-3.229566
6+500,100,-3.120109797
6+500,101,-3.120109797
6+500,102,-3.120109797
6+500,103,-3.104600906
6+500,104,-3.104600906
6+500,105,-3.104600906
6+500,106,-3.104600906
6+500,107,-3.104600906
6+500,108,-3.104600906
6+500,109,-3.104600906
6+500,110,-3.104600906
6+500,111,-3.0510149
6+500,112,-3.0510149
6+500,113,-3.0510149
6+500,114,-3.0510149
6+500,115,-3.0510149
6+500,116,-3.0510149
6+500,117,-3.0510149
6+500,118,-3.0510149
6+500,119,-3.0510149
6+500,120,-3.0510149
6+500,121,-3.0510149
6+500,122,-2.994408607
6+500,123,-2.994408607
6+500,124,-2.994408607
6+500,125,-2.994408607
6+500,126,-2.979485989
6+500,127,-2.979485989
6+500,128,-2.979485989
6+500,129,-2.979485989
6+500,130,-2.979485989
6+500,131,-2.979485989
6+500,132,-2.979485989
6+500,133,-2.919664383
6+500,134,-2.919664383
6+500,135,-2.919664383
6+500,136,-2.919664383
6+500,137,-2.919664383
6+500,138,-2.919664383
6+500,139,-2.919664383
6+500,140,-2.919664383
6+500,141,-2.919664383
6+500,142,-2.919664383
6+500,143,-2.919664383
6+500,144,-2.857093573
6+500,145,-2.857093573
6+500,146,-2.857093573
6+500,147,-2.857093573
6+500,148,-2.857093573
6+500,149,-2.843657494
6+500,150,-2.843657494
6+500,151,-2.843657494
6+500,152,-2.843657494
6+500,153,-2.843657494
6+500,154,-2.843657494
6+500,155,-2.777826786
6+500,156,-2.777826786
6+500,157,-2.777826786
6+500,158,-2.777826786
6+500,159,-2.777826786
6+500,160,-2.777826786
6+500,161,-2.777826786
6+500,162,-2.777826786
6+500,163,-2.777826786
6+500,164,-2.777826786
6+500,165,-2.777826786
6+500,166,-2.70970583
6+500,167,-2.70970583
6+500,168,-2.70970583
6+500,169,-2.70970583
6+500,170,-2.70970583
6+500,171,-2.70970583
6+500,172,-2.695310831
6+500,173,-2.695310831
6+500,174,-2.695310831
6+500,175,-2.695310831
6+500,176,-2.695310831
6+500,177,-2.623728275
6+500,178,-2.623728275
6+500,179,-2.623728275
6+500,180,-2.623728275
6+500,181,-2.623728275
6+500,182,-2.623728275
6+500,183,-2.623728275
6+500,184,-2.623728275
6+500,185,-2.623728275
6+500,186,-2.623728275
6+500,187,-2.623728275
6+500,188,-2.623728275
6+500,189,-2.55082798
6+500,190,-2.55082798
6+500,191,-2.55082798
6+500,192,-2.55082798
6+500,193,-2.55082798
6+500,194,-2.55082798
6+500,195,-2.533149004
6+500,196,-2.533149004
6+500,197,-2.533149004
6+500,198,-2.533149004
6+500,199,-2.533149004
6+500,200,-2.456935644
6+500,201,-2.456935644
6+500,202,-2.456935644
6+500,203,-2.456935644
6+500,204,-2.456935644
6+500,205,-2.456935644
6+500,206,-2.456935644
6+500,207,-2.456935644
6+500,208,-2.456935644
6+500,209,-2.456935644
6+500,210,-2.456935644
6+500,211,-2.381811619
6+500,212,-2.381811619
6+500,213,-2.381811619
6+500,214,-2.381811619
6+500,215,-2.381811619
6+500,216,-2.381811619
6+500,217,-2.381811619
6+500,218,-2.357603073
6+500,219,-2.357603073
6+500,220,-2.357603073
6+500,221,-2.357603073
6+500,222,-2.281801224
6+500,223,-2.281801224
6+500,224,-2.281801224
6+500,225,-2.281801224
6+500,226,-2.281801224
6+500,227,-2.281801224
6+500,228,-2.281801224
6+500,229,-2.281801224
6+500,230,-2.281801224
6+500,231,-2.281801224
6+500,232,-2.281801224
6+500,233,-2.212825298
6+500,234,-2.212825298
6+500,235,-2.212825298
6+500,236,-2.212825298
6+500,237,-2.212825298
6+500,238,-2.212825298
6+500,239,-2.212825298
6+500,240,-2.212825298
6+500,241,-2.181408882
6+500,242,-2.181408882
6+500,243,-2.181408882
6+500,244,-2.122471809
6+500,245,-2.122471809
6+500,246,-2.122471809
6+500,247,-2.122471809
6+500,248,-2.122471809
6+500,249,-2.122471809
6+500,250,-2.122471809
6+500,251,-2.122471809
6+500,252,-2.122471809
6+500,253,-2.122471809
6+500,254,-2.122471809
6+500,255,-2.078511238
6+500,256,-2.078511238
6+500,257,-2.078511238
6+500,258,-2.078511238
6+500,259,-2.078511238
6+500,260,-2.078511238
6+500,261,-2.078511238
6+500,262,-2.078511238
6+500,263,-2.078511238
6+500,264,-2.057246447
6+500,265,-2.057246447
6+500,266,-2.047395468
6+500,267,-2.047395468
6+500,268,-2.047395468
6+500,269,-2.047395468
6+500,270,-2.047395468
6+500,271,-2.047395468
6+500,272,-2.047395468
6+500,273,-2.047395468
6+500,274,-2.047395468
6+500,275,-2.047395468
6+500,276,-2.047395468
6+500,277,-2.000953913
6+500,278,-2.000953913
6+500,279,-2.000953913
6+500,280,-2.000953913
6+500,281,-2.000953913
6+500,282,-2.000953913
6+500,283,-2.000953913
6+500,284,-2.000953913
6+500,285,-2.000953913
6+500,286,-2.000953913
6+500,287,-2.040447235
6+500,288,-2.039500952
6+500,289,-2.039500952
6+500,290,-2.039500952
6+500,291,-2.039500952
6+500,292,-2.039500952
6+500,293,-2.039500952
6+500,294,-2.039500952
6+500,295,-2.039500952
6+500,296,-2.039500952
6+500,297,-2.039500952
6+500,298,-2.039500952
6+500,299,-2.007086515
6+500,300,-2.007086515
6+500,301,-2.007086515
6+500,302,-2.007086515
6+500,303,-2.007086515
6+500,304,-2.007086515
6+500,305,-2.007086515
6+500,306,-2.007086515
6+500,307,-2.007086515
6+500,308,-2.007086515
6+500,309,-2.007086515
6+500,310,-2.062442303
6+500,311,-1.971832871
6+500,312,-1.971832871
6+500,313,-1.971832871
6+500,314,-1.971832871
6+500,315,-1.971832871
6+500,316,-1.971832871
6+500,317,-1.971832871
6+500,318,-1.971832871
6+500,319,-1.971832871
6+500,320,-1.971832871
6+500,321,-1.971832871
6+500,322,-1.799120069
6+500,323,-1.799120069
6+500,324,-1.799120069
6+500,325,-1.799120069
6+500,326,-1.799120069
6+500,327,-1.799120069
6+500,328,-1.799120069
6+500,329,-1.799120069
6+500,330,-1.799120069
6+500,331,-1.799120069
6+500,332,-1.799120069
6+500,333,-1.368990183
6+500,334,-1.368990183
6+500,335,-1.368990183
6+500,336,-1.368990183
6+500,337,-1.368990183
6+500,338,-1.368990183
6+500,339,-1.368990183
6+500,340,-1.368990183
6+500,341,-1.368990183
6+500,342,-1.368990183
6+500,343,-1.368990183
6+500,344,-0.73122108
6+500,345,-0.73122108
6+500,346,-0.73122108
6+500,347,-0.73122108
6+500,348,-0.73122108
6+500,349,-0.73122108
6+500,350,-0.73122108
6+500,351,-0.73122108
6+500,352,-0.73122108
6+500,353,-0.73122108
6+500,354,-0.73122108
6+500,355,0.185332179
6+500,356,0.341579258
6+500,357,0.341579258
6+500,358,0.341579258
6+500,359,0.341579258
6+500,360,0.341579258
6+500,361,0.341579258
6+500,362,0.341579258
6+500,363,0.341579258
6+500,364,0.341579258
6+500,365,0.341579258
6+500,366,1.287545323
6+500,367,1.287545323
6+500,368,1.287545323
6+500,369,1.287545323
6+500,370,1.287545323
6+500,371,1.287545323
6+500,372,1.287545323
6+500,373,1.287545323
6+500,374,1.287545323
6+500,375,1.287545323
6+500,376,1.287545323
6+500,377,2.032657623
6+500,378,2.032657623
6+500,379,2.010329247
6+500,380,2.010329247
6+500,381,2.010329247
6+500,382,2.010329247
6+500,383,2.010329247
6+500,384,2.010329247
6+500,385,2.010329247
6+500,386,2.010329247
6+500,387,2.010329247
6+500,388,2.377946854
6+500,389,2.377946854
6+500,390,2.377946854
6+500,391,2.377946854
6+500,392,2.377946854
6+500,393,2.377946854
6+500,394,2.377946854
6+500,395,2.377946854
6+500,396,2.377946854
6+500,397,2.377946854
6+500,398,2.377946854
6+500,399,2.512436867
6+500,400,2.512436867
6+500,401,2.512436867
6+500,402,2.599504948
6+500,403,2.599504948
6+500,404,2.599504948
6+500,405,2.599504948
6+500,406,2.599504948
6+500,407,2.599504948
6+500,408,2.599504948
6+500,409,2.599504948
6+500,410,2.764773369
6+500,411,2.764773369
6+500,412,2.764773369
6+500,413,2.764773369
6+500,414,2.764773369
6+500,415,2.764773369
6+500,416,2.764773369
6+500,417,2.764773369
6+500,418,2.764773369
6+500,419,2.764773369
6+500,420,2.764773369
6+500,421,2.923809528
6+500,422,2.923809528
6+500,423,2.923809528
6+500,424,2.923809528
6+500,425,2.982318401
6+500,426,2.982318401
6+500,427,2.982318401
6+500,428,2.982318401
6+500,429,2.982318401
6+500,430,2.982318401
6+500,431,2.982318401
6+500,432,2.982318401
6+500,433,3.119150639
6+500,434,3.119150639
6+500,435,3.119150639
6+500,436,3.119150639
6+500,437,3.119150639
6+500,438,3.119150639
6+500,439,3.119150639
6+500,440,3.119150639
6+500,441,3.119150639
6+500,442,3.119150639
6+500,443,3.119150639
6+500,444,3.242765427
6+500,445,3.242765427
6+500,446,3.242765427
6+500,447,3.242765427
6+500,448,3.263336182
6+500,449,3.263336182
6+500,450,3.263336182
6+500,451,3.263336182
6+500,452,3.263336182
6+500,453,3.263336182
6+500,454,3.263336182
6+500,455,3.359174728
6+500,456,3.359174728
6+500,457,3.359174728
6+500,458,3.359174728
6+500,459,3.359174728
6+500,460,3.359174728
6+500,461,3.359174728
6+500,462,3.359174728
6+500,463,3.359174728
6+500,464,3.359174728
6+500,465,3.359174728
6+500,466,3.431567192
6+500,467,3.431567192
6+500,468,3.431567192
6+500,469,3.431567192
6+500,470,3.431567192
6+500,471,3.418505192
6+500,472,3.418505192
6+500,473,3.418505192
6+500,474,3.418505192
6+500,475,3.418505192
6+500,476,3.418505192
6+500,477,3.452641249
6+500,478,3.452641249
6+500,479,3.452641249
6+500,480,3.452641249
6+500,481,3.452641249
6+500,482,3.452641249
6+500,483,3.452641249
6+500,484,3.452641249
6+500,485,3.452641249
6+500,486,3.452641249
6+500,487,3.452641249
6+500,488,3.461908817
6+500,489,3.461908817
6+500,490,3.461908817
6+500,491,3.461908817
6+500,492,3.461908817
6+500,493,3.461908817
6+500,494,3.419155121
6+500,495,3.419155121
6+500,496,3.419155121
6+500,497,3.419155121
6+500,498,3.419155121
6+500,499,3.419155121
6+500,500,3.419155121
6+600,0,-3.165532
6+600,1,-3.110705
6+600,2,-3.161495
6+600,3,-3.205649
6+600,4,-3.189682
6+600,5,-3.019611
6+600,6,-3.146833
6+600,7,-3.067865
6+600,8,-2.998291
6+600,9,-2.904803
6+600,10,-3.230344
6+600,11,-2.850295
6+600,12,-2.93605
6+600,13,-3.20912
6+600,14,-2.813211
6+600,15,-2.789564
6+600,16,-3.219461
6+600,17,-3.111561
6+600,18,-2.846899
6+600,19,-2.87587
6+600,20,-3.157739
6+600,21,-3.145325
6+600,22,-3.064764
6+600,23,-3.007739
6+600,24,-2.940873
6+600,25,-3.065543
6+600,26,-3.018733
6+600,27,-2.876265
6+600,28,-3.231658
6+600,29,-3.123782
6+600,30,-2.893325
6+600,31,-2.802397
6+600,32,-2.994161
6+600,33,-2.983943
6+600,34,-3.196414
6+600,35,-3.026294
6+600,36,-2.983691
6+600,37,-3.128765
6+600,38,-3.115378
6+600,39,-3.061358
6+600,40,-3.239964
6+600,41,-3.08896
6+600,42,-3.144276
6+600,43,-3.086251
6+600,44,-3.190119
6+600,45,-2.804736
6+600,46,-2.953204
6+600,47,-2.910449
6+600,48,-2.855414
6+600,49,-3.000779
6+600,50,-3.20654
6+600,51,-2.981447
6+600,52,-2.956579
6+600,53,-2.87728
6+600,54,-3.03417
6+600,55,-3.18621
6+600,56,-3.108112
6+600,57,-3.068459
6+600,58,-2.927041
6+600,59,-2.964611
6+600,60,-3.071952
6+600,61,-2.756742
6+600,62,-2.947113
6+600,63,-3.131387
6+600,64,-3.199109
6+600,65,-3.17357
6+600,66,-3.127021
6+600,67,-3.169659
6+600,68,-3.156716
6+600,69,-3.107452
6+600,70,-3.163313
6+600,71,-2.801617
6+600,72,-3.209883
6+600,73,-2.987744
6+600,74,-3.044802
6+600,75,-2.758811
6+600,76,-3.193981
6+600,77,-3.051072
6+600,78,-2.765265
6+600,79,-2.817246
6+600,80,-2.841464
6+600,81,-3.121049
6+600,82,-3.164556
6+600,83,-2.915678
6+600,84,-2.785312
6+600,85,-2.971619
6+600,86,-2.964194
6+600,87,-3.11001
6+600,88,-2.865254
6+600,89,-3.156478
6+600,90,-3.08816
6+600,91,-3.037282
6+600,92,-2.996195
6+600,93,-3.128795
6+600,94,-3.192582
6+600,95,-2.94469
6+600,96,-3.105685
6+600,97,-2.959381
6+600,98,-3.172819
6+600,99,-3.00943
6+600,100,-3.137802124
6+600,101,-3.137802124
6+600,102,-3.137802124
6+600,103,-3.137802124
6+600,104,-3.137802124
6+600,105,-3.137802124
6+600,106,-3.137802124
6+600,107,-3.082642555
6+600,108,-3.082642555
6+600,109,-3.082642555
6+600,110,-3.082642555
6+600,111,-3.082642555
6+600,112,-3.082642555
6+600,113,-3.082642555
6+600,114,-3.082642555
6+600,115,-3.082642555
6+600,116,-3.082642555
6+600,117,-3.02463913
6+600,118,-3.02463913
6+600,119,-3.02463913
6+600,120,-3.02463913
6+600,121,-3.02463913
6+600,122,-3.005186796
6+600,123,-3.005186796
6+600,124,-3.005186796
6+600,125,-3.005186796
6+600,126,-3.005186796
6+600,127,-3.005186796
6+600,128,-2.944132328
6+600,129,-2.944132328
6+600,130,-2.944132328
6+600,131,-2.944132328
6+600,132,-2.944132328
6+600,133,-2.944132328
6+600,134,-2.944132328
6+600,135,-2.944132328
6+600,136,-2.944132328
6+600,137,-2.944132328
6+600,138,-2.880492687
6+600,139,-2.880492687
6+600,140,-2.880492687
6+600,141,-2.880492687
6+600,142,-2.880492687
6+600,143,-2.880492687
6+600,144,-2.880492687
6+600,145,-2.880492687
6+600,146,-2.880492687
6+600,147,-2.880492687
6+600,148,-2.880492687
6+600,149,-2.81444335
6+600,150,-2.81444335
6+600,151,-2.81444335
6+600,152,-2.81444335
6+600,153,-2.79522562
6+600,154,-2.79522562
6+600,155,-2.79522562
6+600,156,-2.79522562
6+600,157,-2.79522562
6+600,158,-2.79522562
6+600,159,-2.79522562
6+600,160,-2.727107048
6+600,161,-2.727107048
6+600,162,-2.727107048
6+600,163,-2.727107048
6+600,164,-2.727107048
6+600,165,-2.727107048
6+600,166,-2.727107048
6+600,167,-2.727107048
6+600,168,-2.727107048
6+600,169,-2.727107048
6+600,170,-2.65721941
6+600,171,-2.65721941
6+600,172,-2.65721941
6+600,173,-2.65721941
6+600,174,-2.65721941
6+600,175,-2.65721941
6+600,176,-2.65721941
6+600,177,-2.65721941
6+600,178,-2.65721941
6+600,179,-2.65721941
6+600,180,-2.65721941
6+600,181,-2.585819244
6+600,182,-2.585819244
6+600,183,-2.568780661
6+600,184,-2.568780661
6+600,185,-2.568780661
6+600,186,-2.568780661
6+600,187,-2.568780661
6+600,188,-2.568780661
6+600,189,-2.568780661
6+600,190,-2.568780661
6+600,191,-2.497414112
6+600,192,-2.497414112
6+600,193,-2.497414112
6+600,194,-2.497414112
6+600,195,-2.497414112
6+600,196,-2.497414112
6+600,197,-2.497414112
6+600,198,-2.497414112
6+600,199,-2.497414112
6+600,200,-2.497414112
6+600,201,-2.497414112
6+600,202,-2.425517082
6+600,203,-2.425517082
6+600,204,-2.425517082
6+600,205,-2.425517082
6+600,206,-2.425517082
6+600,207,-2.425517082
6+600,208,-2.425517082
6+600,209,-2.425517082
6+600,210,-2.425517082
6+600,211,-2.425517082
6+600,212,-2.35321331
6+600,213,-2.343678474
6+600,214,-2.343678474
6+600,215,-2.343678474
6+600,216,-2.343678474
6+600,217,-2.343678474
6+600,218,-2.343678474
6+600,219,-2.343678474
6+600,220,-2.343678474
6+600,221,-2.343678474
6+600,222,-2.343678474
6+600,223,-2.275496006
6+600,224,-2.275496006
6+600,225,-2.275496006
6+600,226,-2.275496006
6+600,227,-2.275496006
6+600,228,-2.275496006
6+600,229,-2.275496006
6+600,230,-2.275496006
6+600,231,-2.275496006
6+600,232,-2.275496006
6+600,233,-2.275496006
6+600,234,-2.207929373
6+600,235,-2.207929373
6+600,236,-2.207929373
6+600,237,-2.207929373
6+600,238,-2.207929373
6+600,239,-2.207929373
6+600,240,-2.207929373
6+600,241,-2.207929373
6+600,242,-2.207929373
6+600,243,-2.209875584
6+600,244,-2.151977062
6+600,245,-2.151977062
6+600,246,-2.151977062
6+600,247,-2.151977062
6+600,248,-2.151977062
6+600,249,-2.151977062
6+600,250,-2.151977062
6+600,251,-2.151977062
6+600,252,-2.151977062
6+600,253,-2.151977062
6+600,254,-2.151977062
6+600,255,-2.095700264
6+600,256,-2.095700264
6+600,257,-2.095700264
6+600,258,-2.095700264
6+600,259,-2.095700264
6+600,260,-2.095700264
6+600,261,-2.095700264
6+600,262,-2.095700264
6+600,263,-2.095700264
6+600,264,-2.095700264
6+600,265,-2.039916754
6+600,266,-2.039916754
6+600,267,-2.039916754
6+600,268,-2.039916754
6+600,269,-2.039916754
6+600,270,-2.039916754
6+600,271,-2.039916754
6+600,272,-2.039916754
6+600,273,-2.071890593
6+600,274,-2.071890593
6+600,275,-2.071890593
6+600,276,-2.035348415
6+600,277,-2.035348415
6+600,278,-2.035348415
6+600,279,-2.035348415
6+600,280,-2.035348415
6+600,281,-2.035348415
6+600,282,-2.035348415
6+600,283,-2.035348415
6+600,284,-2.035348415
6+600,285,-2.035348415
6+600,286,-2.035348415
6+600,287,-2.002294302
6+600,288,-2.002294302
6+600,289,-2.002294302
6+600,290,-2.002294302
6+600,291,-2.002294302
6+600,292,-2.002294302
6+600,293,-2.002294302
6+600,294,-2.002294302
6+600,295,-2.002294302
6+600,296,-2.002294302
6+600,297,-1.979361773
6+600,298,-1.979361773
6+600,299,-1.979361773
6+600,300,-1.979361773
6+600,301,-1.979361773
6+600,302,-1.979361773
6+600,303,-1.979361773
6+600,304,-1.838479042
6+600,305,-1.838479042
6+600,306,-1.838479042
6+600,307,-1.838479042
6+600,308,-1.683595896
6+600,309,-1.683595896
6+600,310,-1.683595896
6+600,311,-1.683595896
6+600,312,-1.683595896
6+600,313,-1.683595896
6+600,314,-1.683595896
6+600,315,-1.683595896
6+600,316,-1.683595896
6+600,317,-1.683595896
6+600,318,-1.670287967
6+600,319,-1.670287967
6+600,320,-1.670287967
6+600,321,-1.670287967
6+600,322,-1.670287967
6+600,323,-1.670287967
6+600,324,-1.670287967
6+600,325,-1.670287967
6+600,326,-1.670287967
6+600,327,-1.670287967
6+600,328,-1.670287967
6+600,329,-1.889863133
6+600,330,-1.889863133
6+600,331,-1.889863133
6+600,332,-1.889863133
6+600,333,-1.889863133
6+600,334,-1.546723962
6+600,335,-1.546723962
6+600,336,-1.546723962
6+600,337,-1.546723962
6+600,338,-1.546723962
6+600,339,-1.28337729
6+600,340,-1.28337729
6+600,341,-1.28337729
6+600,342,-1.28337729
6+600,343,-1.28337729
6+600,344,-1.28337729
6+600,345,-1.28337729
6+600,346,-1.28337729
6+600,347,-1.28337729
6+600,348,-1.28337729
6+600,349,-1.28337729
6+600,350,-0.713917851
6+600,351,-0.713917851
6+600,352,-0.713917851
6+600,353,-0.713917851
6+600,354,-0.713917851
6+600,355,-0.713917851
6+600,356,-0.713917851
6+600,357,-0.713917851
6+600,358,-0.713917851
6+600,359,-0.713917851
6+600,360,-0.713917851
6+600,361,0.132792771
6+600,362,0.132792771
6+600,363,0.132792771
6+600,364,0.639718652
6+600,365,0.639718652
6+600,366,0.639718652
6+600,367,0.639718652
6+600,368,0.639718652
6+600,369,0.639718652
6+600,370,0.639718652
6+600,371,1.540304303
6+600,372,1.540304303
6+600,373,1.540304303
6+600,374,1.540304303
6+600,375,1.540304303
6+600,376,1.540304303
6+600,377,1.540304303
6+600,378,1.540304303
6+600,379,1.540304303
6+600,380,1.540304303
6+600,381,1.540304303
6+600,382,2.273008823
6+600,383,2.273008823
6+600,384,2.273008823
6+600,385,2.273008823
6+600,386,2.273008823
6+600,387,2.273008823
6+600,388,2.273008823
6+600,389,2.273008823
6+600,390,2.273008823
6+600,391,2.273008823
6+600,392,2.763782501
6+600,393,2.763782501
6+600,394,2.850780725
6+600,395,2.850780725
6+600,396,2.850780725
6+600,397,2.850780725
6+600,398,2.850780725
6+600,399,2.850780725
6+600,400,2.850780725
6+600,401,2.850780725
6+600,402,2.850780725
6+600,403,3.1396029
6+600,404,3.1396029
6+600,405,3.1396029
6+600,406,3.1396029
6+600,407,3.1396029
6+600,408,3.1396029
6+600,409,3.1396029
6+600,410,3.1396029
6+600,411,3.1396029
6+600,412,3.1396029
6+600,413,3.1396029
6+600,414,3.332654476
6+600,415,3.332654476
6+600,416,3.332654476
6+600,417,3.332654476
6+600,418,3.332654476
6+600,419,3.332654476
6+600,420,3.332654476
6+600,421,3.332654476
6+600,422,3.332654476
6+600,423,3.332654476
6+600,424,3.468972683
6+600,425,3.42975831
6+600,426,3.42975831
6+600,427,3.42975831
6+600,428,3.42975831
6+600,429,3.42975831
6+600,430,3.42975831
6+600,431,3.42975831
6+600,432,3.42975831
6+600,433,3.42975831
6+600,434,3.42975831
6+600,435,3.541110516
6+600,436,3.541110516
6+600,437,3.541110516
6+600,438,3.541110516
6+600,439,3.541110516
6+600,440,3.541110516
6+600,441,3.541110516
6+600,442,3.541110516
6+600,443,3.541110516
6+600,444,3.541110516
6+600,445,3.644278526
6+600,446,3.644278526
6+600,447,3.644278526
6+600,448,3.644278526
6+600,449,3.644278526
6+600,450,3.644278526
6+600,451,3.644278526
6+600,452,3.644278526
6+600,453,3.644278526
6+600,454,3.644278526
6+600,455,3.606595993
6+600,456,3.711945057
6+600,457,3.711945057
6+600,458,3.711945057
6+600,459,3.711945057
6+600,460,3.711945057
6+600,461,3.711945057
6+600,462,3.711945057
6+600,463,3.711945057
6+600,464,3.711945057
6+600,465,3.711945057
6+600,466,3.803569794
6+600,467,3.803569794
6+600,468,3.803569794
6+600,469,3.803569794
6+600,470,3.803569794
6+600,471,3.803569794
6+600,472,3.803569794
6+600,473,3.803569794
6+600,474,3.803569794
6+600,475,3.803569794
6+600,476,3.803569794
6+600,477,3.873250961
6+600,478,3.873250961
6+600,479,3.873250961
6+600,480,3.873250961
6+600,481,3.873250961
6+600,482,3.873250961
6+600,483,3.873250961
6+600,484,3.873250961
6+600,485,3.84425807
6+600,486,3.84425807
6+600,487,3.84425807
6+600,488,3.884016514
6+600,489,3.884016514
6+600,490,3.884016514
6+600,491,3.884016514
6+600,492,3.884016514
6+600,493,3.884016514
6+600,494,3.884016514
6+600,495,3.884016514
6+600,496,3.884016514
6+600,497,3.884016514
6+600,498,3.884016514
6+600,499,3.884016514
6+600,500,3.884016514
6+700,0,-2.983705
6+700,1,-3.224088
6+700,2,-3.081698
6+700,3,-3.182793
6+700,4,-3.218313
6+700,5,-2.75502
6+700,6,-3.088823
6+700,7,-2.845063
6+700,8,-3.12268
6+700,9,-2.909249
6+700,10,-2.869886
6+700,11,-2.952181
6+700,12,-3.014212
6+700,13,-3.04408
6+700,14,-3.075566
6+700,15,-2.785235
6+700,16,-2.83469
6+700,17,-2.767487
6+700,18,-3.187851
6+700,19,-2.884566
6+700,20,-2.78083
6+700,21,-3.159383
6+700,22,-3.216752
6+700,23,-2.87944
6+700,24,-2.962763
6+700,25,-2.829086
6+700,26,-3.180114
6+700,27,-2.852366
6+700,28,-3.149186
6+700,29,-3.168172
6+700,30,-3.167867
6+700,31,-2.842713
6+700,32,-2.917401
6+700,33,-2.988467
6+700,34,-3.070585
6+700,35,-2.8114
6+700,36,-3.053777
6+700,37,-2.8417
6+700,38,-3.030433
6+700,39,-3.061528
6+700,40,-3.01866
6+700,41,-3.099311
6+700,42,-2.876195
6+700,43,-2.99864
6+700,44,-3.133894
6+700,45,-2.800213
6+700,46,-3.058054
6+700,47,-2.978224
6+700,48,-2.796764
6+700,49,-2.937881
6+700,50,-3.191551
6+700,51,-2.780084
6+700,52,-2.936146
6+700,53,-3.082547
6+700,54,-3.180364
6+700,55,-2.852987
6+700,56,-2.939964
6+700,57,-2.983269
6+700,58,-2.803054
6+700,59,-2.855701
6+700,60,-3.174163
6+700,61,-3.094139
6+700,62,-3.125755
6+700,63,-2.878027
6+700,64,-3.233234
6+700,65,-2.965055
6+700,66,-2.868771
6+700,67,-2.811617
6+700,68,-3.078959
6+700,69,-2.839371
6+700,70,-3.194684
6+700,71,-2.826774
6+700,72,-3.186256
6+700,73,-3.051356
6+700,74,-2.851352
6+700,75,-3.175041
6+700,76,-3.135374
6+700,77,-2.888874
6+700,78,-2.889982
6+700,79,-2.929426
6+700,80,-2.903026
6+700,81,-2.978638
6+700,82,-3.1241
6+700,83,-3.077152
6+700,84,-3.159201
6+700,85,-2.795775
6+700,86,-2.958304
6+700,87,-3.049574
6+700,88,-3.018997
6+700,89,-2.776358
6+700,90,-3.173324
6+700,91,-2.956885
6+700,92,-2.997056
6+700,93,-2.944273
6+700,94,-3.240945
6+700,95,-2.813938
6+700,96,-2.783941
6+700,97,-2.967433
6+700,98,-2.901675
6+700,99,-2.78875
6+700,100,-3.171078682
6+700,101,-3.171078682
6+700,102,-3.171078682
6+700,103,-3.171078682
6+700,104,-3.171078682
6+700,105,-3.171078682
6+700,106,-3.112290859
6+700,107,-3.112290859
6+700,108,-3.112290859
6+700,109,-3.112290859
6+700,110,-3.112290859
6+700,111,-3.112290859
6+700,112,-3.112290859
6+700,113,-3.112290859
6+700,114,-3.112290859
6+700,115,-3.112290859
6+700,116,-3.024319887
6+700,117,-3.024319887
6+700,118,-3.024319887
6+700,119,-3.024319887
6+700,120,-3.024319887
6+700,121,-3.024319887
6+700,122,-3.024319887
6+700,123,-3.024319887
6+700,124,-3.024319887
6+700,125,-3.024319887
6+700,126,-3.024319887
6+700,127,-2.9589324
6+700,128,-2.9589324
6+700,129,-2.9589324
6+700,130,-2.9589324
6+700,131,-2.9589324
6+700,132,-2.9589324
6+700,133,-2.9589324
6+700,134,-2.9589324
6+700,135,-2.9589324
6+700,136,-2.9589324
6+700,137,-2.890758991
6+700,138,-2.890758991
6+700,139,-2.890758991
6+700,140,-2.890758991
6+700,141,-2.890758991
6+700,142,-2.890758991
6+700,143,-2.890758991
6+700,144,-2.890758991
6+700,145,-2.890758991
6+700,146,-2.86367321
6+700,147,-2.86367321
6+700,148,-2.792320967
6+700,149,-2.792320967
6+700,150,-2.792320967
6+700,151,-2.792320967
6+700,152,-2.792320967
6+700,153,-2.792320967
6+700,154,-2.792320967
6+700,155,-2.792320967
6+700,156,-2.792320967
6+700,157,-2.792320967
6+700,158,-2.792320967
6+700,159,-2.71864295
6+700,160,-2.71864295
6+700,161,-2.71864295
6+700,162,-2.71864295
6+700,163,-2.71864295
6+700,164,-2.71864295
6+700,165,-2.71864295
6+700,166,-2.71864295
6+700,167,-2.71864295
6+700,168,-2.71864295
6+700,169,-2.642972469
6+700,170,-2.642972469
6+700,171,-2.642972469
6+700,172,-2.642972469
6+700,173,-2.642972469
6+700,174,-2.642972469
6+700,175,-2.642972469
6+700,176,-2.615687609
6+700,177,-2.615687609
6+700,178,-2.615687609
6+700,179,-2.615687609
6+700,180,-2.538598776
6+700,181,-2.538598776
6+700,182,-2.538598776
6+700,183,-2.538598776
6+700,184,-2.538598776
6+700,185,-2.538598776
6+700,186,-2.538598776
6+700,187,-2.538598776
6+700,188,-2.538598776
6+700,189,-2.538598776
6+700,190,-2.460814714
6+700,191,-2.460814714
6+700,192,-2.460814714
6+700,193,-2.460814714
6+700,194,-2.460814714
6+700,195,-2.460814714
6+700,196,-2.460814714
6+700,197,-2.460814714
6+700,198,-2.460814714
6+700,199,-2.460814714
6+700,200,-2.460814714
6+700,201,-2.38303709
6+700,202,-2.38303709
6+700,203,-2.38303709
6+700,204,-2.38303709
6+700,205,-2.38303709
6+700,206,-2.38303709
6+700,207,-2.35874176
6+700,208,-2.35874176
6+700,209,-2.35874176
6+700,210,-2.35874176
6+700,211,-2.35874176
6+700,212,-2.283397198
6+700,213,-2.283397198
6+700,214,-2.283397198
6+700,215,-2.283397198
6+700,216,-2.283397198
6+700,217,-2.283397198
6+700,218,-2.283397198
6+700,219,-2.283397198
6+700,220,-2.283397198
6+700,221,-2.283397198
6+700,222,-2.209984779
6+700,223,-2.209984779
6+700,224,-2.209984779
6+700,225,-2.209984779
6+700,226,-2.209984779
6+700,227,-2.209984779
6+700,228,-2.209984779
6+700,229,-2.209984779
6+700,230,-2.209984779
6+700,231,-2.209984779
6+700,232,-2.209984779
6+700,233,-2.138664246
6+700,234,-2.138664246
6+700,235,-2.138664246
6+700,236,-2.138664246
6+700,237,-2.123144627
6+700,238,-2.123144627
6+700,239,-2.123144627
6+700,240,-2.123144627
6+700,241,-2.123144627
6+700,242,-2.123144627
6+700,243,-2.057657957
6+700,244,-2.057657957
6+700,245,-2.057657957
6+700,246,-2.057657957
6+700,247,-2.057657957
6+700,248,-2.057657957
6+700,249,-2.057657957
6+700,250,-2.057657957
6+700,251,-2.057657957
6+700,252,-2.057657957
6+700,253,-2.057657957
6+700,254,-1.992038488
6+700,255,-1.992038488
6+700,256,-1.992038488
6+700,257,-1.992038488
6+700,258,-1.992038488
6+700,259,-1.992038488
6+700,260,-1.992038488
6+700,261,-1.992038488
6+700,262,-1.992038488
6+700,263,-1.992038488
6+700,264,-1.922066212
6+700,265,-1.922066212
6+700,266,-1.922066212
6+700,267,-1.928001165
6+700,268,-1.928001165
6+700,269,-1.928001165
6+700,270,-1.928001165
6+700,271,-1.928001165
6+700,272,-1.928001165
6+700,273,-1.928001165
6+700,274,-1.928001165
6+700,275,-1.85776639
6+700,276,-1.85776639
6+700,277,-1.85776639
6+700,278,-1.85776639
6+700,279,-1.85776639
6+700,280,-1.85776639
6+700,281,-1.85776639
6+700,282,-1.85776639
6+700,283,-1.85776639
6+700,284,-1.85776639
6+700,285,-1.85776639
6+700,286,-1.759012699
6+700,287,-1.759012699
6+700,288,-1.759012699
6+700,289,-1.759012699
6+700,290,-1.759012699
6+700,291,-1.759012699
6+700,292,-1.759012699
6+700,293,-1.759012699
6+700,294,-1.759012699
6+700,295,-1.759012699
6+700,296,-1.628574848
6+700,297,-1.724440932
6+700,298,-1.724440932
6+700,299,-1.724440932
6+700,300,-1.724440932
6+700,301,-1.724440932
6+700,302,-1.724440932
6+700,303,-1.724440932
6+700,304,-1.724440932
6+700,305,-1.724440932
6+700,306,-1.724440932
6+700,307,-1.591262937
6+700,308,-1.591262937
6+700,309,-1.591262937
6+700,310,-1.591262937
6+700,311,-1.591262937
6+700,312,-1.591262937
6+700,313,-1.591262937
6+700,314,-1.591262937
6+700,315,-1.591262937
6+700,316,-1.591262937
6+700,317,-1.515733004
6+700,318,-1.515733004
6+700,319,-1.515733004
6+700,320,-1.515733004
6+700,321,-1.515733004
6+700,322,-1.515733004
6+700,323,-1.515733004
6+700,324,-1.515733004
6+700,325,-1.515733004
6+700,326,-1.515733004
6+700,327,-1.515733004
6+700,328,-1.484720945
6+700,329,-1.484720945
6+700,330,-1.484720945
6+700,331,-1.484720945
6+700,332,-1.484720945
6+700,333,-1.484720945
6+700,334,-1.484720945
6+700,335,-1.484720945
6+700,336,-1.484720945
6+700,337,-1.484720945
6+700,338,-1.484720945
6+700,339,-1.367569447
6+700,340,-1.367569447
6+700,341,-1.367569447
6+700,342,-1.367569447
6+700,343,-1.367569447
6+700,344,-1.367569447
6+700,345,-1.367569447
6+700,346,-1.367569447
6+700,347,-1.367569447
6+700,348,-1.367569447
6+700,349,-1.245637655
6+700,350,-1.245637655
6+700,351,-1.245637655
6+700,352,-1.245637655
6+700,353,-1.245637655
6+700,354,-1.245637655
6+700,355,-1.245637655
6+700,356,-1.245637655
6+700,357,-1.245637655
6+700,358,-1.121605635
6+700,359,-1.121605635
6+700,360,-1.032816172
6+700,361,-1.032816172
6+700,362,-1.032816172
6+700,363,-1.032816172
6+700,364,-1.032816172
6+700,365,-1.032816172
6+700,366,-1.032816172
6+700,367,-1.032816172
6+700,368,-1.032816172
6+700,369,-1.032816172
6+700,370,-0.773188829
6+700,371,-0.773188829
6+700,372,-0.773188829
6+700,373,-0.773188829
6+700,374,-0.773188829
6+700,375,-0.773188829
6+700,376,-0.773188829
6+700,377,-0.773188829
6+700,378,-0.773188829
6+700,379,-0.773188829
6+700,380,-0.773188829
6+700,381,-0.289732933
6+700,382,-0.289732933
6+700,383,-0.289732933
6+700,384,-0.289732933
6+700,385,-0.289732933
6+700,386,-0.289732933
6+700,387,-0.289732933
6+700,388,0.192082673
6+700,389,0.192082673
6+700,390,0.192082673
6+700,391,0.752399564
6+700,392,0.752399564
6+700,393,0.752399564
6+700,394,0.752399564
6+700,395,0.752399564
6+700,396,0.752399564
6+700,397,0.752399564
6+700,398,0.752399564
6+700,399,0.752399564
6+700,400,0.752399564
6+700,401,0.752399564
6+700,402,1.330183506
6+700,403,1.330183506
6+700,404,1.330183506
6+700,405,1.330183506
6+700,406,1.330183506
6+700,407,1.330183506
6+700,408,1.330183506
6+700,409,1.330183506
6+700,410,1.330183506
6+700,411,1.330183506
6+700,412,1.330183506
6+700,413,1.878928185
6+700,414,1.878928185
6+700,415,1.878928185
6+700,416,1.878928185
6+700,417,1.878928185
6+700,418,2.188892365
6+700,419,2.188892365
6+700,420,2.188892365
6+700,421,2.188892365
6+700,422,2.188892365
6+700,423,2.599468708
6+700,424,2.599468708
6+700,425,2.599468708
6+700,426,2.599468708
6+700,427,2.599468708
6+700,428,2.599468708
6+700,429,2.599468708
6+700,430,2.599468708
6+700,431,2.599468708
6+700,432,2.599468708
6+700,433,2.599468708
6+700,434,2.947228909
6+700,435,2.947228909
6+700,436,2.947228909
6+700,437,2.947228909
6+700,438,2.947228909
6+700,439,2.947228909
6+700,440,2.947228909
6+700,441,2.947228909
6+700,442,2.947228909
6+700,443,2.947228909
6+700,444,3.229268074
6+700,445,3.229268074
6+700,446,3.229268074
6+700,447,3.229268074
6+700,448,3.375674248
6+700,449,3.375674248
6+700,450,3.375674248
6+700,451,3.375674248
6+700,452,3.375674248
6+700,453,3.375674248
6+700,454,3.375674248
6+700,455,3.559457541
6+700,456,3.559457541
6+700,457,3.559457541
6+700,458,3.559457541
6+700,459,3.559457541
6+700,460,3.559457541
6+700,461,3.559457541
6+700,462,3.559457541
6+700,463,3.559457541
6+700,464,3.559457541
6+700,465,3.69913578
6+700,466,3.69913578
6+700,467,3.69913578
6+700,468,3.69913578
6+700,469,3.69913578
6+700,470,3.69913578
6+700,471,3.69913578
6+700,472,3.69913578
6+700,473,3.69913578
6+700,474,3.69913578
6+700,475,3.69913578
6+700,476,3.801583767
6+700,477,3.801583767
6+700,478,3.801583767
6+700,479,3.854053497
6+700,480,3.854053497
6+700,481,3.854053497
6+700,482,3.854053497
6+700,483,3.854053497
6+700,484,3.854053497
6+700,485,3.854053497
6+700,486,3.854053497
6+700,487,3.906934738
6+700,488,3.906934738
6+700,489,3.906934738
6+700,490,3.906934738
6+700,491,3.906934738
6+700,492,3.906934738
6+700,493,3.906934738
6+700,494,3.906934738
6+700,495,3.906934738
6+700,496,3.906934738
6+700,497,3.906934738
6+700,498,3.906934738
6+700,499,3.906934738
6+700,500,3.906934738
6+800,0,-2.896381
6+800,1,-3.17373
6+800,2,-2.961856
6+800,3,-2.946642
6+800,4,-3.037935
6+800,5,-2.881778
6+800,6,-2.782816
6+800,7,-2.787216
6+800,8,-3.02458
6+800,9,-3.193381
6+800,10,-2.757579
6+800,11,-2.830551
6+800,12,-3.187669
6+800,13,-2.789579
6+800,14,-2.815052
6+800,15,-2.990581
6+800,16,-2.954362
6+800,17,-3.050499
6+800,18,-3.222619
6+800,19,-3.082401
6+800,20,-2.848573
6+800,21,-3.247684
6+800,22,-3.08325
6+800,23,-3.050916
6+800,24,-2.981302
6+800,25,-2.790072
6+800,26,-3.076827
6+800,27,-3.076523
6+800,28,-2.881249
6+800,29,-3.023891
6+800,30,-3.137698
6+800,31,-3.02378
6+800,32,-3.179571
6+800,33,-3.161807
6+800,34,-3.000816
6+800,35,-3.040537
6+800,36,-2.792577
6+800,37,-3.068803
6+800,38,-2.959706
6+800,39,-2.933868
6+800,40,-3.243453
6+800,41,-2.918231
6+800,42,-3.160982
6+800,43,-2.769465
6+800,44,-3.175669
6+800,45,-3.042688
6+800,46,-3.207325
6+800,47,-2.751563
6+800,48,-2.998902
6+800,49,-2.952307
6+800,50,-3.216462
6+800,51,-2.87502
6+800,52,-3.145047
6+800,53,-2.800973
6+800,54,-3.14743
6+800,55,-3.154656
6+800,56,-3.231725
6+800,57,-3.013967
6+800,58,-2.967579
6+800,59,-3.217146
6+800,60,-2.862236
6+800,61,-3.023356
6+800,62,-2.987805
6+800,63,-3.029619
6+800,64,-3.049618
6+800,65,-2.97018
6+800,66,-3.17238
6+800,67,-3.159036
6+800,68,-2.819107
6+800,69,-2.776942
6+800,70,-3.063345
6+800,71,-3.114628
6+800,72,-2.928
6+800,73,-3.045633
6+800,74,-3.237307
6+800,75,-3.171924
6+800,76,-2.892014
6+800,77,-2.920538
6+800,78,-3.236452
6+800,79,-3.139014
6+800,80,-3.134463
6+800,81,-2.914054
6+800,82,-3.240145
6+800,83,-3.197946
6+800,84,-2.850042
6+800,85,-3.160728
6+800,86,-2.923627
6+800,87,-3.130909
6+800,88,-3.200279
6+800,89,-3.128414
6+800,90,-2.888867
6+800,91,-2.822152
6+800,92,-2.83489
6+800,93,-3.051408
6+800,94,-2.915957
6+800,95,-3.147508
6+800,96,-3.103426
6+800,97,-2.801832
6+800,98,-3.243499
6+800,99,-3.207246
6+800,100,-3.235651493
6+800,101,-3.235651493
6+800,102,-3.235651493
6+800,103,-3.235651493
6+800,104,-3.235651493
6+800,105,-3.177662849
6+800,106,-3.177662849
6+800,107,-3.177662849
6+800,108,-3.177662849
6+800,109,-3.177662849
6+800,110,-3.149524212
6+800,111,-3.149524212
6+800,112,-3.149524212
6+800,113,-3.149524212
6+800,114,-3.149524212
6+800,115,-3.087563038
6+800,116,-3.087563038
6+800,117,-3.087563038
6+800,118,-3.087563038
6+800,119,-3.087563038
6+800,120,-3.087563038
6+800,121,-3.087563038
6+800,122,-3.087563038
6+800,123,-3.087563038
6+800,124,-3.087563038
6+800,125,-3.087563038
6+800,126,-3.022966385
6+800,127,-3.022966385
6+800,128,-3.022966385
6+800,129,-3.022966385
6+800,130,-3.022966385
6+800,131,-3.022966385
6+800,132,-3.022966385
6+800,133,-3.022966385
6+800,134,-3.022966385
6+800,135,-3.022966385
6+800,136,-2.955903053
6+800,137,-2.955903053
6+800,138,-2.955903053
6+800,139,-2.955903053
6+800,140,-2.923784256
6+800,141,-2.923784256
6+800,142,-2.923784256
6+800,143,-2.923784256
6+800,144,-2.923784256
6+800,145,-2.923784256
6+800,146,-2.923784256
6+800,147,-2.853374481
6+800,148,-2.853374481
6+800,149,-2.853374481
6+800,150,-2.853374481
6+800,151,-2.853374481
6+800,152,-2.853374481
6+800,153,-2.853374481
6+800,154,-2.853374481
6+800,155,-2.853374481
6+800,156,-2.853374481
6+800,157,-2.853374481
6+800,158,-2.781101704
6+800,159,-2.781101704
6+800,160,-2.781101704
6+800,161,-2.781101704
6+800,162,-2.781101704
6+800,163,-2.781101704
6+800,164,-2.781101704
6+800,165,-2.781101704
6+800,166,-2.781101704
6+800,167,-2.781101704
6+800,168,-2.707409859
6+800,169,-2.707409859
6+800,170,-2.671771526
6+800,171,-2.671771526
6+800,172,-2.671771526
6+800,173,-2.671771526
6+800,174,-2.671771526
6+800,175,-2.671771526
6+800,176,-2.671771526
6+800,177,-2.671771526
6+800,178,-2.671771526
6+800,179,-2.596202612
6+800,180,-2.596202612
6+800,181,-2.596202612
6+800,182,-2.596202612
6+800,183,-2.596202612
6+800,184,-2.596202612
6+800,185,-2.596202612
6+800,186,-2.596202612
6+800,187,-2.596202612
6+800,188,-2.596202612
6+800,189,-2.520591259
6+800,190,-2.520591259
6+800,191,-2.520591259
6+800,192,-2.520591259
6+800,193,-2.520591259
6+800,194,-2.520591259
6+800,195,-2.520591259
6+800,196,-2.520591259
6+800,197,-2.520591259
6+800,198,-2.520591259
6+800,199,-2.520591259
6+800,200,-2.406847477
6+800,201,-2.406847477
6+800,202,-2.406847477
6+800,203,-2.406847477
6+800,204,-2.406847477
6+800,205,-2.406847477
6+800,206,-2.406847477
6+800,207,-2.406847477
6+800,208,-2.406847477
6+800,209,-2.406847477
6+800,210,-2.406847477
6+800,211,-2.333228111
6+800,212,-2.333228111
6+800,213,-2.333228111
6+800,214,-2.333228111
6+800,215,-2.333228111
6+800,216,-2.333228111
6+800,217,-2.333228111
6+800,218,-2.333228111
6+800,219,-2.333228111
6+800,220,-2.333228111
6+800,221,-2.262126446
6+800,222,-2.262126446
6+800,223,-2.262126446
6+800,224,-2.262126446
6+800,225,-2.262126446
6+800,226,-2.262126446
6+800,227,-2.262126446
6+800,228,-2.262126446
6+800,229,-2.262126446
6+800,230,-2.262126446
6+800,231,-2.22132659
6+800,232,-2.1519382
6+800,233,-2.1519382
6+800,234,-2.1519382
6+800,235,-2.1519382
6+800,236,-2.1519382
6+800,237,-2.1519382
6+800,238,-2.1519382
6+800,239,-2.1519382
6+800,240,-2.1519382
6+800,241,-2.1519382
6+800,242,-2.085272312
6+800,243,-2.085272312
6+800,244,-2.085272312
6+800,245,-2.085272312
6+800,246,-2.085272312
6+800,247,-2.085272312
6+800,248,-2.085272312
6+800,249,-2.085272312
6+800,250,-2.085272312
6+800,251,-2.085272312
6+800,252,-2.085272312
6+800,253,-2.021517277
6+800,254,-2.021517277
6+800,255,-2.021517277
6+800,256,-2.021517277
6+800,257,-2.021517277
6+800,258,-2.021517277
6+800,259,-2.021517277
6+800,260,-2.021517277
6+800,261,-1.978612661
6+800,262,-1.978612661
6+800,263,-1.913569093
6+800,264,-1.913569093
6+800,265,-1.913569093
6+800,266,-1.913569093
6+800,267,-1.913569093
6+800,268,-1.913569093
6+800,269,-1.913569093
6+800,270,-1.913569093
6+800,271,-1.913569093
6+800,272,-1.913569093
6+800,273,-1.913569093
6+800,274,-1.850405931
6+800,275,-1.850405931
6+800,276,-1.850405931
6+800,277,-1.850405931
6+800,278,-1.850405931
6+800,279,-1.850405931
6+800,280,-1.850405931
6+800,281,-1.850405931
6+800,282,-1.850405931
6+800,283,-1.850405931
6+800,284,-1.850405931
6+800,285,-1.790938377
6+800,286,-1.790938377
6+800,287,-1.790938377
6+800,288,-1.790938377
6+800,289,-1.790938377
6+800,290,-1.790938377
6+800,291,-1.753857851
6+800,292,-1.753857851
6+800,293,-1.753857851
6+800,294,-1.753857851
6+800,295,-1.700965047
6+800,296,-1.700965047
6+800,297,-1.700965047
6+800,298,-1.700965047
6+800,299,-1.700965047
6+800,300,-1.700965047
6+800,301,-1.700965047
6+800,302,-1.700965047
6+800,303,-1.700965047
6+800,304,-1.700965047
6+800,305,-1.700965047
6+800,306,-1.653895736
6+800,307,-1.653895736
6+800,308,-1.653895736
6+800,309,-1.653895736
6+800,310,-1.653895736
6+800,311,-1.653895736
6+800,312,-1.653895736
6+800,313,-1.653895736
6+800,314,-1.653895736
6+800,315,-1.653895736
6+800,316,-1.588355899
6+800,317,-1.588355899
6+800,318,-1.588355899
6+800,319,-1.588355899
6+800,320,-1.588355899
6+800,321,-1.531690121
6+800,322,-1.531690121
6+800,323,-1.531690121
6+800,324,-1.531690121
6+800,325,-1.531690121
6+800,326,-1.531690121
6+800,327,-1.403517842
6+800,328,-1.403517842
6+800,329,-1.403517842
6+800,330,-1.403517842
6+800,331,-1.403517842
6+800,332,-1.403517842
6+800,333,-1.403517842
6+800,334,-1.403517842
6+800,335,-1.403517842
6+800,336,-1.403517842
6+800,337,-1.403517842
6+800,338,-1.223409891
6+800,339,-1.223409891
6+800,340,-1.223409891
6+800,341,-1.223409891
6+800,342,-1.223409891
6+800,343,-1.223409891
6+800,344,-1.223409891
6+800,345,-1.223409891
6+800,346,-1.223409891
6+800,347,-1.223409891
6+800,348,-0.980612457
6+800,349,-0.980612457
6+800,350,-0.980612457
6+800,351,-0.949262977
6+800,352,-0.949262977
6+800,353,-0.949262977
6+800,354,-0.949262977
6+800,355,-0.949262977
6+800,356,-0.949262977
6+800,357,-0.949262977
6+800,358,-0.949262977
6+800,359,-0.661682427
6+800,360,-0.661682427
6+800,361,-0.661682427
6+800,362,-0.661682427
6+800,363,-0.661682427
6+800,364,-0.661682427
6+800,365,-0.661682427
6+800,366,-0.661682427
6+800,367,-0.661682427
6+800,368,-0.661682427
6+800,369,-1.057872176
6+800,370,-1.057872176
6+800,371,-1.057872176
6+800,372,-1.057872176
6+800,373,-1.057872176
6+800,374,-1.057872176
6+800,375,-1.057872176
6+800,376,-1.057872176
6+800,377,-1.057872176
6+800,378,-1.057872176
6+800,379,-1.057872176
6+800,380,-0.427702278
6+800,381,-0.427702278
6+800,382,-0.056418218
6+800,383,-0.056418218
6+800,384,-0.056418218
6+800,385,-0.056418218
6+800,386,-0.056418218
6+800,387,-0.056418218
6+800,388,-0.056418218
6+800,389,-0.056418218
6+800,390,0.837773919
6+800,391,0.837773919
6+800,392,0.837773919
6+800,393,0.837773919
6+800,394,0.837773919
6+800,395,0.837773919
6+800,396,0.837773919
6+800,397,0.837773919
6+800,398,0.837773919
6+800,399,0.837773919
6+800,400,0.837773919
6+800,401,1.640832663
6+800,402,1.640832663
6+800,403,1.640832663
6+800,404,1.640832663
6+800,405,1.640832663
6+800,406,1.640832663
6+800,407,1.640832663
6+800,408,1.640832663
6+800,409,1.640832663
6+800,410,1.640832663
6+800,411,1.640832663
6+800,412,2.459141731
6+800,413,2.459141731
6+800,414,2.459141731
6+800,415,2.459141731
6+800,416,2.459141731
6+800,417,2.459141731
6+800,418,2.459141731
6+800,419,2.459141731
6+800,420,2.459141731
6+800,421,2.459141731
6+800,422,2.815227509
6+800,423,2.815227509
6+800,424,2.815227509
6+800,425,2.815227509
6+800,426,2.815227509
6+800,427,2.815227509
6+800,428,2.815227509
6+800,429,2.815227509
6+800,430,2.815227509
6+800,431,2.815227509
6+800,432,2.815227509
6+800,433,3.067365885
6+800,434,3.067365885
6+800,435,3.067365885
6+800,436,3.067365885
6+800,437,3.067365885
6+800,438,3.067365885
6+800,439,3.067365885
6+800,440,3.067365885
6+800,441,3.067365885
6+800,442,3.148582697
6+800,443,3.313369274
6+800,444,3.313369274
6+800,445,3.313369274
6+800,446,3.313369274
6+800,447,3.313369274
6+800,448,3.313369274
6+800,449,3.313369274
6+800,450,3.313369274
6+800,451,3.313369274
6+800,452,3.313369274
6+800,453,3.313369274
6+800,454,3.440300226
6+800,455,3.440300226
6+800,456,3.440300226
6+800,457,3.440300226
6+800,458,3.440300226
6+800,459,3.440300226
6+800,460,3.440300226
6+800,461,3.440300226
6+800,462,3.440300226
6+800,463,3.440300226
6+800,464,3.440300226
6+800,465,3.543828487
6+800,466,3.543828487
6+800,467,3.543828487
6+800,468,3.543828487
6+800,469,3.543828487
6+800,470,3.543828487
6+800,471,3.543828487
6+800,472,3.608961105
6+800,473,3.608961105
6+800,474,3.608961105
6+800,475,3.698489666
6+800,476,3.698489666
6+800,477,3.698489666
6+800,478,3.698489666
6+800,479,3.698489666
6+800,480,3.698489666
6+800,481,3.698489666
6+800,482,3.698489666
6+800,483,3.698489666
6+800,484,3.698489666
6+800,485,3.698489666
6+800,486,3.771839142
6+800,487,3.771839142
6+800,488,3.771839142
6+800,489,3.771839142
6+800,490,3.771839142
6+800,491,3.771839142
6+800,492,3.771839142
6+800,493,3.771839142
6+800,494,3.771839142
6+800,495,3.771839142
6+800,496,3.771839142
6+800,497,3.771839142
6+800,498,3.771839142
6+800,499,3.771839142
6+800,500,3.771839142
6+900,0,-3.146057
6+900,1,-3.236734
6+900,2,-3.159282
6+900,3,-2.958479
6+900,4,-3.039288
6+900,5,-2.803664
6+900,6,-2.841278
6+900,7,-3.079091
6+900,8,-3.120288
6+900,9,-3.060154
6+900,10,-2.954853
6+900,11,-3.115968
6+900,12,-2.937926
6+900,13,-3.045294
6+900,14,-2.973976
6+900,15,-3.031937
6+900,16,-3.102767
6+900,17,-2.775773
6+900,18,-2.868197
6+900,19,-3.179943
6+900,20,-2.815766
6+900,21,-3.006284
6+900,22,-2.802724
6+900,23,-2.850072
6+900,24,-3.037393
6+900,25,-3.238765
6+900,26,-3.115661
6+900,27,-2.979183
6+900,28,-2.933261
6+900,29,-3.121056
6+900,30,-3.180322
6+900,31,-2.832535
6+900,32,-2.757799
6+900,33,-2.987155
6+900,34,-3.16416
6+900,35,-3.113846
6+900,36,-3.240805
6+900,37,-2.792851
6+900,38,-3.191124
6+900,39,-2.961742
6+900,40,-3.112972
6+900,41,-2.972911
6+900,42,-2.92429
6+900,43,-2.835129
6+900,44,-3.146789
6+900,45,-3.244502
6+900,46,-3.181557
6+900,47,-2.799991
6+900,48,-2.813055
6+900,49,-2.951293
6+900,50,-2.949742
6+900,51,-2.917482
6+900,52,-3.162314
6+900,53,-2.792794
6+900,54,-3.040615
6+900,55,-3.058431
6+900,56,-2.990541
6+900,57,-3.226517
6+900,58,-3.166858
6+900,59,-2.880983
6+900,60,-3.208601
6+900,61,-2.948424
6+900,62,-3.127325
6+900,63,-3.055352
6+900,64,-3.105653
6+900,65,-3.072164
6+900,66,-2.890477
6+900,67,-3.101439
6+900,68,-2.966798
6+900,69,-3.011975
6+900,70,-2.918164
6+900,71,-2.781585
6+900,72,-2.883714
6+900,73,-3.14253
6+900,74,-3.234408
6+900,75,-3.118868
6+900,76,-2.952461
6+900,77,-3.224287
6+900,78,-3.001817
6+900,79,-2.951579
6+900,80,-3.082878
6+900,81,-2.864544
6+900,82,-3.196701
6+900,83,-3.212431
6+900,84,-2.885906
6+900,85,-3.002254
6+900,86,-2.905799
6+900,87,-3.032586
6+900,88,-3.126799
6+900,89,-2.840449
6+900,90,-2.850292
6+900,91,-2.902652
6+900,92,-3.113927
6+900,93,-2.954885
6+900,94,-3.069513
6+900,95,-3.204209
6+900,96,-2.791343
6+900,97,-3.181591
6+900,98,-2.774881
6+900,99,-3.026997
6+900,100,-3.292302132
6+900,101,-3.292302132
6+900,102,-3.292302132
6+900,103,-3.270129681
6+900,104,-3.215742588
6+900,105,-3.215742588
6+900,106,-3.215742588
6+900,107,-3.215742588
6+900,108,-3.215742588
6+900,109,-3.215742588
6+900,110,-3.215742588
6+900,111,-3.215742588
6+900,112,-3.215742588
6+900,113,-3.215742588
6+900,114,-3.158682585
6+900,115,-3.158682585
6+900,116,-3.158682585
6+900,117,-3.158682585
6+900,118,-3.158682585
6+900,119,-3.158682585
6+900,120,-3.158682585
6+900,121,-3.158682585
6+900,122,-3.158682585
6+900,123,-3.158682585
6+900,124,-3.158682585
6+900,125,-3.099072695
6+900,126,-3.099072695
6+900,127,-3.099072695
6+900,128,-3.099072695
6+900,129,-3.099072695
6+900,130,-3.099072695
6+900,131,-3.099072695
6+900,132,-3.099072695
6+900,133,-3.099072695
6+900,134,-3.070327759
6+900,135,-3.006522655
6+900,136,-3.006522655
6+900,137,-3.006522655
6+900,138,-3.006522655
6+900,139,-3.006522655
6+900,140,-3.006522655
6+900,141,-3.006522655
6+900,142,-3.006522655
6+900,143,-3.006522655
6+900,144,-3.006522655
6+900,145,-3.006522655
6+900,146,-2.940377235
6+900,147,-2.940377235
6+900,148,-2.940377235
6+900,149,-2.940377235
6+900,150,-2.940377235
6+900,151,-2.940377235
6+900,152,-2.940377235
6+900,153,-2.940377235
6+900,154,-2.940377235
6+900,155,-2.940377235
6+900,156,-2.940377235
6+900,157,-2.872110605
6+900,158,-2.872110605
6+900,159,-2.872110605
6+900,160,-2.872110605
6+900,161,-2.872110605
6+900,162,-2.872110605
6+900,163,-2.872110605
6+900,164,-2.83789587
6+900,165,-2.83789587
6+900,166,-2.83789587
6+900,167,-2.766259193
6+900,168,-2.766259193
6+900,169,-2.766259193
6+900,170,-2.766259193
6+900,171,-2.766259193
6+900,172,-2.766259193
6+900,173,-2.766259193
6+900,174,-2.766259193
6+900,175,-2.766259193
6+900,176,-2.766259193
6+900,177,-2.766259193
6+900,178,-2.692597866
6+900,179,-2.692597866
6+900,180,-2.692597866
6+900,181,-2.692597866
6+900,182,-2.692597866
6+900,183,-2.692597866
6+900,184,-2.692597866
6+900,185,-2.692597866
6+900,186,-2.692597866
6+900,187,-2.692597866
6+900,188,-2.616783857
6+900,189,-2.616783857
6+900,190,-2.616783857
6+900,191,-2.616783857
6+900,192,-2.616783857
6+900,193,-2.616783857
6+900,194,-2.582178116
6+900,195,-2.582178116
6+900,196,-2.582178116
6+900,197,-2.582178116
6+900,198,-2.582178116
6+900,199,-2.504331589
6+900,200,-2.504331589
6+900,201,-2.504331589
6+900,202,-2.504331589
6+900,203,-2.504331589
6+900,204,-2.504331589
6+900,205,-2.504331589
6+900,206,-2.504331589
6+900,207,-2.504331589
6+900,208,-2.504331589
6+900,209,-2.504331589
6+900,210,-2.423976183
6+900,211,-2.423976183
6+900,212,-2.423976183
6+900,213,-2.423976183
6+900,214,-2.423976183
6+900,215,-2.423976183
6+900,216,-2.423976183
6+900,217,-2.423976183
6+900,218,-2.423976183
6+900,219,-2.423976183
6+900,220,-2.340818405
6+900,221,-2.340818405
6+900,222,-2.340818405
6+900,223,-2.340818405
6+900,224,-2.315979004
6+900,225,-2.315979004
6+900,226,-2.315979004
6+900,227,-2.315979004
6+900,228,-2.315979004
6+900,229,-2.315979004
6+900,230,-2.315979004
6+900,231,-2.233497143
6+900,232,-2.233497143
6+900,233,-2.233497143
6+900,234,-2.233497143
6+900,235,-2.233497143
6+900,236,-2.233497143
6+900,237,-2.233497143
6+900,238,-2.233497143
6+900,239,-2.233497143
6+900,240,-2.233497143
6+900,241,-2.149245739
6+900,242,-2.149245739
6+900,243,-2.149245739
6+900,244,-2.149245739
6+900,245,-2.149245739
6+900,246,-2.149245739
6+900,247,-2.149245739
6+900,248,-2.149245739
6+900,249,-2.149245739
6+900,250,-2.149245739
6+900,251,-2.149245739
6+900,252,-2.064318657
6+900,253,-2.064318657
6+900,254,-2.069710493
6+900,255,-2.069710493
6+900,256,-2.069710493
6+900,257,-2.069710493
6+900,258,-2.069710493
6+900,259,-2.069710493
6+900,260,-2.069710493
6+900,261,-2.069710493
6+900,262,-1.999308586
6+900,263,-1.999308586
6+900,264,-1.999308586
6+900,265,-1.999308586
6+900,266,-1.999308586
6+900,267,-1.999308586
6+900,268,-1.999308586
6+900,269,-1.999308586
6+900,270,-1.999308586
6+900,271,-1.999308586
6+900,272,-1.999308586
6+900,273,-1.939237118
6+900,274,-1.939237118
6+900,275,-1.939237118
6+900,276,-1.939237118
6+900,277,-1.939237118
6+900,278,-1.939237118
6+900,279,-1.939237118
6+900,280,-1.939237118
6+900,281,-1.939237118
6+900,282,-1.939237118
6+900,283,-1.939237118
6+900,284,-1.90170002
6+900,285,-1.972911239
6+900,286,-1.972911239
6+900,287,-1.972911239
6+900,288,-1.972911239
6+900,289,-1.972911239
6+900,290,-1.972911239
6+900,291,-1.972911239
6+900,292,-1.972911239
6+900,293,-1.972911239
6+900,294,-1.976515055
6+900,295,-1.976515055
6+900,296,-1.976515055
6+900,297,-1.976515055
6+900,298,-1.976515055
6+900,299,-1.976515055
6+900,300,-1.976515055
6+900,301,-1.976515055
6+900,302,-1.976515055
6+900,303,-1.976515055
6+900,304,-1.976515055
6+900,305,-1.987943649
6+900,306,-1.987943649
6+900,307,-1.987943649
6+900,308,-1.987943649
6+900,309,-1.987943649
6+900,310,-1.987943649
6+900,311,-1.987943649
6+900,312,-1.987943649
6+900,313,-1.987943649
6+900,314,-1.987943649
6+900,315,-2.011907101
6+900,316,-2.011907101
6+900,317,-2.011907101
6+900,318,-2.011907101
6+900,319,-2.011907101
6+900,320,-2.011907101
6+900,321,-2.011907101
6+900,322,-2.011907101
6+900,323,-2.011907101
6+900,324,-2.011907101
6+900,325,-2.011907101
6+900,326,-1.980486155
6+900,327,-1.980486155
6+900,328,-1.980486155
6+900,329,-1.980486155
6+900,330,-1.980486155
6+900,331,-1.980486155
6+900,332,-1.980486155
6+900,333,-1.980486155
6+900,334,-1.980486155
6+900,335,-1.980486155
6+900,336,-1.980486155
6+900,337,-1.856906414
6+900,338,-1.856906414
6+900,339,-1.856906414
6+900,340,-1.856906414
6+900,341,-1.856906414
6+900,342,-1.856906414
6+900,343,-1.856906414
6+900,344,-1.856906414
6+900,345,-1.8510741
6+900,346,-1.8510741
6+900,347,-1.645947933
6+900,348,-1.645947933
6+900,349,-1.645947933
6+900,350,-1.645947933
6+900,351,-1.645947933
6+900,352,-1.645947933
6+900,353,-1.645947933
6+900,354,-1.645947933
6+900,355,-1.645947933
6+900,356,-1.645947933
6+900,357,-1.645947933
6+900,358,-1.339835167
6+900,359,-1.339835167
6+900,360,-1.339835167
6+900,361,-1.339835167
6+900,362,-1.339835167
6+900,363,-1.339835167
6+900,364,-1.339835167
6+900,365,-1.339835167
6+900,366,-1.339835167
6+900,367,-1.339835167
6+900,368,-0.82999599
6+900,369,-0.82999599
6+900,370,-0.82999599
6+900,371,-0.82999599
6+900,372,-0.82999599
6+900,373,-0.82999599
6+900,374,-0.82999599
6+900,375,-0.833069324
6+900,376,-0.833069324
6+900,377,-0.833069324
6+900,378,-0.833069324
6+900,379,0.153508782
6+900,380,0.153508782
6+900,381,0.153508782
6+900,382,0.153508782
6+900,383,0.153508782
6+900,384,0.153508782
6+900,385,0.153508782
6+900,386,0.153508782
6+900,387,0.153508782
6+900,388,0.153508782
6+900,389,0.963401973
6+900,390,0.963401973
6+900,391,0.963401973
6+900,392,0.963401973
6+900,393,0.963401973
6+900,394,0.963401973
6+900,395,0.963401973
6+900,396,0.963401973
6+900,397,0.963401973
6+900,398,0.963401973
6+900,399,0.963401973
6+900,400,1.658121943
6+900,401,1.658121943
6+900,402,1.658121943
6+900,403,1.658121943
6+900,404,1.658121943
6+900,405,1.658121943
6+900,406,1.843564749
6+900,407,1.843564749
6+900,408,1.843564749
6+900,409,1.843564749
6+900,410,1.843564749
6+900,411,2.330383778
6+900,412,2.330383778
6+900,413,2.330383778
6+900,414,2.330383778
6+900,415,2.330383778
6+900,416,2.330383778
6+900,417,2.330383778
6+900,418,2.330383778
6+900,419,2.330383778
6+900,420,2.330383778
6+900,421,2.467617512
6+900,422,2.467617512
6+900,423,2.467617512
6+900,424,2.467617512
6+900,425,2.467617512
6+900,426,2.467617512
6+900,427,2.467617512
6+900,428,2.467617512
6+900,429,2.467617512
6+900,430,2.467617512
6+900,431,2.467617512
6+900,432,2.562285185
6+900,433,2.562285185
6+900,434,2.562285185
6+900,435,2.562285185
6+900,436,2.713880539
6+900,437,2.713880539
6+900,438,2.713880539
6+900,439,2.713880539
6+900,440,2.713880539
6+900,441,2.713880539
6+900,442,2.809732914
6+900,443,2.809732914
6+900,444,2.809732914
6+900,445,2.809732914
6+900,446,2.809732914
6+900,447,2.809732914
6+900,448,2.809732914
6+900,449,2.809732914
6+900,450,2.809732914
6+900,451,2.809732914
6+900,452,2.809732914
6+900,453,2.91777277
6+900,454,2.91777277
6+900,455,2.91777277
6+900,456,2.91777277
6+900,457,2.91777277
6+900,458,2.91777277
6+900,459,2.91777277
6+900,460,2.91777277
6+900,461,2.91777277
6+900,462,2.91777277
6+900,463,2.91777277
6+900,464,3.041271925
6+900,465,3.041271925
6+900,466,3.14038229
6+900,467,3.14038229
6+900,468,3.14038229
6+900,469,3.14038229
6+900,470,3.14038229
6+900,471,3.14038229
6+900,472,3.14038229
6+900,473,3.14038229
6+900,474,3.263988256
6+900,475,3.263988256
6+900,476,3.263988256
6+900,477,3.263988256
6+900,478,3.263988256
6+900,479,3.263988256
6+900,480,3.263988256
6+900,481,3.263988256
6+900,482,3.263988256
6+900,483,3.263988256
6+900,484,3.263988256
6+900,485,3.379690647
6+900,486,3.379690647
6+900,487,3.379690647
6+900,488,3.379690647
6+900,489,3.379690647
6+900,490,3.379690647
6+900,491,3.379690647
6+900,492,3.379690647
6+900,493,3.379690647
6+900,494,3.379690647
6+900,495,3.473891258
6+900,496,3.473891258
6+900,497,3.473891258
6+900,498,3.473891258
6+900,499,3.473891258
6+900,500,3.473891258
7+000,0,-3.157434
7+000,1,-2.97905
7+000,2,-2.813527
7+000,3,-2.883888
7+000,4,-2.846719
7+000,5,-2.920608
7+000,6,-2.903862
7+000,7,-2.825402
7+000,8,-3.125166
7+000,9,-3.005288
7+000,10,-3.139395
7+000,11,-2.756166
7+000,12,-2.77797
7+000,13,-3.230287
7+000,14,-2.897212
7+000,15,-2.787376
7+000,16,-3.159712
7+000,17,-2.966027
7+000,18,-2.792256
7+000,19,-3.233027
7+000,20,-2.90129
7+000,21,-3.101325
7+000,22,-2.787802
7+000,23,-2.764471
7+000,24,-2.777867
7+000,25,-3.012893
7+000,26,-2.818979
7+000,27,-2.827725
7+000,28,-3.09045
7+000,29,-2.835542
7+000,30,-3.231496
7+000,31,-2.951865
7+000,32,-3.134996
7+000,33,-3.189717
7+000,34,-3.211523
7+000,35,-2.901856
7+000,36,-3.080063
7+000,37,-2.887617
7+000,38,-3.217322
7+000,39,-3.092355
7+000,40,-2.980254
7+000,41,-2.854638
7+000,42,-3.090624
7+000,43,-2.937054
7+000,44,-2.807011
7+000,45,-2.942068
7+000,46,-3.13352
7+000,47,-3.2378
7+000,48,-2.814951
7+000,49,-3.239365
7+000,50,-2.812649
7+000,51,-2.985531
7+000,52,-2.780466
7+000,53,-2.850608
7+000,54,-2.751033
7+000,55,-3.074644
7+000,56,-2.866406
7+000,57,-3.049035
7+000,58,-3.010062
7+000,59,-2.936247
7+000,60,-2.813161
7+000,61,-2.757958
7+000,62,-2.865863
7+000,63,-3.041117
7+000,64,-3.039321
7+000,65,-2.881209
7+000,66,-3.130611
7+000,67,-3.194763
7+000,68,-3.072689
7+000,69,-3.106381
7+000,70,-3.101846
7+000,71,-3.133196
7+000,72,-3.228953
7+000,73,-3.241063
7+000,74,-2.756139
7+000,75,-3.036113
7+000,76,-3.057837
7+000,77,-2.910176
7+000,78,-3.140873
7+000,79,-2.775019
7+000,80,-2.856827
7+000,81,-3.205294
7+000,82,-3.04121
7+000,83,-2.810441
7+000,84,-2.777634
7+000,85,-3.016299
7+000,86,-2.943294
7+000,87,-3.166483
7+000,88,-2.754416
7+000,89,-3.134164
7+000,90,-2.778634
7+000,91,-2.925177
7+000,92,-2.946132
7+000,93,-2.993656
7+000,94,-3.134665
7+000,95,-3.161736
7+000,96,-3.139757
7+000,97,-3.156781
7+000,98,-2.860208
7+000,99,-3.074937
7+000,100,-3.297118664
7+000,101,-3.297118664
7+000,102,-3.297118664
7+000,103,-3.252161026
7+000,104,-3.252161026
7+000,105,-3.252161026
7+000,106,-3.252161026
7+000,107,-3.252161026
7+000,108,-3.252161026
7+000,109,-3.252161026
7+000,110,-3.252161026
7+000,111,-3.252161026
7+000,112,-3.252161026
7+000,113,-3.204777241
7+000,114,-3.204777241
7+000,115,-3.204777241
7+000,116,-3.204777241
7+000,117,-3.204777241
7+000,118,-3.204777241
7+000,119,-3.204777241
7+000,120,-3.204777241
7+000,121,-3.204777241
7+000,122,-3.204777241
7+000,123,-3.204777241
7+000,124,-3.154969215
7+000,125,-3.154969215
7+000,126,-3.154969215
7+000,127,-3.135737419
7+000,128,-3.135737419
7+000,129,-3.135737419
7+000,130,-3.135737419
7+000,131,-3.135737419
7+000,132,-3.135737419
7+000,133,-3.135737419
7+000,134,-3.135737419
7+000,135,-3.082468987
7+000,136,-3.082468987
7+000,137,-3.082468987
7+000,138,-3.082468987
7+000,139,-3.082468987
7+000,140,-3.082468987
7+000,141,-3.082468987
7+000,142,-3.082468987
7+000,143,-3.082468987
7+000,144,-3.082468987
7+000,145,-3.027047873
7+000,146,-3.027047873
7+000,147,-3.027047873
7+000,148,-3.027047873
7+000,149,-3.027047873
7+000,150,-3.027047873
7+000,151,-3.027047873
7+000,152,-3.027047873
7+000,153,-3.027047873
7+000,154,-3.027047873
7+000,155,-3.027047873
7+000,156,-2.96964407
7+000,157,-2.943466425
7+000,158,-2.943466425
7+000,159,-2.943466425
7+000,160,-2.943466425
7+000,161,-2.943466425
7+000,162,-2.943466425
7+000,163,-2.943466425
7+000,164,-2.943466425
7+000,165,-2.943466425
7+000,166,-2.883478642
7+000,167,-2.883478642
7+000,168,-2.883478642
7+000,169,-2.883478642
7+000,170,-2.883478642
7+000,171,-2.883478642
7+000,172,-2.883478642
7+000,173,-2.883478642
7+000,174,-2.883478642
7+000,175,-2.883478642
7+000,176,-2.883478642
7+000,177,-2.822330475
7+000,178,-2.822330475
7+000,179,-2.822330475
7+000,180,-2.822330475
7+000,181,-2.822330475
7+000,182,-2.822330475
7+000,183,-2.822330475
7+000,184,-2.822330475
7+000,185,-2.822330475
7+000,186,-2.822330475
7+000,187,-2.760489941
7+000,188,-2.729187012
7+000,189,-2.729187012
7+000,190,-2.729187012
7+000,191,-2.729187012
7+000,192,-2.729187012
7+000,193,-2.729187012
7+000,194,-2.729187012
7+000,195,-2.729187012
7+000,196,-2.729187012
7+000,197,-2.729187012
7+000,198,-2.666805267
7+000,199,-2.666805267
7+000,200,-2.666805267
7+000,201,-2.666805267
7+000,202,-2.666805267
7+000,203,-2.666805267
7+000,204,-2.666805267
7+000,205,-2.666805267
7+000,206,-2.666805267
7+000,207,-2.666805267
7+000,208,-2.666805267
7+000,209,-2.605098486
7+000,210,-2.605098486
7+000,211,-2.605098486
7+000,212,-2.605098486
7+000,213,-2.605098486
7+000,214,-2.605098486
7+000,215,-2.605098486
7+000,216,-2.605098486
7+000,217,-2.605098486
7+000,218,-2.567900181
7+000,219,-2.508131504
7+000,220,-2.508131504
7+000,221,-2.508131504
7+000,222,-2.508131504
7+000,223,-2.508131504
7+000,224,-2.508131504
7+000,225,-2.508131504
7+000,226,-2.508131504
7+000,227,-2.508131504
7+000,228,-2.508131504
7+000,229,-2.508131504
7+000,230,-2.452039242
7+000,231,-2.452039242
7+000,232,-2.452039242
7+000,233,-2.452039242
7+000,234,-2.452039242
7+000,235,-2.452039242
7+000,236,-2.452039242
7+000,237,-2.452039242
7+000,238,-2.452039242
7+000,239,-2.452039242
7+000,240,-2.400537491
7+000,241,-2.400537491
7+000,242,-2.400537491
7+000,243,-2.400537491
7+000,244,-2.400537491
7+000,245,-2.400537491
7+000,246,-2.400537491
7+000,247,-2.400537491
7+000,248,-2.35701251
7+000,249,-2.35701251
7+000,250,-2.35701251
7+000,251,-2.316041946
7+000,252,-2.316041946
7+000,253,-2.316041946
7+000,254,-2.316041946
7+000,255,-2.316041946
7+000,256,-2.316041946
7+000,257,-2.316041946
7+000,258,-2.316041946
7+000,259,-2.316041946
7+000,260,-2.316041946
7+000,261,-2.316041946
7+000,262,-2.283354282
7+000,263,-2.283354282
7+000,264,-2.283354282
7+000,265,-2.283354282
7+000,266,-2.283354282
7+000,267,-2.283354282
7+000,268,-2.283354282
7+000,269,-2.283354282
7+000,270,-2.283354282
7+000,271,-2.283354282
7+000,272,-2.248183727
7+000,273,-2.248183727
7+000,274,-2.248183727
7+000,275,-2.248183727
7+000,276,-2.248183727
7+000,277,-2.248183727
7+000,278,-2.220251799
7+000,279,-2.220251799
7+000,280,-2.220251799
7+000,281,-2.220251799
7+000,282,-2.220251799
7+000,283,-2.130871296
7+000,284,-2.130871296
7+000,285,-2.130871296
7+000,286,-2.130871296
7+000,287,-2.130871296
7+000,288,-2.130871296
7+000,289,-2.130871296
7+000,290,-2.130871296
7+000,291,-2.130871296
7+000,292,-2.130871296
7+000,293,-2.104683638
7+000,294,-2.104683638
7+000,295,-2.104683638
7+000,296,-2.104683638
7+000,297,-2.104683638
7+000,298,-2.104683638
7+000,299,-2.104683638
7+000,300,-2.104683638
7+000,301,-2.104683638
7+000,302,-2.104683638
7+000,303,-2.104683638
7+000,304,-1.952790976
7+000,305,-1.952790976
7+000,306,-1.952790976
7+000,307,-1.952790976
7+000,308,-1.952790976
7+000,309,-1.973347425
7+000,310,-1.973347425
7+000,311,-1.973347425
7+000,312,-1.973347425
7+000,313,-1.973347425
7+000,314,-1.770807862
7+000,315,-1.770807862
7+000,316,-1.770807862
7+000,317,-1.770807862
7+000,318,-1.770807862
7+000,319,-1.770807862
7+000,320,-1.770807862
7+000,321,-1.770807862
7+000,322,-1.770807862
7+000,323,-1.770807862
7+000,324,-1.770807862
7+000,325,-1.534878731
7+000,326,-1.534878731
7+000,327,-1.534878731
7+000,328,-1.534878731
7+000,329,-1.534878731
7+000,330,-1.534878731
7+000,331,-1.534878731
7+000,332,-1.534878731
7+000,333,-1.534878731
7+000,334,-1.534878731
7+000,335,-1.534878731
7+000,336,-1.300718188
7+000,337,-1.300718188
7+000,338,-1.300718188
7+000,339,-1.610367894
7+000,340,-1.610367894
7+000,341,-1.610367894
7+000,342,-1.610367894
7+000,343,-1.610367894
7+000,344,-1.610367894
7+000,345,-1.610367894
7+000,346,-1.336091518
7+000,347,-1.336091518
7+000,348,-1.336091518
7+000,349,-1.336091518
7+000,350,-1.336091518
7+000,351,-1.336091518
7+000,352,-1.336091518
7+000,353,-1.336091518
7+000,354,-1.336091518
7+000,355,-1.336091518
7+000,356,-1.336091518
7+000,357,-0.906225026
7+000,358,-0.906225026
7+000,359,-0.906225026
7+000,360,-0.906225026
7+000,361,-0.906225026
7+000,362,-0.906225026
7+000,363,-0.906225026
7+000,364,-0.906225026
7+000,365,-0.906225026
7+000,366,-0.906225026
7+000,367,-0.380627662
7+000,368,-0.380627662
7+000,369,-0.44118017
7+000,370,-0.44118017
7+000,371,-0.44118017
7+000,372,-0.44118017
7+000,373,-0.44118017
7+000,374,-0.44118017
7+000,375,-0.44118017
7+000,376,-0.44118017
7+000,377,-0.44118017
7+000,378,0.047376156
7+000,379,0.047376156
7+000,380,0.047376156
7+000,381,0.047376156
7+000,382,0.047376156
7+000,383,0.047376156
7+000,384,0.047376156
7+000,385,0.047376156
7+000,386,0.047376156
7+000,387,0.047376156
7+000,388,0.489052355
7+000,389,0.489052355
7+000,390,0.489052355
7+000,391,0.489052355
7+000,392,0.489052355
7+000,393,0.489052355
7+000,394,0.489052355
7+000,395,0.489052355
7+000,396,0.489052355
7+000,397,0.489052355
7+000,398,0.489052355
7+000,399,1.042656183
7+000,400,1.042656183
7+000,401,1.042656183
7+000,402,1.042656183
7+000,403,1.042656183
7+000,404,1.042656183
7+000,405,1.042656183
7+000,406,1.042656183
7+000,407,1.042656183
7+000,408,1.042656183
7+000,409,1.042656183
7+000,410,1.494863033
7+000,411,1.494863033
7+000,412,1.494863033
7+000,413,1.494863033
7+000,414,1.494863033
7+000,415,1.494863033
7+000,416,1.494863033
7+000,417,1.494863033
7+000,418,1.494863033
7+000,419,1.494863033
7+000,420,1.89888978
7+000,421,1.89888978
7+000,422,1.89888978
7+000,423,1.89888978
7+000,424,1.89888978
7+000,425,1.89888978
7+000,426,1.89888978
7+000,427,1.89888978
7+000,428,1.89888978
7+000,429,1.862333536
7+000,430,1.862333536
7+000,431,2.15946579
7+000,432,2.15946579
7+000,433,2.15946579
7+000,434,2.15946579
7+000,435,2.15946579
7+000,436,2.15946579
7+000,437,2.15946579
7+000,438,2.15946579
7+000,439,2.15946579
7+000,440,2.15946579
7+000,441,2.421452284
7+000,442,2.421452284
7+000,443,2.421452284
7+000,444,2.421452284
7+000,445,2.421452284
7+000,446,2.421452284
7+000,447,2.421452284
7+000,448,2.421452284
7+000,449,2.421452284
7+000,450,2.421452284
7+000,451,2.421452284
7+000,452,2.651371956
7+000,453,2.651371956
7+000,454,2.651371956
7+000,455,2.651371956
7+000,456,2.651371956
7+000,457,2.651371956
7+000,458,2.651371956
7+000,459,2.651371956
7+000,460,2.655316353
7+000,461,2.655316353
7+000,462,2.655316353
7+000,463,2.850371361
7+000,464,2.850371361
7+000,465,2.850371361
7+000,466,2.850371361
7+000,467,2.850371361
7+000,468,2.850371361
7+000,469,2.850371361
7+000,470,2.850371361
7+000,471,2.850371361
7+000,472,2.850371361
7+000,473,3.02133894
7+000,474,3.02133894
7+000,475,3.02133894
7+000,476,3.02133894
7+000,477,3.02133894
7+000,478,3.02133894
7+000,479,3.02133894
7+000,480,3.02133894
7+000,481,3.02133894
7+000,482,3.02133894
7+000,483,3.02133894
7+000,484,3.171084642
7+000,485,3.171084642
7+000,486,3.171084642
7+000,487,3.171084642
7+000,488,3.171084642
7+000,489,3.171084642
7+000,490,3.175131321
7+000,491,3.175131321
7+000,492,3.175131321
7+000,493,3.175131321
7+000,494,3.175131321
7+000,495,3.175131321
7+000,496,3.175131321
7+000,497,3.175131321
7+000,498,3.175131321
7+000,499,3.175131321
7+000,500,3.175131321
7+100,0,-3.221079
7+100,1,-2.765449
7+100,2,-2.808107
7+100,3,-2.786124
7+100,4,-2.752546
7+100,5,-3.163052
7+100,6,-3.051879
7+100,7,-2.870881
7+100,8,-2.90199
7+100,9,-3.173052
7+100,10,-2.842083
7+100,11,-3.13778
7+100,12,-3.138091
7+100,13,-2.981513
7+100,14,-2.95353
7+100,15,-2.959957
7+100,16,-3.204257
7+100,17,-2.81127
7+100,18,-3.1172
7+100,19,-3.185243
7+100,20,-2.805626
7+100,21,-2.772174
7+100,22,-2.818936
7+100,23,-2.845242
7+100,24,-2.922379
7+100,25,-2.974571
7+100,26,-3.206507
7+100,27,-3.045773
7+100,28,-3.063656
7+100,29,-3.120123
7+100,30,-2.88829
7+100,31,-3.002062
7+100,32,-3.209477
7+100,33,-3.139908
7+100,34,-2.908371
7+100,35,-3.211935
7+100,36,-2.824397
7+100,37,-3.002427
7+100,38,-3.009707
7+100,39,-2.953796
7+100,40,-2.83766
7+100,41,-3.076095
7+100,42,-2.910992
7+100,43,-2.967134
7+100,44,-3.116486
7+100,45,-2.810685
7+100,46,-2.851287
7+100,47,-2.920774
7+100,48,-2.824709
7+100,49,-2.816353
7+100,50,-2.895819
7+100,51,-2.831493
7+100,52,-2.901264
7+100,53,-2.90993
7+100,54,-2.940694
7+100,55,-2.873642
7+100,56,-3.170697
7+100,57,-2.809565
7+100,58,-2.814078
7+100,59,-3.235376
7+100,60,-2.837092
7+100,61,-3.185565
7+100,62,-3.082441
7+100,63,-2.878246
7+100,64,-3.16962
7+100,65,-2.841016
7+100,66,-2.833933
7+100,67,-2.996266
7+100,68,-3.246807
7+100,69,-3.106481
7+100,70,-2.941537
7+100,71,-2.759407
7+100,72,-2.934093
7+100,73,-3.120098
7+100,74,-2.932997
7+100,75,-2.980007
7+100,76,-2.860077
7+100,77,-3.19651
7+100,78,-2.869486
7+100,79,-2.979367
7+100,80,-2.768504
7+100,81,-3.079064
7+100,82,-2.933689
7+100,83,-2.783986
7+100,84,-3.198745
7+100,85,-2.781386
7+100,86,-2.906057
7+100,87,-3.216081
7+100,88,-3.099518
7+100,89,-2.895914
7+100,90,-3.216325
7+100,91,-2.958915
7+100,92,-3.077058
7+100,93,-2.939542
7+100,94,-3.227129
7+100,95,-2.814232
7+100,96,-2.763256
7+100,97,-2.765561
7+100,98,-2.875174
7+100,99,-3.184957
7+100,100,-3.247715473
7+100,101,-3.247715473
7+100,102,-3.204985857
7+100,103,-3.204985857
7+100,104,-3.204985857
7+100,105,-3.204985857
7+100,106,-3.204985857
7+100,107,-3.204985857
7+100,108,-3.204985857
7+100,109,-3.204985857
7+100,110,-3.204985857
7+100,111,-3.204985857
7+100,112,-3.159709454
7+100,113,-3.159709454
7+100,114,-3.159709454
7+100,115,-3.159709454
7+100,116,-3.159709454
7+100,117,-3.159709454
7+100,118,-3.159709454
7+100,119,-3.159709454
7+100,120,-3.159709454
7+100,121,-3.152862072
7+100,122,-3.152862072
7+100,123,-3.103672504
7+100,124,-3.103672504
7+100,125,-3.103672504
7+100,126,-3.103672504
7+100,127,-3.103672504
7+100,128,-3.103672504
7+100,129,-3.103672504
7+100,130,-3.103672504
7+100,131,-3.103672504
7+100,132,-3.103672504
7+100,133,-3.103672504
7+100,134,-3.05181694
7+100,135,-3.05181694
7+100,136,-3.05181694
7+100,137,-3.05181694
7+100,138,-3.05181694
7+100,139,-3.05181694
7+100,140,-3.05181694
7+100,141,-3.05181694
7+100,142,-3.05181694
7+100,143,-3.05181694
7+100,144,-2.997316122
7+100,145,-2.997316122
7+100,146,-2.997316122
7+100,147,-2.997316122
7+100,148,-2.997316122
7+100,149,-2.997316122
7+100,150,-2.997316122
7+100,151,-2.985555649
7+100,152,-2.985555649
7+100,153,-2.985555649
7+100,154,-2.985555649
7+100,155,-2.927181721
7+100,156,-2.927181721
7+100,157,-2.927181721
7+100,158,-2.927181721
7+100,159,-2.927181721
7+100,160,-2.927181721
7+100,161,-2.927181721
7+100,162,-2.927181721
7+100,163,-2.927181721
7+100,164,-2.927181721
7+100,165,-2.866393805
7+100,166,-2.866393805
7+100,167,-2.866393805
7+100,168,-2.866393805
7+100,169,-2.866393805
7+100,170,-2.866393805
7+100,171,-2.866393805
7+100,172,-2.866393805
7+100,173,-2.866393805
7+100,174,-2.866393805
7+100,175,-2.866393805
7+100,176,-2.803413391
7+100,177,-2.803413391
7+100,178,-2.803413391
7+100,179,-2.803413391
7+100,180,-2.803413391
7+100,181,-2.787725925
7+100,182,-2.787725925
7+100,183,-2.787725925
7+100,184,-2.787725925
7+100,185,-2.787725925
7+100,186,-2.722030401
7+100,187,-2.722030401
7+100,188,-2.722030401
7+100,189,-2.722030401
7+100,190,-2.722030401
7+100,191,-2.722030401
7+100,192,-2.722030401
7+100,193,-2.722030401
7+100,194,-2.722030401
7+100,195,-2.722030401
7+100,196,-2.722030401
7+100,197,-2.65487051
7+100,198,-2.65487051
7+100,199,-2.65487051
7+100,200,-2.65487051
7+100,201,-2.65487051
7+100,202,-2.65487051
7+100,203,-2.65487051
7+100,204,-2.65487051
7+100,205,-2.65487051
7+100,206,-2.65487051
7+100,207,-2.65487051
7+100,208,-2.586544991
7+100,209,-2.586544991
7+100,210,-2.586544991
7+100,211,-2.586544991
7+100,212,-2.571192026
7+100,213,-2.571192026
7+100,214,-2.571192026
7+100,215,-2.571192026
7+100,216,-2.571192026
7+100,217,-2.571192026
7+100,218,-2.502927303
7+100,219,-2.502927303
7+100,220,-2.502927303
7+100,221,-2.502927303
7+100,222,-2.502927303
7+100,223,-2.502927303
7+100,224,-2.502927303
7+100,225,-2.502927303
7+100,226,-2.502927303
7+100,227,-2.502927303
7+100,228,-2.502927303
7+100,229,-2.434330463
7+100,230,-2.434330463
7+100,231,-2.434330463
7+100,232,-2.434330463
7+100,233,-2.434330463
7+100,234,-2.434330463
7+100,235,-2.434330463
7+100,236,-2.434330463
7+100,237,-2.434330463
7+100,238,-2.434330463
7+100,239,-2.36534071
7+100,240,-2.36534071
7+100,241,-2.36534071
7+100,242,-2.362300634
7+100,243,-2.362300634
7+100,244,-2.362300634
7+100,245,-2.362300634
7+100,246,-2.362300634
7+100,247,-2.362300634
7+100,248,-2.362300634
7+100,249,-2.362300634
7+100,250,-2.298549891
7+100,251,-2.298549891
7+100,252,-2.298549891
7+100,253,-2.298549891
7+100,254,-2.298549891
7+100,255,-2.298549891
7+100,256,-2.298549891
7+100,257,-2.298549891
7+100,258,-2.298549891
7+100,259,-2.298549891
7+100,260,-2.298549891
7+100,261,-2.235405684
7+100,262,-2.235405684
7+100,263,-2.235405684
7+100,264,-2.235405684
7+100,265,-2.235405684
7+100,266,-2.235405684
7+100,267,-2.235405684
7+100,268,-2.235405684
7+100,269,-2.235405684
7+100,270,-2.235405684
7+100,271,-2.174716473
7+100,272,-2.198905468
7+100,273,-2.198905468
7+100,274,-2.198905468
7+100,275,-2.198905468
7+100,276,-2.198905468
7+100,277,-2.198905468
7+100,278,-2.198905468
7+100,279,-2.198905468
7+100,280,-2.198905468
7+100,281,-2.198905468
7+100,282,-2.144412518
7+100,283,-2.144412518
7+100,284,-2.144412518
7+100,285,-2.144412518
7+100,286,-2.144412518
7+100,287,-2.144412518
7+100,288,-2.144412518
7+100,289,-2.144412518
7+100,290,-2.144412518
7+100,291,-2.144412518
7+100,292,-2.103844404
7+100,293,-2.103844404
7+100,294,-2.103844404
7+100,295,-2.103844404
7+100,296,-2.103844404
7+100,297,-2.103844404
7+100,298,-2.103844404
7+100,299,-2.103844404
7+100,300,-2.103844404
7+100,301,-2.103844404
7+100,302,-2.19704175
7+100,303,-2.186513186
7+100,304,-2.186513186
7+100,305,-2.186513186
7+100,306,-2.186513186
7+100,307,-2.186513186
7+100,308,-2.186513186
7+100,309,-2.186513186
7+100,310,-2.186513186
7+100,311,-2.186513186
7+100,312,-2.186513186
7+100,313,-2.207726002
7+100,314,-2.207726002
7+100,315,-2.207726002
7+100,316,-2.207726002
7+100,317,-2.207726002
7+100,318,-2.207726002
7+100,319,-2.207726002
7+100,320,-2.207726002
7+100,321,-2.207726002
7+100,322,-2.207726002
7+100,323,-2.207726002
7+100,324,-2.228322983
7+100,325,-2.228322983
7+100,326,-2.228322983
7+100,327,-2.228322983
7+100,328,-2.228322983
7+100,329,-2.228322983
7+100,330,-2.228322983
7+100,331,-2.228322983
7+100,332,-2.175356388
7+100,333,-2.175356388
7+100,334,-2.175356388
7+100,335,-2.124989748
7+100,336,-2.124989748
7+100,337,-2.124989748
7+100,338,-2.124989748
7+100,339,-2.124989748
7+100,340,-2.124989748
7+100,341,-2.124989748
7+100,342,-2.124989748
7+100,343,-2.124989748
7+100,344,-2.124989748
7+100,345,-1.864917994
7+100,346,-1.864917994
7+100,347,-1.864917994
7+100,348,-1.864917994
7+100,349,-1.864917994
7+100,350,-1.864917994
7+100,351,-1.864917994
7+100,352,-1.864917994
7+100,353,-1.864917994
7+100,354,-1.864917994
7+100,355,-1.864917994
7+100,356,-1.23388195
7+100,357,-1.23388195
7+100,358,-1.23388195
7+100,359,-1.23388195
7+100,360,-1.23388195
7+100,361,-1.23388195
7+100,362,-1.23388195
7+100,363,-1.256525993
7+100,364,-1.256525993
7+100,365,-1.256525993
7+100,366,-0.224600166
7+100,367,-0.224600166
7+100,368,-0.224600166
7+100,369,-0.224600166
7+100,370,-0.224600166
7+100,371,-0.224600166
7+100,372,-0.224600166
7+100,373,-0.224600166
7+100,374,-0.224600166
7+100,375,-0.224600166
7+100,376,-0.224600166
7+100,377,0.702495217
7+100,378,0.702495217
7+100,379,0.702495217
7+100,380,0.702495217
7+100,381,0.702495217
7+100,382,0.702495217
7+100,383,0.702495217
7+100,384,0.702495217
7+100,385,0.702495217
7+100,386,0.702495217
7+100,387,0.702495217
7+100,388,1.447233081
7+100,389,1.447233081
7+100,390,1.447233081
7+100,391,1.447233081
7+100,392,1.447233081
7+100,393,1.47727704
7+100,394,1.47727704
7+100,395,1.47727704
7+100,396,1.47727704
7+100,397,1.47727704
7+100,398,2.057452679
7+100,399,2.057452679
7+100,400,2.057452679
7+100,401,2.057452679
7+100,402,2.057452679
7+100,403,2.057452679
7+100,404,2.057452679
7+100,405,2.057452679
7+100,406,2.057452679
7+100,407,2.057452679
7+100,408,2.057452679
7+100,409,2.375398636
7+100,410,2.375398636
7+100,411,2.375398636
7+100,412,2.375398636
7+100,413,2.375398636
7+100,414,2.375398636
7+100,415,2.375398636
7+100,416,2.375398636
7+100,417,2.375398636
7+100,418,2.375398636
7+100,419,2.609435797
7+100,420,2.609435797
7+100,421,2.609435797
7+100,422,2.609435797
7+100,423,2.670810699
7+100,424,2.670810699
7+100,425,2.670810699
7+100,426,2.670810699
7+100,427,2.670810699
7+100,428,2.670810699
7+100,429,2.670810699
7+100,430,2.907229185
7+100,431,2.907229185
7+100,432,2.907229185
7+100,433,2.907229185
7+100,434,2.907229185
7+100,435,2.907229185
7+100,436,2.907229185
7+100,437,2.907229185
7+100,438,2.907229185
7+100,439,2.907229185
7+100,440,3.102426529
7+100,441,3.102426529
7+100,442,3.102426529
7+100,443,3.102426529
7+100,444,3.102426529
7+100,445,3.102426529
7+100,446,3.102426529
7+100,447,3.102426529
7+100,448,3.102426529
7+100,449,3.102426529
7+100,450,3.102426529
7+100,451,3.263268232
7+100,452,3.263268232
7+100,453,3.308413029
7+100,454,3.308413029
7+100,455,3.308413029
7+100,456,3.308413029
7+100,457,3.308413029
7+100,458,3.308413029
7+100,459,3.308413029
7+100,460,3.308413029
7+100,461,3.308413029
7+100,462,3.434449673
7+100,463,3.434449673
7+100,464,3.434449673
7+100,465,3.434449673
7+100,466,3.434449673
7+100,467,3.434449673
7+100,468,3.434449673
7+100,469,3.434449673
7+100,470,3.434449673
7+100,471,3.434449673
7+100,472,3.534659624
7+100,473,3.534659624
7+100,474,3.534659624
7+100,475,3.534659624
7+100,476,3.534659624
7+100,477,3.534659624
7+100,478,3.534659624
7+100,479,3.534659624
7+100,480,3.534659624
7+100,481,3.534659624
7+100,482,3.534659624
7+100,483,3.617050409
7+100,484,3.626817942
7+100,485,3.626817942
7+100,486,3.626817942
7+100,487,3.626817942
7+100,488,3.626817942
7+100,489,3.626817942
7+100,490,3.626817942
7+100,491,3.626817942
7+100,492,3.626817942
7+100,493,3.690475464
7+100,494,3.690475464
7+100,495,3.690475464
7+100,496,3.690475464
7+100,497,3.690475464
7+100,498,3.690475464
7+100,499,3.690475464
7+100,500,3.690475464
7+200,0,-2.870868
7+200,1,-3.237707
7+200,2,-3.238938
7+200,3,-3.088195
7+200,4,-3.005678
7+200,5,-2.864796
7+200,6,-2.908352
7+200,7,-3.027049
7+200,8,-3.113187
7+200,9,-2.751438
7+200,10,-3.036909
7+200,11,-3.024306
7+200,12,-3.168188
7+200,13,-2.852595
7+200,14,-2.903159
7+200,15,-3.139615
7+200,16,-3.208809
7+200,17,-2.90975
7+200,18,-2.922744
7+200,19,-3.11337
7+200,20,-2.774568
7+200,21,-3.174471
7+200,22,-3.033833
7+200,23,-2.778192
7+200,24,-3.040136
7+200,25,-2.930737
7+200,26,-3.051203
7+200,27,-3.112892
7+200,28,-2.758011
7+200,29,-3.045333
7+200,30,-2.80295
7+200,31,-3.135023
7+200,32,-3.143448
7+200,33,-3.234433
7+200,34,-2.924167
7+200,35,-3.065737
7+200,36,-2.817821
7+200,37,-3.013395
7+200,38,-2.765903
7+200,39,-3.157237
7+200,40,-2.815688
7+200,41,-2.861702
7+200,42,-2.864539
7+200,43,-2.827608
7+200,44,-2.869488
7+200,45,-2.93689
7+200,46,-3.184378
7+200,47,-3.233737
7+200,48,-2.789576
7+200,49,-2.941675
7+200,50,-2.851731
7+200,51,-3.009239
7+200,52,-3.191346
7+200,53,-3.187407
7+200,54,-2.907217
7+200,55,-3.034847
7+200,56,-3.149738
7+200,57,-3.004203
7+200,58,-3.217896
7+200,59,-2.959014
7+200,60,-3.115503
7+200,61,-2.85122
7+200,62,-3.094819
7+200,63,-3.02239
7+200,64,-3.24419
7+200,65,-3.213777
7+200,66,-3.053753
7+200,67,-3.010031
7+200,68,-2.94999
7+200,69,-3.104169
7+200,70,-2.902509
7+200,71,-2.819939
7+200,72,-2.860075
7+200,73,-3.230191
7+200,74,-3.009747
7+200,75,-3.197535
7+200,76,-3.128977
7+200,77,-2.756669
7+200,78,-3.178752
7+200,79,-3.000556
7+200,80,-2.940922
7+200,81,-2.898768
7+200,82,-2.970176
7+200,83,-3.245115
7+200,84,-3.086769
7+200,85,-2.991144
7+200,86,-3.206067
7+200,87,-3.074687
7+200,88,-3.233398
7+200,89,-3.210711
7+200,90,-3.051538
7+200,91,-3.183642
7+200,92,-2.96623
7+200,93,-2.905268
7+200,94,-2.849707
7+200,95,-3.149925
7+200,96,-3.166259
7+200,97,-3.197716
7+200,98,-2.931785
7+200,99,-2.896762
7+200,100,-3.151136398
7+200,101,-3.110937119
7+200,102,-3.110937119
7+200,103,-3.110937119
7+200,104,-3.110937119
7+200,105,-3.110937119
7+200,106,-3.110937119
7+200,107,-3.110937119
7+200,108,-3.110937119
7+200,109,-3.110937119
7+200,110,-3.110937119
7+200,111,-3.068392038
7+200,112,-3.068392038
7+200,113,-3.068392038
7+200,114,-3.068392038
7+200,115,-3.068392038
7+200,116,-3.063790798
7+200,117,-3.063790798
7+200,118,-3.063790798
7+200,119,-3.063790798
7+200,120,-3.063790798
7+200,121,-3.063790798
7+200,122,-3.017766953
7+200,123,-3.017766953
7+200,124,-3.017766953
7+200,125,-3.017766953
7+200,126,-3.017766953
7+200,127,-3.017766953
7+200,128,-3.017766953
7+200,129,-3.017766953
7+200,130,-3.017766953
7+200,131,-3.017766953
7+200,132,-2.969174862
7+200,133,-2.969174862
7+200,134,-2.969174862
7+200,135,-2.969174862
7+200,136,-2.969174862
7+200,137,-2.969174862
7+200,138,-2.969174862
7+200,139,-2.969174862
7+200,140,-2.969174862
7+200,141,-2.969174862
7+200,142,-2.969174862
7+200,143,-2.917952299
7+200,144,-2.917952299
7+200,145,-2.917952299
7+200,146,-2.910207987
7+200,147,-2.910207987
7+200,148,-2.910207987
7+200,149,-2.910207987
7+200,150,-2.910207987
7+200,151,-2.910207987
7+200,152,-2.910207987
7+200,153,-2.910207987
7+200,154,-2.855462551
7+200,155,-2.855462551
7+200,156,-2.855462551
7+200,157,-2.855462551
7+200,158,-2.855462551
7+200,159,-2.855462551
7+200,160,-2.855462551
7+200,161,-2.855462551
7+200,162,-2.855462551
7+200,163,-2.855462551
7+200,164,-2.798202038
7+200,165,-2.798202038
7+200,166,-2.798202038
7+200,167,-2.798202038
7+200,168,-2.798202038
7+200,169,-2.798202038
7+200,170,-2.798202038
7+200,171,-2.798202038
7+200,172,-2.798202038
7+200,173,-2.798202038
7+200,174,-2.798202038
7+200,175,-2.738546848
7+200,176,-2.728840113
7+200,177,-2.728840113
7+200,178,-2.728840113
7+200,179,-2.728840113
7+200,180,-2.728840113
7+200,181,-2.728840113
7+200,182,-2.728840113
7+200,183,-2.728840113
7+200,184,-2.728840113
7+200,185,-2.666982889
7+200,186,-2.666982889
7+200,187,-2.666982889
7+200,188,-2.666982889
7+200,189,-2.666982889
7+200,190,-2.666982889
7+200,191,-2.666982889
7+200,192,-2.666982889
7+200,193,-2.666982889
7+200,194,-2.666982889
7+200,195,-2.666982889
7+200,196,-2.603500843
7+200,197,-2.603500843
7+200,198,-2.603500843
7+200,199,-2.603500843
7+200,200,-2.603500843
7+200,201,-2.603500843
7+200,202,-2.603500843
7+200,203,-2.603500843
7+200,204,-2.603500843
7+200,205,-2.603500843
7+200,206,-2.594501257
7+200,207,-2.530910969
7+200,208,-2.530910969
7+200,209,-2.530910969
7+200,210,-2.530910969
7+200,211,-2.530910969
7+200,212,-2.530910969
7+200,213,-2.530910969
7+200,214,-2.530910969
7+200,215,-2.530910969
7+200,216,-2.530910969
7+200,217,-2.466532946
7+200,218,-2.466532946
7+200,219,-2.466532946
7+200,220,-2.466532946
7+200,221,-2.466532946
7+200,222,-2.466532946
7+200,223,-2.466532946
7+200,224,-2.466532946
7+200,225,-2.466532946
7+200,226,-2.466532946
7+200,227,-2.466532946
7+200,228,-2.401273251
7+200,229,-2.401273251
7+200,230,-2.401273251
7+200,231,-2.401273251
7+200,232,-2.401273251
7+200,233,-2.401273251
7+200,234,-2.401273251
7+200,235,-2.401273251
7+200,236,-2.399123192
7+200,237,-2.399123192
7+200,238,-2.335506439
7+200,239,-2.335506439
7+200,240,-2.335506439
7+200,241,-2.335506439
7+200,242,-2.335506439
7+200,243,-2.335506439
7+200,244,-2.335506439
7+200,245,-2.335506439
7+200,246,-2.335506439
7+200,247,-2.335506439
7+200,248,-2.335506439
7+200,249,-2.269969463
7+200,250,-2.269969463
7+200,251,-2.269969463
7+200,252,-2.269969463
7+200,253,-2.269969463
7+200,254,-2.269969463
7+200,255,-2.269969463
7+200,256,-2.269969463
7+200,257,-2.269969463
7+200,258,-2.269969463
7+200,259,-2.203742981
7+200,260,-2.203742981
7+200,261,-2.203742981
7+200,262,-2.203742981
7+200,263,-2.203742981
7+200,264,-2.203742981
7+200,265,-2.203742981
7+200,266,-2.212372541
7+200,267,-2.212372541
7+200,268,-2.212372541
7+200,269,-2.212372541
7+200,270,-2.146455765
7+200,271,-2.146455765
7+200,272,-2.146455765
7+200,273,-2.146455765
7+200,274,-2.146455765
7+200,275,-2.146455765
7+200,276,-2.146455765
7+200,277,-2.146455765
7+200,278,-2.146455765
7+200,279,-2.146455765
7+200,280,-2.146455765
7+200,281,-2.100348234
7+200,282,-2.100348234
7+200,283,-2.100348234
7+200,284,-2.100348234
7+200,285,-2.100348234
7+200,286,-2.100348234
7+200,287,-2.100348234
7+200,288,-2.100348234
7+200,289,-2.100348234
7+200,290,-2.100348234
7+200,291,-2.121375084
7+200,292,-2.121375084
7+200,293,-2.121375084
7+200,294,-2.121375084
7+200,295,-2.121375084
7+200,296,-2.187242508
7+200,297,-2.187242508
7+200,298,-2.187242508
7+200,299,-2.187242508
7+200,300,-2.187242508
7+200,301,-2.187242508
7+200,302,-2.264029503
7+200,303,-2.264029503
7+200,304,-2.264029503
7+200,305,-2.264029503
7+200,306,-2.264029503
7+200,307,-2.264029503
7+200,308,-2.264029503
7+200,309,-2.264029503
7+200,310,-2.264029503
7+200,311,-2.264029503
7+200,312,-2.242630482
7+200,313,-2.242630482
7+200,314,-2.242630482
7+200,315,-2.242630482
7+200,316,-2.242630482
7+200,317,-2.242630482
7+200,318,-2.242630482
7+200,319,-2.242630482
7+200,320,-2.242630482
7+200,321,-2.242630482
7+200,322,-2.242630482
7+200,323,-2.075875759
7+200,324,-2.075875759
7+200,325,-2.075875759
7+200,326,-2.075875759
7+200,327,-2.405059338
7+200,328,-2.405059338
7+200,329,-2.405059338
7+200,330,-2.405059338
7+200,331,-2.405059338
7+200,332,-2.405059338
7+200,333,-2.405059338
7+200,334,-2.128359556
7+200,335,-2.128359556
7+200,336,-2.128359556
7+200,337,-2.128359556
7+200,338,-2.128359556
7+200,339,-2.128359556
7+200,340,-2.128359556
7+200,341,-2.128359556
7+200,342,-2.128359556
7+200,343,-2.128359556
7+200,344,-1.428151846
7+200,345,-1.428151846
7+200,346,-1.428151846
7+200,347,-1.428151846
7+200,348,-1.428151846
7+200,349,-1.428151846
7+200,350,-1.428151846
7+200,351,-1.428151846
7+200,352,-1.428151846
7+200,353,-1.428151846
7+200,354,-1.428151846
7+200,355,-0.606699884
7+200,356,-0.606699884
7+200,357,-0.514333248
7+200,358,-0.514333248
7+200,359,-0.514333248
7+200,360,-0.514333248
7+200,361,-0.514333248
7+200,362,-0.514333248
7+200,363,-0.514333248
7+200,364,-0.514333248
7+200,365,0.383981049
7+200,366,0.383981049
7+200,367,0.383981049
7+200,368,0.383981049
7+200,369,0.383981049
7+200,370,0.383981049
7+200,371,0.383981049
7+200,372,0.383981049
7+200,373,0.383981049
7+200,374,0.383981049
7+200,375,0.383981049
7+200,376,1.154843688
7+200,377,1.154843688
7+200,378,1.154843688
7+200,379,1.154843688
7+200,380,1.154843688
7+200,381,1.154843688
7+200,382,1.154843688
7+200,383,1.154843688
7+200,384,1.154843688
7+200,385,1.154843688
7+200,386,1.760104418
7+200,387,1.960648775
7+200,388,1.960648775
7+200,389,1.960648775
7+200,390,1.960648775
7+200,391,1.960648775
7+200,392,1.960648775
7+200,393,1.960648775
7+200,394,1.960648775
7+200,395,1.960648775
7+200,396,1.960648775
7+200,397,2.313564777
7+200,398,2.313564777
7+200,399,2.313564777
7+200,400,2.313564777
7+200,401,2.313564777
7+200,402,2.313564777
7+200,403,2.313564777
7+200,404,2.313564777
7+200,405,2.313564777
7+200,406,2.313564777
7+200,407,2.313564777
7+200,408,2.495512486
7+200,409,2.495512486
7+200,410,2.495512486
7+200,411,2.495512486
7+200,412,2.495512486
7+200,413,2.495512486
7+200,414,2.495512486
7+200,415,2.495512486
7+200,416,2.495512486
7+200,417,2.498511791
7+200,418,2.588744879
7+200,419,2.588744879
7+200,420,2.588744879
7+200,421,2.588744879
7+200,422,2.588744879
7+200,423,2.588744879
7+200,424,2.588744879
7+200,425,2.588744879
7+200,426,2.588744879
7+200,427,2.588744879
7+200,428,2.588744879
7+200,429,2.683810472
7+200,430,2.683810472
7+200,431,2.683810472
7+200,432,2.683810472
7+200,433,2.683810472
7+200,434,2.683810472
7+200,435,2.683810472
7+200,436,2.683810472
7+200,437,2.683810472
7+200,438,2.683810472
7+200,439,2.793864012
7+200,440,2.793864012
7+200,441,2.793864012
7+200,442,2.793864012
7+200,443,2.793864012
7+200,444,2.793864012
7+200,445,2.793864012
7+200,446,2.793864012
7+200,447,2.842533588
7+200,448,2.842533588
7+200,449,2.842533588
7+200,450,3.010978699
7+200,451,3.010978699
7+200,452,3.010978699
7+200,453,3.010978699
7+200,454,3.010978699
7+200,455,3.010978699
7+200,456,3.010978699
7+200,457,3.010978699
7+200,458,3.010978699
7+200,459,3.010978699
7+200,460,3.010978699
7+200,461,3.167499542
7+200,462,3.167499542
7+200,463,3.167499542
7+200,464,3.167499542
7+200,465,3.167499542
7+200,466,3.167499542
7+200,467,3.167499542
7+200,468,3.167499542
7+200,469,3.167499542
7+200,470,3.167499542
7+200,471,3.303192139
7+200,472,3.303192139
7+200,473,3.303192139
7+200,474,3.303192139
7+200,475,3.303192139
7+200,476,3.303192139
7+200,477,3.402100086
7+200,478,3.402100086
7+200,479,3.402100086
7+200,480,3.402100086
7+200,481,3.402100086
7+200,482,3.501684189
7+200,483,3.501684189
7+200,484,3.501684189
7+200,485,3.501684189
7+200,486,3.501684189
7+200,487,3.501684189
7+200,488,3.501684189
7+200,489,3.501684189
7+200,490,3.501684189
7+200,491,3.501684189
7+200,492,3.562363625
7+200,493,3.562363625
7+200,494,3.562363625
7+200,495,3.562363625
7+200,496,3.562363625
7+200,497,3.562363625
7+200,498,3.562363625
7+200,499,3.562363625
7+200,500,3.562363625
7+300,0,-3.234207
7+300,1,-2.781894
7+300,2,-3.224014
7+300,3,-2.979352
7+300,4,-2.89547
7+300,5,-2.814515
7+300,6,-2.892957
7+300,7,-2.849136
7+300,8,-3.080275
7+300,9,-2.842587
7+300,10,-3.209943
7+300,11,-2.802592
7+300,12,-2.976204
7+300,13,-2.841351
7+300,14,-3.023841
7+300,15,-2.928211
7+300,16,-2.986799
7+300,17,-2.884205
7+300,18,-3.209185
7+300,19,-3.219824
7+300,20,-3.126448
7+300,21,-3.170228
7+300,22,-2.814108
7+300,23,-3.140393
7+300,24,-2.762067
7+300,25,-3.081552
7+300,26,-3.158941
7+300,27,-2.855151
7+300,28,-2.920646
7+300,29,-3.000902
7+300,30,-2.972318
7+300,31,-2.890399
7+300,32,-3.135773
7+300,33,-2.751833
7+300,34,-2.762603
7+300,35,-2.924837
7+300,36,-3.150229
7+300,37,-2.909886
7+300,38,-3.213901
7+300,39,-3.234674
7+300,40,-3.121159
7+300,41,-3.018689
7+300,42,-2.815864
7+300,43,-2.886415
7+300,44,-2.878647
7+300,45,-3.037253
7+300,46,-3.077033
7+300,47,-3.064481
7+300,48,-2.756175
7+300,49,-3.229945
7+300,50,-2.816484
7+300,51,-2.960662
7+300,52,-3.030692
7+300,53,-2.887371
7+300,54,-3.006666
7+300,55,-2.813288
7+300,56,-2.799649
7+300,57,-3.03914
7+300,58,-3.111586
7+300,59,-2.953825
7+300,60,-2.793818
7+300,61,-3.144669
7+300,62,-2.938517
7+300,63,-2.93422
7+300,64,-2.883443
7+300,65,-3.184216
7+300,66,-2.892088
7+300,67,-2.795484
7+300,68,-3.160158
7+300,69,-3.131228
7+300,70,-2.764302
7+300,71,-3.159512
7+300,72,-2.822807
7+300,73,-3.003861
7+300,74,-3.126384
7+300,75,-2.814625
7+300,76,-3.027347
7+300,77,-2.992591
7+300,78,-3.070383
7+300,79,-2.953525
7+300,80,-3.168238
7+300,81,-3.054459
7+300,82,-2.765294
7+300,83,-3.120933
7+300,84,-2.921632
7+300,85,-3.087405
7+300,86,-2.863263
7+300,87,-3.184563
7+300,88,-2.765089
7+300,89,-3.023105
7+300,90,-3.131975
7+300,91,-3.213252
7+300,92,-3.165121
7+300,93,-2.990113
7+300,94,-3.081498
7+300,95,-2.835558
7+300,96,-3.034556
7+300,97,-3.125643
7+300,98,-2.941428
7+300,99,-2.896611
7+300,100,-3.031005383
7+300,101,-3.031005383
7+300,102,-3.031005383
7+300,103,-3.031005383
7+300,104,-3.031005383
7+300,105,-3.031005383
7+300,106,-3.031005383
7+300,107,-3.031005383
7+300,108,-2.994689941
7+300,109,-2.994689941
7+300,110,-2.994689941
7+300,111,-2.994689941
7+300,112,-2.994689941
7+300,113,-2.994689941
7+300,114,-2.994689941
7+300,115,-2.994689941
7+300,116,-2.994689941
7+300,117,-2.994689941
7+300,118,-2.994689941
7+300,119,-2.956832409
7+300,120,-2.956832409
7+300,121,-2.956832409
7+300,122,-2.956832409
7+300,123,-2.956832409
7+300,124,-2.956832409
7+300,125,-2.949746132
7+300,126,-2.949746132
7+300,127,-2.949746132
7+300,128,-2.949746132
7+300,129,-2.908132553
7+300,130,-2.908132553
7+300,131,-2.908132553
7+300,132,-2.908132553
7+300,133,-2.908132553
7+300,134,-2.908132553
7+300,135,-2.908132553
7+300,136,-2.908132553
7+300,137,-2.908132553
7+300,138,-2.908132553
7+300,139,-2.908132553
7+300,140,-2.86445713
7+300,141,-2.86445713
7+300,142,-2.86445713
7+300,143,-2.86445713
7+300,144,-2.86445713
7+300,145,-2.86445713
7+300,146,-2.86445713
7+300,147,-2.86445713
7+300,148,-2.86445713
7+300,149,-2.86445713
7+300,150,-2.86445713
7+300,151,-2.818468332
7+300,152,-2.818468332
7+300,153,-2.818468332
7+300,154,-2.818468332
7+300,155,-2.802640438
7+300,156,-2.802640438
7+300,157,-2.802640438
7+300,158,-2.802640438
7+300,159,-2.802640438
7+300,160,-2.802640438
7+300,161,-2.751005173
7+300,162,-2.751005173
7+300,163,-2.751005173
7+300,164,-2.751005173
7+300,165,-2.751005173
7+300,166,-2.751005173
7+300,167,-2.751005173
7+300,168,-2.751005173
7+300,169,-2.751005173
7+300,170,-2.751005173
7+300,171,-2.751005173
7+300,172,-2.695914984
7+300,173,-2.695914984
7+300,174,-2.695914984
7+300,175,-2.695914984
7+300,176,-2.695914984
7+300,177,-2.695914984
7+300,178,-2.695914984
7+300,179,-2.695914984
7+300,180,-2.695914984
7+300,181,-2.695914984
7+300,182,-2.636683464
7+300,183,-2.636683464
7+300,184,-2.636683464
7+300,185,-2.611526489
7+300,186,-2.611526489
7+300,187,-2.611526489
7+300,188,-2.611526489
7+300,189,-2.611526489
7+300,190,-2.611526489
7+300,191,-2.611526489
7+300,192,-2.611526489
7+300,193,-2.544447899
7+300,194,-2.544447899
7+300,195,-2.544447899
7+300,196,-2.544447899
7+300,197,-2.544447899
7+300,198,-2.544447899
7+300,199,-2.544447899
7+300,200,-2.544447899
7+300,201,-2.544447899
7+300,202,-2.544447899
7+300,203,-2.47155714
7+300,204,-2.47155714
7+300,205,-2.47155714
7+300,206,-2.47155714
7+300,207,-2.47155714
7+300,208,-2.47155714
7+300,209,-2.47155714
7+300,210,-2.47155714
7+300,211,-2.47155714
7+300,212,-2.47155714
7+300,213,-2.47155714
7+300,214,-2.391984224
7+300,215,-2.363695145
7+300,216,-2.363695145
7+300,217,-2.363695145
7+300,218,-2.363695145
7+300,219,-2.363695145
7+300,220,-2.363695145
7+300,221,-2.363695145
7+300,222,-2.363695145
7+300,223,-2.363695145
7+300,224,-2.363695145
7+300,225,-2.27665925
7+300,226,-2.27665925
7+300,227,-2.27665925
7+300,228,-2.27665925
7+300,229,-2.27665925
7+300,230,-2.27665925
7+300,231,-2.27665925
7+300,232,-2.27665925
7+300,233,-2.27665925
7+300,234,-2.27665925
7+300,235,-2.18305707
7+300,236,-2.18305707
7+300,237,-2.18305707
7+300,238,-2.18305707
7+300,239,-2.18305707
7+300,240,-2.18305707
7+300,241,-2.18305707
7+300,242,-2.18305707
7+300,243,-2.18305707
7+300,244,-2.18305707
7+300,245,-2.165335178
7+300,246,-2.070180655
7+300,247,-2.070180655
7+300,248,-2.070180655
7+300,249,-2.070180655
7+300,250,-2.070180655
7+300,251,-2.070180655
7+300,252,-2.070180655
7+300,253,-2.070180655
7+300,254,-2.070180655
7+300,255,-2.070180655
7+300,256,-1.973009586
7+300,257,-1.973009586
7+300,258,-1.973009586
7+300,259,-1.973009586
7+300,260,-1.973009586
7+300,261,-1.973009586
7+300,262,-1.973009586
7+300,263,-1.973009586
7+300,264,-1.973009586
7+300,265,-1.973009586
7+300,266,-1.973009586
7+300,267,-1.879624844
7+300,268,-1.879624844
7+300,269,-1.879624844
7+300,270,-1.879624844
7+300,271,-1.879624844
7+300,272,-1.879624844
7+300,273,-1.879624844
7+300,274,-1.879624844
7+300,275,-1.894482613
7+300,276,-1.894482613
7+300,277,-1.894482613
7+300,278,-1.819070101
7+300,279,-1.819070101
7+300,280,-1.819070101
7+300,281,-1.819070101
7+300,282,-1.819070101
7+300,283,-1.819070101
7+300,284,-1.819070101
7+300,285,-1.819070101
7+300,286,-1.819070101
7+300,287,-1.819070101
7+300,288,-1.769751191
7+300,289,-1.769751191
7+300,290,-1.769751191
7+300,291,-1.769751191
7+300,292,-1.769751191
7+300,293,-1.769751191
7+300,294,-1.769751191
7+300,295,-1.769751191
7+300,296,-1.769751191
7+300,297,-1.769751191
7+300,298,-1.769751191
7+300,299,-1.800169945
7+300,300,-1.800169945
7+300,301,-1.800169945
7+300,302,-1.800169945
7+300,303,-1.800169945
7+300,304,-1.800169945
7+300,305,-1.808182478
7+300,306,-1.808182478
7+300,307,-1.808182478
7+300,308,-1.808182478
7+300,309,-1.807855368
7+300,310,-1.807855368
7+300,311,-1.807855368
7+300,312,-1.807855368
7+300,313,-1.807855368
7+300,314,-1.807855368
7+300,315,-1.807855368
7+300,316,-1.807855368
7+300,317,-1.807855368
7+300,318,-1.807855368
7+300,319,-1.807855368
7+300,320,-1.842054725
7+300,321,-1.842054725
7+300,322,-1.842054725
7+300,323,-1.842054725
7+300,324,-1.842054725
7+300,325,-1.842054725
7+300,326,-1.842054725
7+300,327,-1.842054725
7+300,328,-1.842054725
7+300,329,-1.842054725
7+300,330,-1.842054725
7+300,331,-1.773331165
7+300,332,-1.773331165
7+300,333,-1.773331165
7+300,334,-1.773331165
7+300,335,-1.618872404
7+300,336,-1.618872404
7+300,337,-1.618872404
7+300,338,-1.618872404
7+300,339,-1.618872404
7+300,340,-1.618872404
7+300,341,-1.334188938
7+300,342,-1.334188938
7+300,343,-1.334188938
7+300,344,-1.334188938
7+300,345,-1.334188938
7+300,346,-1.334188938
7+300,347,-1.334188938
7+300,348,-1.334188938
7+300,349,-1.334188938
7+300,350,-1.334188938
7+300,351,-1.334188938
7+300,352,-0.86032033
7+300,353,-0.86032033
7+300,354,-0.86032033
7+300,355,-0.86032033
7+300,356,-0.86032033
7+300,357,-0.86032033
7+300,358,-0.86032033
7+300,359,-0.86032033
7+300,360,-0.86032033
7+300,361,-0.86032033
7+300,362,-0.230251729
7+300,363,-0.230251729
7+300,364,-0.230251729
7+300,365,-0.139371619
7+300,366,-0.139371619
7+300,367,-0.139371619
7+300,368,-0.139371619
7+300,369,-0.139371619
7+300,370,-0.139371619
7+300,371,-0.139371619
7+300,372,-0.139371619
7+300,373,0.494579852
7+300,374,0.494579852
7+300,375,0.494579852
7+300,376,0.494579852
7+300,377,0.494579852
7+300,378,0.494579852
7+300,379,0.494579852
7+300,380,0.494579852
7+300,381,0.494579852
7+300,382,0.494579852
7+300,383,1.100008249
7+300,384,1.100008249
7+300,385,1.100008249
7+300,386,1.100008249
7+300,387,1.100008249
7+300,388,1.100008249
7+300,389,1.100008249
7+300,390,1.100008249
7+300,391,1.100008249
7+300,392,1.100008249
7+300,393,1.100008249
7+300,394,1.730879307
7+300,395,1.451924324
7+300,396,1.451924324
7+300,397,1.451924324
7+300,398,1.451924324
7+300,399,1.451924324
7+300,400,1.451924324
7+300,401,1.451924324
7+300,402,1.451924324
7+300,403,1.451924324
7+300,404,1.451924324
7+300,405,1.907266498
7+300,406,1.907266498
7+300,407,1.907266498
7+300,408,1.907266498
7+300,409,1.907266498
7+300,410,1.907266498
7+300,411,1.907266498
7+300,412,1.907266498
7+300,413,1.907266498
7+300,414,1.907266498
7+300,415,2.063216448
7+300,416,2.063216448
7+300,417,2.063216448
7+300,418,2.063216448
7+300,419,2.063216448
7+300,420,2.063216448
7+300,421,2.063216448
7+300,422,2.063216448
7+300,423,2.063216448
7+300,424,2.063216448
7+300,425,1.848791838
7+300,426,2.090945244
7+300,427,2.090945244
7+300,428,2.090945244
7+300,429,2.090945244
7+300,430,2.090945244
7+300,431,2.090945244
7+300,432,2.090945244
7+300,433,2.090945244
7+300,434,2.090945244
7+300,435,2.090945244
7+300,436,2.314817429
7+300,437,2.314817429
7+300,438,2.314817429
7+300,439,2.314817429
7+300,440,2.314817429
7+300,441,2.314817429
7+300,442,2.314817429
7+300,443,2.314817429
7+300,444,2.314817429
7+300,445,2.314817429
7+300,446,2.314817429
7+300,447,2.522922516
7+300,448,2.522922516
7+300,449,2.522922516
7+300,450,2.522922516
7+300,451,2.522922516
7+300,452,2.522922516
7+300,453,2.522922516
7+300,454,2.522922516
7+300,455,2.478104115
7+300,456,2.478104115
7+300,457,2.478104115
7+300,458,2.685419083
7+300,459,2.685419083
7+300,460,2.685419083
7+300,461,2.685419083
7+300,462,2.685419083
7+300,463,2.685419083
7+300,464,2.685419083
7+300,465,2.685419083
7+300,466,2.685419083
7+300,467,2.685419083
7+300,468,2.868051529
7+300,469,2.868051529
7+300,470,2.868051529
7+300,471,2.868051529
7+300,472,2.868051529
7+300,473,2.868051529
7+300,474,2.868051529
7+300,475,2.868051529
7+300,476,2.868051529
7+300,477,2.868051529
7+300,478,2.868051529
7+300,479,3.026511669
7+300,480,3.026511669
7+300,481,3.026511669
7+300,482,3.026511669
7+300,483,3.026511669
7+300,484,3.026511669
7+300,485,3.029493332
7+300,486,3.029493332
7+300,487,3.029493332
7+300,488,3.029493332
7+300,489,3.164963245
7+300,490,3.164963245
7+300,491,3.164963245
7+300,492,3.164963245
7+300,493,3.164963245
7+300,494,3.164963245
7+300,495,3.164963245
7+300,496,3.164963245
7+300,497,3.164963245
7+300,498,3.164963245
7+300,499,3.164963245
7+300,500,3.164963245
7+400,0,-3.166479
7+400,1,-3.16619
7+400,2,-3.231664
7+400,3,-2.881799
7+400,4,-2.918098
7+400,5,-3.012685
7+400,6,-2.827915
7+400,7,-2.847165
7+400,8,-2.957323
7+400,9,-2.815864
7+400,10,-3.147079
7+400,11,-3.19404
7+400,12,-3.115125
7+400,13,-3.221457
7+400,14,-2.984415
7+400,15,-2.781697
7+400,16,-3.230328
7+400,17,-3.188945
7+400,18,-3.0239
7+400,19,-2.783062
7+400,20,-3.091922
7+400,21,-2.996383
7+400,22,-3.229214
7+400,23,-3.175828
7+400,24,-2.756685
7+400,25,-2.767441
7+400,26,-3.24753
7+400,27,-2.774094
7+400,28,-2.93044
7+400,29,-2.816041
7+400,30,-3.02263
7+400,31,-2.992202
7+400,32,-3.005577
7+400,33,-2.916568
7+400,34,-3.180174
7+400,35,-3.235013
7+400,36,-3.096035
7+400,37,-2.89766
7+400,38,-3.149073
7+400,39,-2.913284
7+400,40,-2.765044
7+400,41,-3.20305
7+400,42,-2.913699
7+400,43,-3.028125
7+400,44,-2.815929
7+400,45,-3.161425
7+400,46,-2.903687
7+400,47,-2.830942
7+400,48,-2.777693
7+400,49,-2.908376
7+400,50,-3.001413
7+400,51,-2.941076
7+400,52,-2.815548
7+400,53,-2.964695
7+400,54,-3.234806
7+400,55,-2.784526
7+400,56,-2.905237
7+400,57,-2.911743
7+400,58,-3.142162
7+400,59,-2.920557
7+400,60,-3.053068
7+400,61,-2.924384
7+400,62,-3.196703
7+400,63,-2.921077
7+400,64,-2.750293
7+400,65,-3.225894
7+400,66,-2.761413
7+400,67,-3.046546
7+400,68,-2.814623
7+400,69,-2.858807
7+400,70,-2.966492
7+400,71,-2.880775
7+400,72,-2.810742
7+400,73,-3.04793
7+400,74,-3.086483
7+400,75,-2.916203
7+400,76,-2.846077
7+400,77,-2.868857
7+400,78,-2.851093
7+400,79,-3.032208
7+400,80,-2.841083
7+400,81,-3.189895
7+400,82,-2.977755
7+400,83,-3.247121
7+400,84,-3.087707
7+400,85,-3.066769
7+400,86,-3.051914
7+400,87,-2.902266
7+400,88,-3.055721
7+400,89,-3.025653
7+400,90,-3.131228
7+400,91,-3.063374
7+400,92,-3.136365
7+400,93,-3.213402
7+400,94,-2.948276
7+400,95,-2.915894
7+400,96,-2.940255
7+400,97,-3.018253
7+400,98,-3.060107
7+400,99,-2.818333
7+400,100,-2.864915371
7+400,101,-2.864915371
7+400,102,-2.864915371
7+400,103,-2.880393982
7+400,104,-2.880393982
7+400,105,-2.844511747
7+400,106,-2.844511747
7+400,107,-2.844511747
7+400,108,-2.844511747
7+400,109,-2.844511747
7+400,110,-2.844511747
7+400,111,-2.844511747
7+400,112,-2.844511747
7+400,113,-2.844511747
7+400,114,-2.844511747
7+400,115,-2.844511747
7+400,116,-2.80756259
7+400,117,-2.80756259
7+400,118,-2.80756259
7+400,119,-2.80756259
7+400,120,-2.80756259
7+400,121,-2.80756259
7+400,122,-2.80756259
7+400,123,-2.80756259
7+400,124,-2.80756259
7+400,125,-2.80756259
7+400,126,-2.769564629
7+400,127,-2.769564629
7+400,128,-2.769564629
7+400,129,-2.769564629
7+400,130,-2.769564629
7+400,131,-2.769564629
7+400,132,-2.769564629
7+400,133,-2.788723469
7+400,134,-2.788723469
7+400,135,-2.788723469
7+400,136,-2.788723469
7+400,137,-2.751663208
7+400,138,-2.751663208
7+400,139,-2.751663208
7+400,140,-2.751663208
7+400,141,-2.751663208
7+400,142,-2.751663208
7+400,143,-2.751663208
7+400,144,-2.751663208
7+400,145,-2.751663208
7+400,146,-2.751663208
7+400,147,-2.751663208
7+400,148,-2.713981152
7+400,149,-2.713981152
7+400,150,-2.713981152
7+400,151,-2.713981152
7+400,152,-2.713981152
7+400,153,-2.713981152
7+400,154,-2.713981152
7+400,155,-2.713981152
7+400,156,-2.713981152
7+400,157,-2.713981152
7+400,158,-2.675858974
7+400,159,-2.675858974
7+400,160,-2.675858974
7+400,161,-2.675858974
7+400,162,-2.675858974
7+400,163,-2.698522806
7+400,164,-2.698522806
7+400,165,-2.698522806
7+400,166,-2.698522806
7+400,167,-2.698522806
7+400,168,-2.698522806
7+400,169,-2.662412882
7+400,170,-2.662412882
7+400,171,-2.662412882
7+400,172,-2.662412882
7+400,173,-2.662412882
7+400,174,-2.662412882
7+400,175,-2.662412882
7+400,176,-2.662412882
7+400,177,-2.662412882
7+400,178,-2.662412882
7+400,179,-2.626790524
7+400,180,-2.626790524
7+400,181,-2.626790524
7+400,182,-2.626790524
7+400,183,-2.626790524
7+400,184,-2.626790524
7+400,185,-2.626790524
7+400,186,-2.626790524
7+400,187,-2.626790524
7+400,188,-2.626790524
7+400,189,-2.626790524
7+400,190,-2.592307568
7+400,191,-2.592307568
7+400,192,-2.592307568
7+400,193,-2.612340212
7+400,194,-2.612340212
7+400,195,-2.612340212
7+400,196,-2.612340212
7+400,197,-2.612340212
7+400,198,-2.612340212
7+400,199,-2.612340212
7+400,200,-2.579914808
7+400,201,-2.579914808
7+400,202,-2.579914808
7+400,203,-2.579914808
7+400,204,-2.579914808
7+400,205,-2.579914808
7+400,206,-2.579914808
7+400,207,-2.579914808
7+400,208,-2.579914808
7+400,209,-2.579914808
7+400,210,-2.579914808
7+400,211,-2.549888611
7+400,212,-2.549888611
7+400,213,-2.549888611
7+400,214,-2.549888611
7+400,215,-2.549888611
7+400,216,-2.549888611
7+400,217,-2.549888611
7+400,218,-2.549888611
7+400,219,-2.549888611
7+400,220,-2.549888611
7+400,221,-2.549888611
7+400,222,-2.5225811
7+400,223,-2.49695158
7+400,224,-2.49695158
7+400,225,-2.49695158
7+400,226,-2.49695158
7+400,227,-2.49695158
7+400,228,-2.49695158
7+400,229,-2.49695158
7+400,230,-2.49695158
7+400,231,-2.49695158
7+400,232,-2.464624643
7+400,233,-2.464624643
7+400,234,-2.464624643
7+400,235,-2.464624643
7+400,236,-2.464624643
7+400,237,-2.464624643
7+400,238,-2.464624643
7+400,239,-2.464624643
7+400,240,-2.464624643
7+400,241,-2.464624643
7+400,242,-2.464624643
7+400,243,-2.435636759
7+400,244,-2.435636759
7+400,245,-2.435636759
7+400,246,-2.435636759
7+400,247,-2.435636759
7+400,248,-2.435636759
7+400,249,-2.435636759
7+400,250,-2.435636759
7+400,251,-2.435636759
7+400,252,-2.435636759
7+400,253,-2.22119689
7+400,254,-2.22119689
7+400,255,-2.22119689
7+400,256,-2.22119689
7+400,257,-2.22119689
7+400,258,-2.22119689
7+400,259,-2.22119689
7+400,260,-2.22119689
7+400,261,-2.22119689
7+400,262,-2.22119689
7+400,263,-2.22119689
7+400,264,-2.187434912
7+400,265,-2.187434912
7+400,266,-2.187434912
7+400,267,-2.187434912
7+400,268,-2.187434912
7+400,269,-2.187434912
7+400,270,-2.187434912
7+400,271,-2.187434912
7+400,272,-2.187434912
7+400,273,-2.187434912
7+400,274,-2.187434912
7+400,275,-2.359107018
7+400,276,-2.359107018
7+400,277,-2.359107018
7+400,278,-2.359107018
7+400,279,-2.359107018
7+400,280,-2.359107018
7+400,281,-2.359107018
7+400,282,-2.359107018
7+400,283,-2.341537714
7+400,284,-2.341537714
7+400,285,-2.270493984
7+400,286,-2.270493984
7+400,287,-2.270493984
7+400,288,-2.270493984
7+400,289,-2.270493984
7+400,290,-2.270493984
7+400,291,-2.270493984
7+400,292,-2.270493984
7+400,293,-2.270493984
7+400,294,-2.270493984
7+400,295,-2.270493984
7+400,296,-2.114694118
7+400,297,-2.114694118
7+400,298,-2.114694118
7+400,299,-2.114694118
7+400,300,-2.114694118
7+400,301,-2.114694118
7+400,302,-2.114694118
7+400,303,-2.114694118
7+400,304,-2.114694118
7+400,305,-2.114694118
7+400,306,-1.938569188
7+400,307,-1.938569188
7+400,308,-1.938569188
7+400,309,-1.938569188
7+400,310,-1.938569188
7+400,311,-1.938569188
7+400,312,-1.938569188
7+400,313,-2.085088253
7+400,314,-2.085088253
7+400,315,-2.085088253
7+400,316,-2.085088253
7+400,317,-1.895789623
7+400,318,-1.895789623
7+400,319,-1.895789623
7+400,320,-1.895789623
7+400,321,-1.895789623
7+400,322,-1.895789623
7+400,323,-1.895789623
7+400,324,-1.895789623
7+400,325,-1.895789623
7+400,326,-1.895789623
7+400,327,-1.895789623
7+400,328,-1.636127234
7+400,329,-1.636127234
7+400,330,-1.636127234
7+400,331,-1.636127234
7+400,332,-1.636127234
7+400,333,-1.636127234
7+400,334,-1.636127234
7+400,335,-1.636127234
7+400,336,-1.636127234
7+400,337,-1.636127234
7+400,338,-1.312439203
7+400,339,-1.312439203
7+400,340,-1.312439203
7+400,341,-1.312439203
7+400,342,-1.312439203
7+400,343,-1.250846624
7+400,344,-1.250846624
7+400,345,-1.250846624
7+400,346,-1.250846624
7+400,347,-1.250846624
7+400,348,-1.250846624
7+400,349,-0.725431502
7+400,350,-0.725431502
7+400,351,-0.725431502
7+400,352,-0.725431502
7+400,353,-0.725431502
7+400,354,-0.725431502
7+400,355,-0.725431502
7+400,356,-0.725431502
7+400,357,-0.725431502
7+400,358,-0.725431502
7+400,359,-0.132187918
7+400,360,-0.132187918
7+400,361,-0.132187918
7+400,362,-0.132187918
7+400,363,-0.132187918
7+400,364,-0.132187918
7+400,365,-0.132187918
7+400,366,-0.132187918
7+400,367,-0.132187918
7+400,368,-0.132187918
7+400,369,-0.132187918
7+400,370,0.485328376
7+400,371,0.485328376
7+400,372,0.485328376
7+400,373,0.803318739
7+400,374,0.803318739
7+400,375,0.803318739
7+400,376,0.803318739
7+400,377,0.803318739
7+400,378,0.803318739
7+400,379,0.803318739
7+400,380,0.803318739
7+400,381,1.391803265
7+400,382,1.391803265
7+400,383,1.391803265
7+400,384,1.391803265
7+400,385,1.391803265
7+400,386,1.391803265
7+400,387,1.391803265
7+400,388,1.391803265
7+400,389,1.391803265
7+400,390,1.391803265
7+400,391,1.86695838
7+400,392,1.86695838
7+400,393,1.86695838
7+400,394,1.86695838
7+400,395,1.86695838
7+400,396,1.86695838
7+400,397,1.86695838
7+400,398,1.86695838
7+400,399,1.86695838
7+400,400,1.86695838
7+400,401,1.86695838
7+400,402,2.189115047
7+400,403,2.33793211
7+400,404,2.33793211
7+400,405,2.33793211
7+400,406,2.33793211
7+400,407,2.33793211
7+400,408,2.33793211
7+400,409,2.33793211
7+400,410,2.33793211
7+400,411,2.33793211
7+400,412,2.516522884
7+400,413,2.516522884
7+400,414,2.516522884
7+400,415,2.516522884
7+400,416,2.516522884
7+400,417,2.516522884
7+400,418,2.516522884
7+400,419,2.516522884
7+400,420,2.516522884
7+400,421,2.516522884
7+400,422,2.516522884
7+400,423,2.694613457
7+400,424,2.694613457
7+400,425,2.694613457
7+400,426,2.694613457
7+400,427,2.694613457
7+400,428,2.694613457
7+400,429,2.694613457
7+400,430,2.694613457
7+400,431,2.694613457
7+400,432,2.694613457
7+400,433,2.894361258
7+400,434,2.894361258
7+400,435,2.894361258
7+400,436,2.894361258
7+400,437,2.894361258
7+400,438,2.894361258
7+400,439,2.894361258
7+400,440,2.894361258
7+400,441,2.894361258
7+400,442,2.894361258
7+400,443,2.894361258
7+400,444,3.070345402
7+400,445,3.070345402
7+400,446,3.070345402
7+400,447,3.070345402
7+400,448,3.070345402
7+400,449,3.070345402
7+400,450,3.070345402
7+400,451,3.070345402
7+400,452,3.070345402
7+400,453,3.070345402
7+400,454,3.070345402
7+400,455,3.221264362
7+400,456,3.221264362
7+400,457,3.221264362
7+400,458,3.221264362
7+400,459,3.221264362
7+400,460,3.221264362
7+400,461,3.221264362
7+400,462,3.221264362
7+400,463,3.252011299
7+400,464,3.252011299
7+400,465,3.374331951
7+400,466,3.374331951
7+400,467,3.374331951
7+400,468,3.374331951
7+400,469,3.374331951
7+400,470,3.374331951
7+400,471,3.374331951
7+400,472,3.374331951
7+400,473,3.374331951
7+400,474,3.374331951
7+400,475,3.374331951
7+400,476,3.374331951
7+400,477,3.374331951
7+400,478,3.374331951
7+400,479,3.374331951
7+400,480,3.374331951
7+400,481,3.374331951
7+400,482,3.374331951
7+400,483,3.374331951
7+400,484,3.374331951
7+400,485,3.374331951
7+400,486,3.374331951
7+400,487,3.374331951
7+400,488,3.374331951
7+400,489,3.374331951
7+400,490,3.374331951
7+400,491,3.374331951
7+400,492,3.374331951
7+400,493,3.374331951
7+400,494,3.374331951
7+400,495,3.374331951
7+400,496,3.374331951
7+400,497,3.374331951
7+400,498,3.374331951
7+400,499,3.374331951
7+400,500,3.374331951
7+500,0,-2.990459
7+500,1,-3.010409
7+500,2,-3.237179
7+500,3,-3.079376
7+500,4,-3.059902
7+500,5,-3.050589
7+500,6,-2.959914
7+500,7,-2.983199
7+500,8,-2.946047
7+500,9,-2.867558
7+500,10,-2.843507
7+500,11,-2.890938
7+500,12,-2.772238
7+500,13,-3.240884
7+500,14,-3.152111
7+500,15,-3.246219
7+500,16,-2.926263
7+500,17,-2.800985
7+500,18,-3.128259
7+500,19,-2.786483
7+500,20,-3.219866
7+500,21,-2.782782
7+500,22,-3.074189
7+500,23,-3.19929
7+500,24,-3.007064
7+500,25,-3.121612
7+500,26,-3.107564
7+500,27,-3.096355
7+500,28,-2.848487
7+500,29,-2.980419
7+500,30,-3.094346
7+500,31,-2.944833
7+500,32,-2.891925
7+500,33,-3.113688
7+500,34,-3.043225
7+500,35,-3.189057
7+500,36,-3.159425
7+500,37,-2.909441
7+500,38,-3.159281
7+500,39,-2.987418
7+500,40,-2.895477
7+500,41,-3.196562
7+500,42,-2.966344
7+500,43,-3.121719
7+500,44,-2.768537
7+500,45,-3.008227
7+500,46,-2.847004
7+500,47,-2.974887
7+500,48,-3.228294
7+500,49,-2.933424
7+500,50,-2.774298
7+500,51,-2.949194
7+500,52,-2.840406
7+500,53,-2.807897
7+500,54,-3.13596
7+500,55,-3.143978
7+500,56,-2.94451
7+500,57,-3.044486
7+500,58,-2.830069
7+500,59,-2.799988
7+500,60,-3.073289
7+500,61,-3.131565
7+500,62,-2.859737
7+500,63,-3.112597
7+500,64,-2.838693
7+500,65,-3.038131
7+500,66,-2.916225
7+500,67,-3.202232
7+500,68,-2.93807
7+500,69,-3.024116
7+500,70,-2.956696
7+500,71,-3.165993
7+500,72,-2.881563
7+500,73,-2.818601
7+500,74,-3.14163
7+500,75,-3.202143
7+500,76,-3.238181
7+500,77,-2.929014
7+500,78,-2.946453
7+500,79,-2.976651
7+500,80,-3.134026
7+500,81,-3.054547
7+500,82,-2.952762
7+500,83,-3.001617
7+500,84,-2.756107
7+500,85,-3.18178
7+500,86,-2.902428
7+500,87,-3.047841
7+500,88,-3.0359
7+500,89,-2.891201
7+500,90,-2.903782
7+500,91,-2.754372
7+500,92,-3.185803
7+500,93,-3.197945
7+500,94,-2.887831
7+500,95,-2.960807
7+500,96,-3.11292
7+500,97,-3.21029
7+500,98,-3.207171
7+500,99,-2.802905
7+500,100,-2.622167587
7+500,101,-2.622167587
7+500,102,-2.575242519
7+500,103,-2.575242519
7+500,104,-2.575242519
7+500,105,-2.575242519
7+500,106,-2.575242519
7+500,107,-2.575242519
7+500,108,-2.575242519
7+500,109,-2.575242519
7+500,110,-2.582143784
7+500,111,-2.582143784
7+500,112,-2.582143784
7+500,113,-2.533041
7+500,114,-2.533041
7+500,115,-2.533041
7+500,116,-2.533041
7+500,117,-2.533041
7+500,118,-2.533041
7+500,119,-2.533041
7+500,120,-2.533041
7+500,121,-2.533041
7+500,122,-2.533041
7+500,123,-2.482383251
7+500,124,-2.482383251
7+500,125,-2.482383251
7+500,126,-2.482383251
7+500,127,-2.482383251
7+500,128,-2.482383251
7+500,129,-2.482383251
7+500,130,-2.482383251
7+500,131,-2.482383251
7+500,132,-2.482383251
7+500,133,-2.482383251
7+500,134,-2.430285454
7+500,135,-2.430285454
7+500,136,-2.430285454
7+500,137,-2.430285454
7+500,138,-2.430285454
7+500,139,-2.430285454
7+500,140,-2.435609818
7+500,141,-2.435609818
7+500,142,-2.435609818
7+500,143,-2.435609818
7+500,144,-2.435609818
7+500,145,-2.380446196
7+500,146,-2.380446196
7+500,147,-2.380446196
7+500,148,-2.380446196
7+500,149,-2.380446196
7+500,150,-2.380446196
7+500,151,-2.380446196
7+500,152,-2.380446196
7+500,153,-2.380446196
7+500,154,-2.380446196
7+500,155,-2.32378149
7+500,156,-2.32378149
7+500,157,-2.32378149
7+500,158,-2.32378149
7+500,159,-2.32378149
7+500,160,-2.32378149
7+500,161,-2.32378149
7+500,162,-2.32378149
7+500,163,-2.32378149
7+500,164,-2.32378149
7+500,165,-2.32378149
7+500,166,-2.265934467
7+500,167,-2.265934467
7+500,168,-2.265934467
7+500,169,-2.265934467
7+500,170,-2.265934467
7+500,171,-2.267921209
7+500,172,-2.267921209
7+500,173,-2.267921209
7+500,174,-2.267921209
7+500,175,-2.267921209
7+500,176,-2.206063747
7+500,177,-2.206063747
7+500,178,-2.206063747
7+500,179,-2.206063747
7+500,180,-2.206063747
7+500,181,-2.206063747
7+500,182,-2.206063747
7+500,183,-2.206063747
7+500,184,-2.206063747
7+500,185,-2.206063747
7+500,186,-2.206063747
7+500,187,-2.143379211
7+500,188,-2.143379211
7+500,189,-2.143379211
7+500,190,-2.143379211
7+500,191,-2.143379211
7+500,192,-2.143379211
7+500,193,-2.143379211
7+500,194,-2.143379211
7+500,195,-2.143379211
7+500,196,-2.143379211
7+500,197,-2.143379211
7+500,198,-2.080746174
7+500,199,-2.080746174
7+500,200,-2.080746174
7+500,201,-2.077960014
7+500,202,-2.077960014
7+500,203,-2.077960014
7+500,204,-2.077960014
7+500,205,-2.077960014
7+500,206,-2.077960014
7+500,207,-2.077960014
7+500,208,-2.010706902
7+500,209,-2.010706902
7+500,210,-2.010706902
7+500,211,-2.010706902
7+500,212,-2.010706902
7+500,213,-2.010706902
7+500,214,-2.010706902
7+500,215,-2.010706902
7+500,216,-2.010706902
7+500,217,-2.010706902
7+500,218,-2.010706902
7+500,219,-1.945269465
7+500,220,-1.945269465
7+500,221,-1.945269465
7+500,222,-1.945269465
7+500,223,-1.945269465
7+500,224,-1.945269465
7+500,225,-1.945269465
7+500,226,-1.945269465
7+500,227,-1.945269465
7+500,228,-1.945269465
7+500,229,-1.884467483
7+500,230,-1.884467483
7+500,231,-1.871544123
7+500,232,-1.871544123
7+500,233,-1.871544123
7+500,234,-1.871544123
7+500,235,-1.871544123
7+500,236,-1.871544123
7+500,237,-1.871544123
7+500,238,-1.871544123
7+500,239,-1.871544123
7+500,240,-1.808947206
7+500,241,-1.808947206
7+500,242,-1.808947206
7+500,243,-1.808947206
7+500,244,-1.808947206
7+500,245,-1.808947206
7+500,246,-1.808947206
7+500,247,-1.808947206
7+500,248,-1.808947206
7+500,249,-1.808947206
7+500,250,-1.76173377
7+500,251,-1.76173377
7+500,252,-1.76173377
7+500,253,-1.76173377
7+500,254,-1.76173377
7+500,255,-1.76173377
7+500,256,-1.76173377
7+500,257,-1.76173377
7+500,258,-1.76173377
7+500,259,-1.76173377
7+500,260,-1.76173377
7+500,261,-1.704654574
7+500,262,-1.704654574
7+500,263,-1.704654574
7+500,264,-1.704654574
7+500,265,-1.704654574
7+500,266,-1.704654574
7+500,267,-1.704654574
7+500,268,-1.704654574
7+500,269,-1.704654574
7+500,270,-1.704654574
7+500,271,-1.704654574
7+500,272,-1.709033966
7+500,273,-1.709033966
7+500,274,-1.709033966
7+500,275,-1.709033966
7+500,276,-1.709033966
7+500,277,-1.709033966
7+500,278,-1.709033966
7+500,279,-1.709033966
7+500,280,-1.709033966
7+500,281,-1.709033966
7+500,282,-1.731554866
7+500,283,-1.731554866
7+500,284,-1.731554866
7+500,285,-1.731554866
7+500,286,-1.731554866
7+500,287,-1.731554866
7+500,288,-1.731554866
7+500,289,-1.731554866
7+500,290,-1.731554866
7+500,291,-1.747790933
7+500,292,-1.747790933
7+500,293,-1.796871424
7+500,294,-1.796871424
7+500,295,-1.796871424
7+500,296,-1.796871424
7+500,297,-1.796871424
7+500,298,-1.796871424
7+500,299,-1.796871424
7+500,300,-1.796871424
7+500,301,-1.796871424
7+500,302,-1.796871424
7+500,303,-1.895599604
7+500,304,-1.895599604
7+500,305,-1.895599604
7+500,306,-1.895599604
7+500,307,-1.895599604
7+500,308,-1.895599604
7+500,309,-1.895599604
7+500,310,-1.895599604
7+500,311,-1.895599604
7+500,312,-1.895599604
7+500,313,-1.895599604
7+500,314,-2.003057003
7+500,315,-2.003057003
7+500,316,-2.003057003
7+500,317,-2.003057003
7+500,318,-2.003057003
7+500,319,-2.003057003
7+500,320,-2.003057003
7+500,321,-2.135359049
7+500,322,-2.135359049
7+500,323,-2.135359049
7+500,324,-2.135359049
7+500,325,-2.19914484
7+500,326,-2.19914484
7+500,327,-2.19914484
7+500,328,-2.19914484
7+500,329,-2.19914484
7+500,330,-2.19914484
7+500,331,-2.19914484
7+500,332,-2.19914484
7+500,333,-2.19914484
7+500,334,-2.19914484
7+500,335,-2.031250715
7+500,336,-2.031250715
7+500,337,-2.031250715
7+500,338,-2.031250715
7+500,339,-2.031250715
7+500,340,-2.031250715
7+500,341,-2.031250715
7+500,342,-2.031250715
7+500,343,-2.031250715
7+500,344,-2.031250715
7+500,345,-2.031250715
7+500,346,-1.64457047
7+500,347,-1.64457047
7+500,348,-1.64457047
7+500,349,-1.64457047
7+500,350,-1.64457047
7+500,351,-1.392336726
7+500,352,-1.392336726
7+500,353,-1.392336726
7+500,354,-1.392336726
7+500,355,-1.392336726
7+500,356,-0.773989499
7+500,357,-0.773989499
7+500,358,-0.773989499
7+500,359,-0.773989499
7+500,360,-0.773989499
7+500,361,-0.773989499
7+500,362,-0.773989499
7+500,363,-0.773989499
7+500,364,-0.773989499
7+500,365,-0.773989499
7+500,366,-0.773989499
7+500,367,-0.091881663
7+500,368,-0.091881663
7+500,369,-0.091881663
7+500,370,-0.091881663
7+500,371,-0.091881663
7+500,372,-0.091881663
7+500,373,-0.091881663
7+500,374,-0.091881663
7+500,375,-0.091881663
7+500,376,-0.091881663
7+500,377,-0.091881663
7+500,378,0.558983386
7+500,379,0.558983386
7+500,380,0.558983386
7+500,381,0.77391398
7+500,382,0.77391398
7+500,383,0.77391398
7+500,384,0.77391398
7+500,385,0.77391398
7+500,386,0.77391398
7+500,387,0.77391398
7+500,388,1.279788494
7+500,389,1.279788494
7+500,390,1.279788494
7+500,391,1.279788494
7+500,392,1.279788494
7+500,393,1.279788494
7+500,394,1.279788494
7+500,395,1.279788494
7+500,396,1.279788494
7+500,397,1.279788494
7+500,398,1.279788494
7+500,399,1.700582981
7+500,400,1.700582981
7+500,401,1.700582981
7+500,402,1.700582981
7+500,403,1.700582981
7+500,404,1.700582981
7+500,405,1.700582981
7+500,406,1.700582981
7+500,407,1.700582981
7+500,408,1.700582981
7+500,409,2.03030467
7+500,410,2.03030467
7+500,411,2.124209404
7+500,412,2.124209404
7+500,413,2.124209404
7+500,414,2.124209404
7+500,415,2.124209404
7+500,416,2.124209404
7+500,417,2.124209404
7+500,418,2.124209404
7+500,419,2.124209404
7+500,420,2.327938795
7+500,421,2.327938795
7+500,422,2.327938795
7+500,423,2.327938795
7+500,424,2.327938795
7+500,425,2.327938795
7+500,426,2.327938795
7+500,427,2.327938795
7+500,428,2.327938795
7+500,429,2.327938795
7+500,430,2.327938795
7+500,431,2.425033092
7+500,432,2.425033092
7+500,433,2.425033092
7+500,434,2.425033092
7+500,435,2.425033092
7+500,436,2.425033092
7+500,437,2.425033092
7+500,438,2.425033092
7+500,439,2.425033092
7+500,440,2.425033092
7+500,441,2.425033092
7+500,442,2.425033092
7+500,443,2.425033092
7+500,444,2.425033092
7+500,445,2.425033092
7+500,446,2.425033092
7+500,447,2.425033092
7+500,448,2.425033092
7+500,449,2.425033092
7+500,450,2.425033092
7+500,451,2.425033092
7+500,452,2.425033092
7+500,453,2.425033092
7+500,454,2.425033092
7+500,455,2.425033092
7+500,456,2.425033092
7+500,457,2.425033092
7+500,458,2.425033092
7+500,459,2.425033092
7+500,460,2.425033092
7+500,461,2.425033092
7+500,462,2.425033092
7+500,463,2.425033092
7+500,464,2.425033092
7+500,465,2.425033092
7+500,466,2.425033092
7+500,467,2.425033092
7+500,468,2.425033092
7+500,469,2.425033092
7+500,470,2.425033092
7+500,471,2.425033092
7+500,472,2.425033092
7+500,473,2.425033092
7+500,474,2.425033092
7+500,475,2.425033092
7+500,476,2.425033092
7+500,477,2.425033092
7+500,478,2.425033092
7+500,479,2.425033092
7+500,480,2.425033092
7+500,481,2.425033092
7+500,482,2.425033092
7+500,483,2.425033092
7+500,484,2.425033092
7+500,485,2.425033092
7+500,486,2.425033092
7+500,487,2.425033092
7+500,488,2.425033092
7+500,489,2.425033092
7+500,490,2.425033092
7+500,491,2.425033092
7+500,492,2.425033092
7+500,493,2.425033092
7+500,494,2.425033092
7+500,495,2.425033092
7+500,496,2.425033092
7+500,497,2.425033092
7+500,498,2.425033092
7+500,499,2.425033092
7+500,500,2.425033092
